Shipment_ID,Order_Date,Ship_Date,Expected_Delivery,Actual_Delivery,Carrier,Origin_Region,Destination_Region,Route,Shipping_Mode,Distance_KM,Delay_Reason,Shipment_Status,Shipping_Cost,Priority
SHP001422,11-Jul-25,13-07-2025,20-Jul-25,19-Jul-25,ParcelPro,North,West,North-West,Rail,1400,,Delivered,1062.97,Standard
SHP004180,11-03-2025,12-Mar-25,16-03-2025,18-03-2025,ParcelPro,North,East,North-East,Air,2340,Weather,Delivered,3405.8,Economy
SHP005714,09-10-2025,13-Sep-25,09/21/2025,09/21/2025,SwiftShip,Central,North,Central-North,Road,1780,,Delivered,2364.04,Standard
SHP005281,06/16/2025,18-Jun-25,06/21/2025,21-Jun-25,RoadRunner,North,Central,North-Central,Air,"2,190 km",,Delivered,4217.61,Express
SHP005760,04/29/2025,30-04-2025,07-May-25,,SwiftShip,Central,South,Central-South,Road,1330,Traffic,In Transit,1144.76,Express
SHP001766,03-Oct-25,04-10-2025,10-10-2025,10-10-2025,RoadRunner,East,North,East-North,Road,1580,,Delivered,2293.41,Express
SHP000198,05/16/2025,05/19/2025,24-May-25,22-05-2025,RoadRunner,East,North,East-North,Air,1900,,Delivered,3912.28,Standard
SHP001515,26-11-2025,28-Nov-25,03-Dec-25,01-12-2025,RoadRunner,South,East,South-East,Air,2290,,Delivered,5503.56,Express
SHP001430,07-09-2025,12-07-2025,22-Jul-25,20-07-2025,ParcelPro,Central,West,Central-West,Road,2260,,Delivered,2736.73,Standard
SHP001483,22-01-2025,24-Jan-25,28-01-2025,31-01-2025,MetroLogix,East,West,East-West,Air,350,Warehouse Backlog,Delivered,511.94,Express
SHP006144,03/25/2025,03/27/2025,03/31/2025,31-Mar-25,MetroLogix,Central,East,Central-East,Rail,140,,Delivered,166,Economy
SHP003906,03/31/2025,01-04-2025,08-04-2025,,MetroLogix,North,West,North-West,Road,1580,Capacity Constraint,Cancelled,1647.65,Standard
SHP005736,27-04-2025,04/29/2025,04-May-25,05-03-2025,RoadRunner,Central,East,Central-East,Rail,750,,Delivered,599.39,Standard
SHP002782,22-Apr-25,04/25/2025,04-05-2025,,SkyFreight,South,East,South-East,Road,2310,,In Transit,2841.56,Express
SHP006259,23-06-2025,25-Jun-25,07-01-2025,30-06-2025,SwiftShip,East,South,East-South,Road,1040,,Delivered,928.32,Standard
SHP005718,06-Oct-25,09-10-2025,13-Oct-25,13-Oct-25,SkyFreight,Central,North,Central-North,Air,2190,,Delivered,4922.6,Standard
SHP001529,07-Nov-25,11-09-2025,11-Nov-25,11/18/2025,MetroLogix,Central,South,Central-South,Air,820,Traffic,Delivered,1028.64,Economy
SHP002615,07/17/2025,07/19/2025,24-Jul-25,24-07-2025,RoadRunner,South,Central,South-Central,Road,500,,Delivered,490.47,Express
SHP001774,10-04-2025,12-04-2025,18-Apr-25,17-Apr-25,SwiftShip,South,East,South-East,Road,1570,,Delivered,1524.62,Economy
SHP005851,18-12-2025,20-12-2025,24-12-2025,28-Dec-25,SwiftShip,South,North,South-North,Air,1650,Weather,Delivered,1924.57,Economy
SHP003170,07-01-2025,07-03-2025,12-Jul-25,12-07-2025,MetroLogix,Central,East,Central-East,Road,2230,,Delivered,1869.5,Economy
SHP003834,21-02-2025,24-Feb-25,03-03-2025,03-08-2025,SwiftShip,West,South,West-South,Rail,1760,Capacity Constraint,Delivered,1864.25,Express
SHP001324,04-04-2025,04-07-2025,04/16/2025,04/17/2025,MetroLogix,East,North,East-North,Road,2040,Vehicle Issue,Delivered,2692.47,Economy
SHP002538,18-Feb-25,02/22/2025,03-02-2025,03-09-2025,MetroLogix,North,West,North-West,Road,2020,Vehicle Issue,Delivered,2672.54,Economy
SHP001941,08/30/2025,31-Aug-25,09-05-2025,09-10-2025,SwiftShip,Central,South,Central-South,Air,2290,Traffic,Undelivered,5415.46,Economy
SHP001500,16-Oct-25,17-10-2025,20-10-2025,10/23/2025,SkyFreight,East,South,East-South,Road,670,Capacity Constraint,Delivered,632.38,Economy
SHP004712,25-05-2025,26-05-2025,05/29/2025,28-05-2025,SkyFreight,Central,North,Central-North,Air,1400,,Delivered,1908.27,Economy
SHP001568,01-04-2025,02-04-2025,11-Apr-25,04-12-2025,SwiftShip,South,West,South-West,Road,1810,Traffic,Delivered,1991.66,Standard
SHP003634,31-Dec-25,01-02-2026,04-Jan-26,01-04-2026,SkyFreight,North,West,North-West,Road,380,,Delivered,614.92,Express
SHP001196,07-Jan-25,01-09-2025,16-Jan-25,17-01-2025,MetroLogix,South,Central,South-Central,Road,1510,Capacity Constraint,Delivered,2199.6,Economy
SHP003821,19-Mar-25,22-Mar-25,27-Mar-25,30-03-2025,SwiftShip,Central,East,Central-East,Road,1180,Warehouse Backlog,Delivered,1304.8,Economy
SHP004630,10-05-2025,07-Oct-25,15-10-2025,13-Oct-25,ParcelPro,West,South,West-South,Road,1380,,Delivered,1509,Express
SHP001280,27-11-2025,29-Nov-25,01-12-2025,02-Dec-25,ParcelPro,North,East,North-East,Road,390,Warehouse Backlog,Delivered,499.82,Standard
SHP004750,07-01-2025,03-07-2025,13-07-2025,11-Jul-25,SkyFreight,Central,West,Central-West,Road,2200,,Delivered,2335.54,Standard
SHP001335,01-Mar-25,03-Mar-25,06-Mar-25,03-06-2025,MetroLogix,Central,West,Central-West,Road,660,,Delivered,718.06,Economy
SHP004823,28-Aug-25,30-Aug-25,03-Sep-25,10-Sep-25,RoadRunner,South,East,South-East,Rail,620,Traffic,Delivered,682.51,Express
SHP002813,18-01-2025,19-Jan-25,01/29/2025,02-01-2025,RoadRunner,West,East,West-East,Road,2130,Vehicle Issue,Delivered,1758.97,Economy
SHP001570,06-Apr-25,08-04-2025,16-Apr-25,15-04-2025,MetroLogix,North,South,North-South,Road,2150,,Delivered,1919.04,Economy
SHP001621,17-11-2025,19-Nov-25,11/26/2025,26-11-2025,SkyFreight,South,East,South-East,Road,1340,,Delivered,1648.38,Economy
SHP004718,25-04-2025,27-Apr-25,30-Apr-25,30-Apr-25,SkyFreight,South,East,South-East,Air,850,,Delivered,1559.53,Standard
SHP006470,16-Feb-25,19-Feb-25,23-02-2025,23-Feb-25,ParcelPro,East,South,East-South,Road,740,,Delivered,1036.77,Economy
SHP006127,14-06-2025,18-Jun-25,06/25/2025,27-06-2025,MetroLogix,Central,North,Central-North,Road,1910,Weather,Delivered,1779.07,Economy
SHP001060,12-03-2025,03/14/2025,18-03-2025,22-Mar-25,SkyFreight,Central,East,Central-East,Air,2230,Vehicle Issue,Undelivered,5205.44,Express
SHP005557,03-Dec-25,05-Dec-25,11-12-2025,12-12-2025,SkyFreight,East,North,East-North,Road,1120,Warehouse Backlog,Delivered,1330.32,Express
SHP000869,15-12-2025,17-Dec-25,20-Dec-25,12/23/2025,RoadRunner,North,West,North-West,Road,140,Traffic,Delivered,207.61,Express
SHP002549,01/23/2025,25-01-2025,01/29/2025,29-01-2025,SwiftShip,East,West,East-West,Road,770,,Delivered,818.68,Express
SHP006464,01-12-2025,15-01-2025,01/21/2025,21-Jan-25,ParcelPro,West,South,West-South,Road,1610,,Delivered,1957.59,Standard
SHP003646,01-Oct-25,02-10-2025,10-10-2025,10-09-2025,SkyFreight,South,North,South-North,Road,2080,,Delivered,2596.07,Economy
SHP002149,23-Jan-25,25-Jan-25,02-Feb-25,,SwiftShip,South,North,South-North,Rail,2210,,Cancelled,1892.72,Express
SHP003026,05/17/2025,18-May-25,20-05-2025,20-05-2025,ParcelPro,North,South,North-South,Rail,510,,Delivered,390.41,Express
SHP003055,01-Mar-25,03-02-2025,03-06-2025,10-Mar-25,MetroLogix,West,East,West-East,Road,730,Vehicle Issue,Delivered,900.95,Express
SHP000031,04/23/2025,24-Apr-25,03-May-25,03-May-25,SwiftShip,Central,South,Central-South,Road,2290,,Delivered,2601.19,Economy
SHP005164,04-09-2025,11-Apr-25,14-Apr-25,16-Apr-25,RoadRunner,South,East,South-East,Road,260,Warehouse Backlog,Delivered,401.97,Express
SHP001330,20-Jun-25,22-06-2025,06/27/2025,30-06-2025,RoadRunner,South,East,South-East,Road,860,Customs,Delivered,1026.19,Express
SHP001604,01-Mar-25,03-03-2025,03-07-2025,06-Mar-25,MetroLogix,East,North,East-North,Air,1950,,Delivered,3245.46,Express
SHP004033,20-May-25,05/22/2025,05/26/2025,29-May-25,SwiftShip,East,South,East-South,Air,1690,Weather,Delivered,4009.02,Standard
SHP001027,09/17/2025,19-Sep-25,27-09-2025,09/30/2025,  METROLOGIX  ,East,West,East-West,Road,1810,Weather,Delivered,2249.19,Express
SHP001833,16-05-2025,20-May-25,26-05-2025,29-May-25,SwiftShip,North,East,North-East,Road,830,Customs,Delivered,1128.74,Express
SHP002591,10/19/2025,22-Oct-25,01-11-2025,05-11-2025,SwiftShip,Central,West,Central-West,Road,1970,Traffic,Delivered,2657.1,Economy
SHP001338,14-04-2025,16-04-2025,04/23/2025,,MetroLogix,West,East,West-East,Road,1520,,Cancelled,1331.59,Express
SHP002887,09/20/2025,09/23/2025,10-04-2025,09-10-2025,RoadRunner,West,Central,West-Central,Road,2360,Customs,Delivered,2123.22,Standard
SHP003652,12/30/2025,01-02-2026,01-04-2026,04-Jan-26,RoadRunner,North,Central,North-Central,Road,200,,Delivered,259.24,Standard
SHP001321,26-Oct-25,28-10-2025,06-11-2025,,SkyFreight,West,South,West-South,Road,1930,,In Transit,2418.4,Standard
SHP003768,30-Jan-25,01-02-2025,03-Feb-25,02-03-2025,ParcelPro,North,Central,North-Central,Air,290,,Delivered,732.7,Economy
SHP001764,15-Nov-25,18-Nov-25,11/23/2025,23-Nov-25,ParcelPro,Central,North,Central-North,Air,1370,,Delivered,1704.96,Economy
SHP000069,10/15/2025,17-10-2025,24-10-2025,24-10-2025,SwiftShip,Central,West,Central-West,Road,1300,,Delivered,1231.76,Standard
SHP004097,15-Oct-25,18-Oct-25,10/27/2025,10/27/2025,MetroLogix,Central,West,Central-West,Road,2270,,Delivered,2708.77,Express
SHP003930,05-Jun-25,06-07-2025,15-Jun-25,06/17/2025,RoadRunner,Central,North,Central-North,Rail,2190,Weather,Delivered,2011.63,Economy
SHP004140,13-06-2025,06/15/2025,26-Jun-25,27-06-2025,RoadRunner,West,South,West-South,Road,2330,Warehouse Backlog,Delivered,2057.55,Standard
SHP003694,27-05-2025,05/31/2025,03-Jun-25,05-Jun-25,ParcelPro,Central,West,Central-West,Air,1980,Weather,Delivered,3489.2,Express
SHP002789,13-Sep-25,15-09-2025,19-Sep-25,20-09-2025,MetroLogix,North,South,North-South,Air,2050,Warehouse Backlog,Delivered,3695.41,Express
SHP000192,02-Dec-25,04-12-2025,12-08-2025,11-12-2025,SkyFreight,North,West,North-West,Rail,930,Capacity Constraint,Delivered,659.08,Standard
SHP000973,03/17/2025,19-03-2025,23-03-2025,03/23/2025,SkyFreight,West,North,West-North,Rail,370,,Delivered,400.22,Standard
SHP004967,11-08-2025,10-Nov-25,13-11-2025,11/16/2025,ParcelPro,South,West,South-West,Air,1060,Customs,Delivered,2012.65,Economy
SHP003619,21-Jun-25,24-06-2025,06/29/2025,07-03-2025,SwiftShip,Central,East,Central-East,Air,1950,Weather,Delivered,4361.26,Economy
SHP000731,02-10-2025,13-02-2025,02/18/2025,18-02-2025,RoadRunner,West,East,West-East,Road,970,,Delivered,1234.7,Standard
SHP003523,19-02-2025,23-02-2025,03-02-2025,02/28/2025,SwiftShip,Central,North,Central-North,Road,1420,,Delivered,1725.71,Standard
SHP004772,26-02-2025,28-Feb-25,03-Mar-25,03-03-2025,RoadRunner,West,South,West-South,Road,300,,Delivered,339.82,Express
SHP006319,07-Aug-25,09-08-2025,08-12-2025,08-11-2025,SwiftShip,Central,North,Central-North,Road,140,,Delivered,197.46,Economy
SHP002648,04-May-25,05-06-2025,13-05-2025,14-May-25,MetroLogix,East,Central,East-Central,Road,1870,Capacity Constraint,Delivered,1756.02,Standard
SHP004296,28-Apr-25,04/30/2025,05-10-2025,13-May-25,RoadRunner,North,Central,North-Central,Road,2100,Warehouse Backlog,Delivered,2119.2,Standard
SHP002634,06/21/2025,24-06-2025,03-Jul-25,07-01-2025,SwiftShip,Central,North,Central-North,Road,1650,,Delivered,1673.67,Express
SHP004058,14-Nov-25,16-Nov-25,22-11-2025,11/22/2025,SkyFreight,South,North,South-North,Road,1190,,Delivered,1581.44,Standard
SHP005044,02-04-2025,02-05-2025,10-02-2025,02-10-2025,ParcelPro,North,East,North-East,Road,650,,Delivered,838.09,Express
SHP001207,28-03-2025,31-03-2025,04-06-2025,07-04-2025,SwiftShip,South,West,South-West,Road,1530,Traffic,Delivered,1844.7,Standard
SHP000710,15-Jul-25,07/17/2025,07/25/2025,07/25/2025,ParcelPro,East,North,East-North,Road,1800,,Delivered,2525.25,Economy
SHP004651,05-10-2025,12-05-2025,14-05-2025,14-05-2025,SkyFreight,Central,East,Central-East,Air,500,,Delivered,1279.5,Express
SHP005235,22-May-25,25-May-25,01-Jun-25,02-Jun-25,RoadRunner,South,Central,South-Central,Road,1250,Customs,Delivered,1607.1,Standard
SHP003182,04-11-2025,04-12-2025,04/23/2025,,SkyFreight,East,Central,East-Central,Road,2380,,In Transit,2324.45,Standard
SHP006414,28-07-2025,31-Jul-25,04-08-2025,07-08-2025,SkyFreight,West,Central,West-Central,Rail,840,Customs,Undelivered,705.39,Economy
SHP000757,28-Oct-25,30-Oct-25,11-03-2025,11-03-2025,  ROADRUNNER  ,East,South,East-South,Road,150,,Delivered,192.44,Express
SHP000957,09/22/2025,24-09-2025,02-Oct-25,30-Sep-25,SkyFreight,West,East,West-East,Road,2060,,Delivered,2283.11,Express
SHP000060,07/29/2025,08-01-2025,04-Aug-25,05-Aug-25,SkyFreight,West,East,West-East,Air,790,Warehouse Backlog,Delivered,1828.52,Economy
SHP002440,29-Jul-25,01-08-2025,07-Aug-25,,MetroLogix,East,North,East-North,Road,1230,Weather,Cancelled,1541.74,Express
SHP005371,05-10-2025,06-10-2025,14-Oct-25,16-Oct-25,ParcelPro,South,West,South-West,Road,1640,Capacity Constraint,Delivered,2105.21,Express
SHP003372,09-07-2025,09-09-2025,12-09-2025,13-Sep-25,SkyFreight,Central,South,Central-South,Road,530,Capacity Constraint,Delivered,468.12,Standard
SHP003483,21-02-2025,23-02-2025,02/26/2025,26-02-2025,SkyFreight,North,Central,North-Central,Road,360,,Delivered,545.99,Standard
SHP005948,30-Jul-25,02-Aug-25,08-10-2025,12-08-2025,SwiftShip,North,Central,North-Central,Rail,2280,Vehicle Issue,Delivered,2142.82,Standard
SHP001327,08-05-2025,12-May-25,15-May-25,05/16/2025,MetroLogix,Central,West,Central-West,Rail,900,Capacity Constraint,Delivered,568.55,Express
SHP002895,31-05-2025,06-01-2025,11-06-2025,11-06-2025,RoadRunner,South,Central,South-Central,Road,2280,,Delivered,2030.83,Express
SHP005391,07-04-2025,06-07-2025,09-Jul-25,07-10-2025,ParcelPro,North,Central,North-Central,Air,1020,Warehouse Backlog,Delivered,2057.8,Express
SHP002487,07/30/2025,01-Aug-25,04-Aug-25,07-08-2025,MetroLogix,East,South,East-South,Road,740,Warehouse Backlog,Delivered,989.44,Express
SHP006480,10-07-2025,10-10-2025,17-10-2025,17-Oct-25,RoadRunner,North,East,North-East,Rail,1690,,Delivered,1933.18,Standard
SHP005177,08-06-2025,10-Aug-25,14-08-2025,14-08-2025,MetroLogix,Central,South,Central-South,Air,1570,,Delivered,1926.66,Economy
SHP006299,21-Dec-25,23-12-2025,28-Dec-25,04-01-2026,MetroLogix,West,North,West-North,Road,510,Customs,Delivered,734.99,Express
SHP000171,04-06-2025,08-04-2025,12-04-2025,04-11-2025,MetroLogix,Central,West,Central-West,Road,850,,Delivered,1249.3,Express
SHP003592,29-Jun-25,06/30/2025,07-10-2025,11-07-2025,ParcelPro,Central,West,Central-West,Road,2250,Warehouse Backlog,Delivered,2525.78,Standard
SHP005090,18-06-2025,06/19/2025,06/23/2025,25-06-2025,RoadRunner,Central,North,Central-North,Road,240,Traffic,Delivered,318.21,Express
SHP001303,09-07-2025,12-07-2025,07/18/2025,18-Jul-25,ParcelPro,East,West,East-West,Road,1000,,Delivered,1006.92,Express
SHP004326,10/30/2025,11-01-2025,11-07-2025,07-11-2025,MetroLogix,Central,North,Central-North,Road,1550,,Delivered,1294.21,Standard
SHP001920,25-07-2025,28-07-2025,08-01-2025,08-01-2025,SkyFreight,East,North,East-North,Rail,730,,Delivered,821.25,Standard
SHP002201,01/30/2025,02-01-2025,07-Feb-25,06-02-2025,SkyFreight,North,East,North-East, road ,1520,,Delivered,2212.33,Express
SHP003142,01-Feb-25,05-02-2025,09-02-2025,02-09-2025,MetroLogix,East,South,East-South,Road,240,,Delivered,252.04,Standard
SHP004223,06-08-2025,08-07-2025,13-08-2025,08/13/2025,RoadRunner,West,East,West-East,Road,1440,,Delivered,1272.87,Standard
SHP005519,12-09-2025,14-Sep-25,22-Sep-25,,RoadRunner,South,East,South-East,Road,2180,Weather,In Transit,2992.78,Economy
SHP001993,09/23/2025,24-Sep-25,29-09-2025,28-09-2025,SwiftShip,North,West,North-West,Road,450,,Delivered,400.34,Economy
SHP000643,28-07-2025,07/30/2025,08-08-2025,10-08-2025,ParcelPro,East,Central,East-Central,Road,1750,Vehicle Issue,Delivered,2016.24,Standard
SHP005566,19-04-2025,04/22/2025,04/27/2025,31-12-2024,SkyFreight,East,Central,East-Central,Road,1030,Traffic,Delivered,909.39,Express
SHP000118,11-02-2025,05-11-2025,08-Nov-25,11-07-2025,MetroLogix,South,North,South-North,Road,390,,Delivered,450.54,Economy
SHP000067,05/20/2025,23-May-25,05/25/2025,,RoadRunner,North,Central,North-Central,Air,980,Capacity Constraint,Cancelled,2077.81,Standard
SHP000680,10-11-2025,11-11-2025,11/14/2025,21-Nov-25,RoadRunner,South,North,South-North,Road,140,Warehouse Backlog,Delivered,239.6,Express
SHP003086,10-Sep-25,09-12-2025,09/20/2025,09/19/2025,SkyFreight,Central,South,Central-South,Road,1870,,Delivered,2033.14,Economy
SHP005563,08-09-2025,09-11-2025,09/18/2025,09/20/2025,SwiftShip,South,North,South-North,Rail,1590,Weather,Delivered,1382.92,Economy
SHP001153,21-Sep-25,09/22/2025,09/26/2025,09/26/2025,MetroLogix,West,East,West-East,Air,710,,Delivered,917.23,Express
SHP002297,28-10-2025,30-Oct-25,11-07-2025,11-11-2025,RoadRunner,East,South,East-South,Road,1700,Capacity Constraint,Delivered,1358.12,Express
SHP000760,09-01-2025,11-01-2025,15-Jan-25,13-Jan-25,MetroLogix,North,West,North-West,Air,1050,,Delivered,2146.73,Standard
SHP004306,01/14/2025,17-01-2025,01/23/2025,01/23/2025,RoadRunner,West,South,West-South,Air,2320,,Delivered,4541.42,Economy
SHP006171,04/17/2025,20-Apr-25,25-Apr-25,25-04-2025,MetroLogix,North,Central,North-Central,Air,1920,,Undelivered,2943.78,Economy
SHP004543,07/26/2025,28-07-2025,02-Aug-25,02-Aug-25,ParcelPro,West,Central,West-Central,Road,1180,,Delivered,1280.79,Economy
SHP003969,13-01-2025,01/15/2025,22-01-2025,,MetroLogix,South,East,South-East,Road,1340,,Cancelled,1965.05,Express
SHP002844,16-10-2025,17-Oct-25,10/22/2025,23-10-2025,MetroLogix,South,West,South-West,Rail,1040,Vehicle Issue,Delivered,1044.72,Standard
SHP001511,11-06-2025,14-Jun-25,17-06-2025,06/16/2025,MetroLogix,East,South,East-South,Air,1810,,Delivered,2589.63,Economy
SHP001761,10-10-2025,12-Oct-25,10/16/2025,15-10-2025,SkyFreight,East,South,East-South,Air,1400,,Delivered,1641.75,Express
SHP006113,09-09-2025,09-11-2025,20-Sep-25,22-09-2025,RoadRunner,East,West,East-West,Road,2270,Capacity Constraint,Delivered,1765.41,Express
SHP002417,07-02-2025,11-02-2025,20-Feb-25,02/20/2025,ParcelPro,West,South,West-South,Rail,2360,,Delivered,1968.14,Economy
SHP004890,07-06-2025,10-06-2025,13-Jun-25,12-06-2025,MetroLogix,East,North,East-North,Road,620,,Delivered,765.62,Standard
SHP001801,02-01-2025,05-Jan-25,12-01-2025,01/14/2025,SkyFreight,North,East,North-East,Road,1890,Customs,Delivered,1495.67,Standard
SHP004403,08/21/2025,22-08-2025,31-08-2025,02-Sep-25,RoadRunner,South,Central,South-Central,Road,1680,Capacity Constraint,Delivered,1975.54,Economy
SHP000051,28-05-2025,30-05-2025,06-06-2025,06-07-2025,SkyFreight,South,North,South-North,Rail,1400,Capacity Constraint,Delivered,1294.24,Economy
SHP002012,06-07-2025,07-09-2025,13-Jul-25,23-07-2025,MetroLogix,North,East,North-East,Road,1000,Warehouse Backlog,Delivered,1346.75,Economy
SHP003444,16-02-2025,18-02-2025,26-Feb-25,03-05-2025,MetroLogix,Central,West,Central-West, road ,1500,Weather,Delivered,1405.46,Economy
SHP004547,12-Jun-25,14-Jun-25,16-Jun-25,17-Jun-25,SwiftShip,Central,North,Central-North,Rail,140,Capacity Constraint,Delivered,202.6,Standard
SHP004420,06-01-2025,06-03-2025,06-Jun-25,06-07-2025,MetroLogix,East,Central,East-Central,Air,690,Customs,Delivered,978.29,Express
SHP004101,30-Jun-25,03-07-2025,07-11-2025,07/14/2025,RoadRunner,West,North,West-North,Road,2090,Capacity Constraint,Delivered,2678.55,Express
SHP004721,05-10-2025,10-07-2025,14-Oct-25,13-10-2025,RoadRunner,North,Central,North-Central,Road,1910,,Delivered,2188.92,Standard
SHP003306,02-Mar-25,03-Mar-25,08-Mar-25,07-Mar-25,MetroLogix,South,Central,South-Central,Road,830,,Delivered,845.13,Express
SHP004661,14-Mar-25,17-03-2025,20-Mar-25,19-03-2025,RoadRunner,East,South,East-South,Road,450,,Delivered,630.18,Economy
SHP001071,11/16/2025,18-Nov-25,21-Nov-25,23-Nov-25,ParcelPro,North,East,North-East,Road,210,Traffic,Delivered,359.08,Economy
SHP001217,14-Dec-25,12/16/2025,21-Dec-25,,MetroLogix,Central,East,Central-East,Air,1640,Traffic,In Transit,3239.33,Standard
SHP006119,23-Jul-25,25-07-2025,07/28/2025,07-08-2025,MetroLogix,West,Central,West-Central,Road,150,Weather,Delivered,265.28,Express
SHP003154,02-05-2025,05-May-25,09-May-25,05/16/2025,SkyFreight,West,South,West-South,Air,2090,Vehicle Issue,Delivered,4723.98,Standard
SHP005269,28-Apr-25,05-01-2025,05-09-2025,13-May-25,ParcelPro,East,North,East-North,Road,2230,Capacity Constraint,Delivered,2058.97,Standard
SHP004879,21-May-25,05/23/2025,28-05-2025,05/29/2025,SwiftShip,North,East,North-East,Road,550,Capacity Constraint,Delivered,556,Economy
SHP001291,23-02-2025,24-02-2025,26-Feb-25,25-02-2025,SwiftShip,Central,North,Central-North,Road,310,,Delivered,458.18,Economy
SHP006159,13-10-2025,10/17/2025,23-Oct-25,02-11-2025,RoadRunner,South,North,South-North,Road,1140,Weather,Delivered,1249.49,Express
SHP004739,06/21/2025,06/24/2025,07-03-2025,02-07-2025,SkyFreight,West,Central,West-Central,Road,2110,,Delivered,2572.36,Express
SHP002656,06-09-2025,09-08-2025,13-Sep-25,17-09-2025,ParcelPro,North,East,North-East,Road,1000,Warehouse Backlog,Delivered,882.11,Economy
SHP005598,08-Jan-25,01-10-2025,01/18/2025,01/19/2025,RoadRunner,East,West,East-West,Road,1980,Traffic,Delivered,2360.77,Express
SHP006295,02-06-2025,04-Jun-25,08-06-2025,10-06-2025,SwiftShip,East,Central,East-Central,Road,230,Capacity Constraint,Delivered,263.96,Economy
SHP002901,25-Feb-25,01-Mar-25,08-Mar-25,03-08-2025,SwiftShip,East,South,East-South,Road,1360,,Delivered,1794.63,Standard
SHP001536,03/27/2025,29-03-2025,05-04-2025,05-04-2025,MetroLogix,Central,West,Central-West,Road,1430,,Delivered,1754.43,Standard
SHP005671,27-04-2025,04/29/2025,03-05-2025,01-May-25,MetroLogix,North,East,North-East,Rail,370,,Delivered,470.87,Standard
SHP003667,07-06-2025,06-09-2025,18-Jun-25,25-Jun-25,ParcelPro,South,West,South-West,Road,1710,Capacity Constraint,Delivered,1329.83,Economy
SHP005561,23-12-2025,25-Dec-25,12/27/2025,12/26/2025,MetroLogix,South,East,South-East,Rail,140,,Delivered,170.31,Express
SHP000048,08-May-25,09-05-2025,15-05-2025,18-05-2025,MetroLogix,South,West,South-West,Road,1250,Vehicle Issue,Delivered,1474.03,Economy
SHP006107,07/25/2025,26-07-2025,02-Aug-25,08-07-2025,ParcelPro,Central,South,Central-South,Road,1250,Vehicle Issue,Delivered,993.12,Express
SHP003388,11/30/2025,01-12-2025,04-Dec-25,03-12-2025,SwiftShip,East,West,East-West,Air,1600,,Delivered,2336.49,Economy
SHP003854,04/13/2025,15-04-2025,18-Apr-25,19-Apr-25,RoadRunner,South,West,South-West,Rail,370,Vehicle Issue,Delivered,376.31,Standard
SHP006030,04-04-2025,04-07-2025,04-11-2025,04/13/2025,  ROADRUNNER  ,East,North,East-North,Road,800,Traffic,Delivered,1011.61,Standard
SHP005749,08/20/2025,22-08-2025,27-Aug-25,29-08-2025,SkyFreight,West,South,West-South,Road,710,Customs,Delivered,829.6,Standard
SHP003108,05/14/2025,05/16/2025,20-May-25,21-May-25,ParcelPro,West,South,West-South,Road,200,Warehouse Backlog,Undelivered,344.27,Standard
SHP002998,07/30/2025,31-07-2025,06-Aug-25,07-08-2025,ParcelPro,South,East,South-East,Road,1300,Capacity Constraint,Delivered,978.36,Express
SHP004898,01-Apr-25,04-04-2025,04-07-2025,14-04-2025,SwiftShip,Central,South,Central-South,Rail,920,Traffic,Delivered,987.37,Economy
SHP005058,15-May-25,18-May-25,22-May-25,20-May-25,MetroLogix,South,North,South-North,Road,710,,Delivered,1053.18,Express
SHP004669,19-Nov-25,11/20/2025,24-11-2025,11/24/2025,MetroLogix,East,West,East-West,Air,1940,,Delivered,3682.76,Express
SHP003791,28-08-2025,30-Aug-25,04-Sep-25,09-04-2025,ParcelPro,East,South,East-South,Air,1540,,Delivered,1943.37,Economy
SHP002047,25-Jan-25,28-Jan-25,04-02-2025,04-Feb-25,SkyFreight,South,North,South-North,Road,1280,,Delivered,1046.7,Economy
SHP001698,09/21/2025,23-09-2025,27-09-2025,29-09-2025,SkyFreight,South,East,South-East,Air,1000,Traffic,Delivered,1519.23,Standard
SHP002175,05-01-2025,01-07-2025,01/16/2025,01/16/2025,ParcelPro,North,East,North-East,Road,2020,,Delivered,1868.04,Economy
SHP001636,05-Jan-25,08-01-2025,13-01-2025,,SkyFreight,North,South,North-South,Rail,1650,,In Transit,1196.75,Standard
SHP003200,11/19/2025,20-Nov-25,22-11-2025,23-Nov-25,MetroLogix,South,East,South-East,Air,500,Customs,Delivered,653.26,Economy
SHP003908,05/28/2025,30-May-25,06-02-2025,,MetroLogix,North,Central,North-Central,Air,500,,In Transit,1102.4,Economy
SHP002302,02/26/2025,28-02-2025,03-04-2025,31-12-2024,MetroLogix,North,South,North-South,Road,490,Weather,Delivered,570.35,Economy
SHP000665,23-02-2025,27-02-2025,08-03-2025,10-03-2025,ParcelPro,South,West,South-West,Road,1970,Capacity Constraint,Delivered,1754.19,Express
SHP001692,12-10-2025,14-Oct-25,18-10-2025,10/20/2025,MetroLogix,East,South,East-South,Road,350,Traffic,Delivered,395.67,Economy
SHP006418,08/18/2025,19-08-2025,08/22/2025,09-01-2025,RoadRunner,North,South,North-South,Road,150,Warehouse Backlog,Delivered,191.59,Economy
SHP004045,22-Jan-25,01/25/2025,30-Jan-25,29-Jan-25,SwiftShip,North,South,North-South,Air,2140,,Delivered,3940.68,Express
SHP006267,18-Feb-25,20-Feb-25,02/24/2025,24-02-2025,RoadRunner,West,South,West-South,Road,810,,Delivered,654.53,Standard
SHP001984,19-Feb-25,02/22/2025,01-Mar-25,08-Mar-25,MetroLogix,East,West,East-West,Road,1890,Vehicle Issue,Delivered,2103.66,Standard
SHP006400,08-Nov-25,11-11-2025,14-11-2025,12-Nov-25,ParcelPro,West,East,West-East,Road,670,,Delivered,931.06,Standard
SHP006129,07/19/2025,21-07-2025,27-Jul-25,,ParcelPro,Central,South,Central-South,Road,1020,,In Transit,1219.79,Express
SHP001835,23-Feb-25,02/24/2025,02-03-2025,31-12-2024,SkyFreight,South,Central,South-Central,Road,1270,,Delivered,1058.24,Standard
SHP004182,13-Nov-25,11/14/2025,25-Nov-25,,SwiftShip,East,West,East-West,Road,2280,,Cancelled,1572.11,Economy
SHP003029,11-08-2025,13-Aug-25,20-08-2025,24-08-2025,  ROADRUNNER  ,South,North,South-North,Road,1170,Capacity Constraint,Undelivered,1254.33,Economy
SHP006373,30-Jan-25,02-02-2025,06-Feb-25,07-Feb-25,RoadRunner,Central,West,Central-West,Rail,1190,Customs,Delivered,1379.27,Express
SHP000624,18-04-2025,04/21/2025,27-Apr-25,01-05-2025,  SWIFTSHIP  ,East,North,East-North,Rail,1920,Capacity Constraint,Delivered,1807.84,Standard
SHP003845,13-Mar-25,15-03-2025,21-03-2025,24-03-2025,ParcelPro,North,East,North-East,Road,990,Weather,Delivered,908.45,Standard
SHP001183,03-01-2025,03-03-2025,09-03-2025,07-03-2025,SkyFreight,East,North,East-North,Road,910,,Delivered,705.74,Express
SHP000968,13-Aug-25,16-Aug-25,08/21/2025,,MetroLogix,South,East,South-East,Air,1560,,In Transit,2565.49,Economy
SHP000330,12/17/2025,20-Dec-25,12/24/2025,12/24/2025,SkyFreight,East,West,East-West,Road,1010,,Delivered,874.71,Economy
SHP005353,16-01-2025,01/17/2025,01/20/2025,20-Jan-25,ParcelPro,Central,South,Central-South,Road,280,,Delivered,346.34,Express
SHP004262,01-05-2025,03-05-2025,08-05-2025,05-08-2025,SwiftShip,South,North,South-North,Road,1300,,Delivered,1897.09,Standard
SHP001869,08/23/2025,08/24/2025,08/27/2025,08/29/2025,RoadRunner,West,North,West-North,Road,300,Weather,Delivered,444.46,Economy
SHP001347,03/24/2025,03/25/2025,01-Apr-25,04-04-2025,MetroLogix,West,Central,West-Central,Road,1420,Traffic,Delivered,1039.57,Express
SHP005910,21-01-2025,01/23/2025,01-02-2025,01-02-2025,ParcelPro,West,East,West-East,Road,1900,,Delivered,1872.56,Standard
SHP003636,16-02-2025,18-Feb-25,26-Feb-25,,ParcelPro,South,North,South-North,Rail,1810,,Cancelled,1384.19,Economy
SHP003982,01/27/2025,30-Jan-25,02-Feb-25,02-Feb-25,ParcelPro,South,West,South-West,Rail,670 km,,Delivered,808.49,Express
SHP003953,01/27/2025,30-Jan-25,01-Feb-25,02-01-2025,RoadRunner,South,Central,South-Central,Air,1100,,Delivered,2432.62,Standard
SHP006025,11/24/2025,25-11-2025,27-11-2025,04-Dec-25,SkyFreight,East,West,East-West,Air,230,Warehouse Backlog,Delivered,446.86,Economy
SHP001113,03-05-2025,06-Mar-25,16-Mar-25,16-Mar-25,SkyFreight,North,Central,North-Central,Road,2080,,Delivered,1543.22,Express
SHP003474,10-12-2025,13-Oct-25,20-10-2025,21-10-2025,SwiftShip,Central,West,Central-West,Road,1920,Capacity Constraint,Delivered,2534.65,Standard
SHP006013,04-Jul-25,07-07-2025,07/13/2025,20-Jul-25,RoadRunner,East,West,East-West,Road,"1,120 km",Customs,Delivered,1035.18,Express
SHP004068,02-04-2025,04-04-2025,04-07-2025,04-07-2025,ParcelPro,East,Central,East-Central,Road,560,,Delivered,601.04,Economy
SHP003420,04/21/2025,22-04-2025,04/25/2025,05-02-2025,ParcelPro,West,South,West-South,Rail,980,Capacity Constraint,Delivered,1039.63,Economy
SHP006325,14-09-2025,09/15/2025,19-09-2025,09/19/2025,ParcelPro,West,East,West-East,Air,2350,,Delivered,4504.46,Standard
SHP000714,09-01-2025,01-11-2025,22-01-2025,23-Jan-25,RoadRunner,South,East,South-East,Road,2280,Vehicle Issue,Delivered,2108.99,Express
SHP001681,31-Jan-25,02-02-2025,07-Feb-25,11-Feb-25,MetroLogix,East,North,East-North,Road,1300,Traffic,Delivered,1674.53,Express
SHP003233,01-02-2025,03-01-2025,06-01-2025,08-01-2025,SwiftShip,Central,East,Central-East,Road,710,Traffic,Delivered,659.08,Express
SHP001904,24-04-2025,26-04-2025,04/29/2025,30-Apr-25,MetroLogix,North,South,North-South,Road,630,Vehicle Issue,Delivered,858.08,Economy
SHP001340,03-10-2025,12-03-2025,21-03-2025,22-Mar-25,RoadRunner,West,East,West-East,Road,2280,Capacity Constraint,Delivered,2180.93,Express
SHP002909,01-12-2025,03-12-2025,12-10-2025,15-Dec-25,RoadRunner,West,North,West-North,Road,1270,Warehouse Backlog,Delivered,1686.94,Express
SHP000495,06-09-2025,07-09-2025,09/17/2025,27-09-2025,MetroLogix,West,North,West-North,Road,2400,Weather,Delivered,2635.57,Express
SHP002311,09-May-25,10-May-25,18-05-2025,25-May-25,ParcelPro,Central,South,Central-South,Road,1930,Traffic,Delivered,1661.22,Standard
SHP003152,07/17/2025,07/19/2025,07/21/2025,20-Jul-25,SkyFreight,East,South,East-South,Air,300,,Delivered,669.82,Standard
SHP004614,25-06-2025,06/29/2025,04-07-2025,14-Jul-25,RoadRunner,North,Central,North-Central,Air,1880,Warehouse Backlog,Delivered,3545.52,Express
SHP000359,01-Mar-25,02-03-2025,03-04-2025,04-Mar-25,RoadRunner,East,West,East-West,Road,230,,Delivered,370.34,Standard
SHP004582,01-10-2025,01/13/2025,15-Jan-25,15-01-2025,MetroLogix,North,South,North-South,Road,140,,Delivered,238.88,Express
SHP003560,28-05-2025,05/29/2025,02-Jun-25,,RoadRunner,South,Central,South-Central,Road,310,Customs,In Transit,421.9,Economy
SHP002505,16-Aug-25,08/18/2025,20-Aug-25,21-Aug-25,ParcelPro,East,North,East-North,Air,430,Customs,Delivered,831.75,Economy
SHP001129,03-08-2025,05-Aug-25,08-09-2025,07-Aug-25,ParcelPro,South,East,South-East,Air,1090,,Delivered,2222.78,Economy
SHP002199,08/14/2025,15-Aug-25,22-Aug-25,25-Aug-25,MetroLogix,West,South,West-South, road ,1860,Vehicle Issue,Delivered,1955.63,Express
SHP005907,23-01-2025,25-01-2025,02-01-2025,01-02-2025,SwiftShip,Central,West,Central-West,Road,1790,,Delivered,1562.92,Economy
SHP006500,27-Jun-25,28-06-2025,07-08-2025,11-Jul-25,ParcelPro,South,Central,South-Central,Road,1980,Warehouse Backlog,Delivered,1718.3,Express
SHP002521,02-08-2025,02-11-2025,15-Feb-25,13-02-2025,MetroLogix,West,Central,West-Central,Road,970,,Delivered,914.83,Economy
SHP004421,14-08-2025,08/16/2025,26-Aug-25,30-Aug-25,ParcelPro,East,Central,East-Central,Road,2080,Capacity Constraint,Delivered,2535.16,Standard
SHP000533,08/13/2025,15-08-2025,08/24/2025,24-Aug-25,RoadRunner,Central,East,Central-East,Road,2350,,Delivered,3087.95,Express
SHP000123,15-Dec-25,16-Dec-25,21-12-2025,20-Dec-25,ParcelPro,Central,East,Central-East,Road,920,,Delivered,1323.16,Economy
SHP000908,17-Mar-25,19-03-2025,03/23/2025,03/28/2025,MetroLogix,South,West,South-West,Road,920,Vehicle Issue,Delivered,884.49,Standard
SHP006028,13-07-2025,07/15/2025,07/19/2025,07/18/2025,RoadRunner,North,East,North-East,Rail,430,,Delivered,331.83,Express
SHP004885,12-07-2025,09-12-2025,14-12-2025,12/18/2025,ParcelPro,South,East,South-East,Rail,1340,Warehouse Backlog,Delivered,1413.21,Economy
SHP003204,22-Mar-25,23-03-2025,30-Mar-25,02-Apr-25,SwiftShip,North,West,North-West,Road,1330,Weather,Delivered,1595.6,Economy
SHP003952,27-10-2025,28-Oct-25,06-11-2025,11-06-2025,RoadRunner,North,South,North-South,Road,2020,,Delivered,2272.08,Standard
SHP000204,30-04-2025,04-05-2025,14-05-2025,05-12-2025,ParcelPro,East,North,East-North,Road,2200,,Delivered,2105.43,Economy
SHP001656,05/28/2025,30-05-2025,04-Jun-25,03-06-2025,SkyFreight,West,South,West-South,Rail,1650,,Delivered,1716.32,Economy
SHP004389,19-08-2025,08/21/2025,08/27/2025,08/27/2025,SkyFreight,South,North,South-North,Road,910,,Delivered,953.38,Express
SHP002528,12-Mar-25,16-Mar-25,21-03-2025,22-Mar-25,RoadRunner,East,North,East-North,Rail,1260,Capacity Constraint,Delivered,1264.86,Express
SHP002790,09-Apr-25,10-04-2025,18-Apr-25,25-Apr-25,ParcelPro,East,South,East-South,Rail,2250,Capacity Constraint,Delivered,2424.41,Express
SHP004529,09-10-2025,11-Sep-25,18-Sep-25,09/16/2025,SkyFreight,North,South,North-South,Road,1780,,Delivered,2174.59,Economy
SHP005886,04/15/2025,16-Apr-25,04/23/2025,04/27/2025,SwiftShip,West,East,West-East,Rail,2270,Weather,Delivered,2412.08,Standard
SHP005650,26-Apr-25,04/30/2025,05-05-2025,05-03-2025,SwiftShip,West,South,West-South,Road,650,,Delivered,756.63,Standard
SHP004016,15-Nov-25,11/17/2025,23-Nov-25,21-11-2025,MetroLogix,North,Central,North-Central,Air,2290,,Delivered,4461.6,Economy
SHP004224,12-04-2025,16-04-2025,04/20/2025,20-Apr-25,SkyFreight,Central,North,Central-North,Road,750,,Delivered,987.46,Economy
SHP004468,07-Sep-25,09-09-2025,09/16/2025,15-09-2025,SkyFreight,North,East,North-East,Road,1540,,Delivered,1676.92,Economy
SHP004432,09-07-2025,09-09-2025,12-09-2025,12-09-2025,MetroLogix,East,Central,Unknown-Route,Air,140,,Undelivered,267.56,Economy
SHP002996,28-Jun-25,30-Jun-25,05-07-2025,15-07-2025,ParcelPro,North,East,North-East, air ,2070,Traffic,Delivered,4517.54,Economy
SHP004200,03/28/2025,03/30/2025,02-04-2025,03-Apr-25,RoadRunner,East,West,East-West,Air,1560,Vehicle Issue,Delivered,3261.48,Standard
SHP000672,26-07-2025,27-07-2025,03-Aug-25,04-08-2025,MetroLogix,North,Central,North-Central,Road,1860,Weather,Delivered,2101.45,Standard
SHP003359,01-02-2025,01-03-2025,,03-Jan-25,MetroLogix,Central,West,Central-West,Road,290,,Delivered,393.38,Economy
SHP005873,21-09-2025,23-09-2025,26-09-2025,28-09-2025,SwiftShip,North,South,North-South,Air,1720,Traffic,Delivered,3990.89,Express
SHP006337,05/31/2025,06-04-2025,07-Jun-25,17-Jun-25,ParcelPro,South,East,South-East,Air,170,Capacity Constraint,Delivered,394.98,Standard
SHP000212,12-07-2025,07/13/2025,21-07-2025,07/22/2025,RoadRunner,East,West,East-West,Road,1690,Vehicle Issue,Delivered,1387.63,Standard
SHP003355,19-09-2025,21-Sep-25,01-Oct-25,09/30/2025,ParcelPro,North,West,North-West,Road,1960,,Delivered,2100.77,Standard
SHP003904,24-Oct-25,26-10-2025,10/31/2025,30-10-2025,SwiftShip,East,Central,East-Central,Road,890,,Delivered,1191.83,Economy
SHP004160,24-Jul-25,25-07-2025,28-Jul-25,28-Jul-25,SwiftShip,North,East,North-East,Air,1510,,Delivered,2251.66,Economy
SHP001203,02/16/2025,19-Feb-25,23-02-2025,02-Mar-25,MetroLogix,West,North,West-North,Road,600,Capacity Constraint,Delivered,556.91,Economy
SHP002110,09-06-2025,11-06-2025,06/13/2025,17-Jun-25,RoadRunner,West,North,West-North,Road,410,Traffic,Delivered,364.26,Express
SHP000879,27-07-2025,29-07-2025,04-Aug-25,04-Aug-25,SkyFreight,South,Central,South-Central,Road,1110,,Delivered,1252.67,Standard
SHP000080,26-11-2025,28-11-2025,06-Dec-25,10-Dec-25,SwiftShip,Central,North,Central-North,Road,1910,Traffic,Delivered,2273.15,Economy
SHP003661,03/18/2025,03/21/2025,03/27/2025,25-Mar-25,SkyFreight,Central,South,Central-South,Road,1470,,Delivered,1243.98,Economy
SHP003674,23-01-2025,25-01-2025,01/29/2025,01/30/2025,SkyFreight,South,North,South-North,Road,610,Capacity Constraint,Delivered,797.12,Economy
SHP002306,03-10-2025,04-Oct-25,08-Oct-25,10-11-2025,ParcelPro,Central,East,Central-East,Road,800,Customs,Delivered,1002.54,Express
SHP003558,09/28/2025,29-Sep-25,01-Oct-25,30-09-2025,SwiftShip,East,West,East-West,Rail,350,,Delivered,415.16,Standard
SHP002743,27-Jan-25,29-01-2025,02-02-2025,05-Feb-25,SwiftShip,West,Central,West-Central,Road,500,Traffic,Delivered,731.99,Economy
SHP004628,10-09-2025,11-Sep-25,16-Sep-25,14-09-2025,ParcelPro,West,South,West-South,Road,470,,Delivered,429.84,Standard
SHP004889,29-11-2025,01-Dec-25,12-10-2025,10-12-2025,MetroLogix,Central,West,Central-West,Road,2390,,Delivered,2217.75,Express
SHP003428,10-08-2025,12-Aug-25,19-Aug-25,19-Aug-25,SwiftShip,East,South,East-South,Road,1550,,Delivered,1802.79,Standard
SHP002874,14-04-2025,04/15/2025,04/19/2025,23-Apr-25,SwiftShip,Central,West,Central-West,Road,600,Traffic,Delivered,814.99,Standard
SHP005989,01-12-2025,14-Jan-25,01/21/2025,01/20/2025,SwiftShip,Central,West,Central-West,Road,1670,,Delivered,1653.59,Express
SHP000979,26-05-2025,05/27/2025,31-May-25,05/31/2025,SkyFreight,North,West,North-West,Air,1030,,Delivered,2287.9,Express
SHP004702,10-Aug-25,08/13/2025,15-08-2025,08/15/2025,SkyFreight,East,North,East-North,Air,590,,Delivered,843.47,Standard
SHP003867,03/29/2025,04-01-2025,03-04-2025,04-10-2025,RoadRunner,West,South,West-South,Air,1220,Capacity Constraint,Delivered,2311.55,Express
SHP004483,26-Jun-25,06/27/2025,30-Jun-25,06/30/2025,SkyFreight,North,South,North-South,Road,220,,Delivered,290.72,Economy
SHP004337,05-Mar-25,08-Mar-25,14-Mar-25,12-03-2025,RoadRunner,East,Central,East-Central,Rail,2150,,Delivered,1666.38,Express
SHP004408,29-03-2025,31-03-2025,05-Apr-25,15-04-2025,SkyFreight,Central,East,Central-East,Rail,1000,Warehouse Backlog,Delivered,984.66,Economy
SHP004354,11-06-2025,11-09-2025,15-11-2025,15-Nov-25,RoadRunner,West,Central,West-Central,Rail,1640,,Delivered,935.66,Standard
SHP001218,03-12-2025,12-05-2025,09-Dec-25,,ParcelPro,South,North,South-North,Road,980,Warehouse Backlog,Cancelled,1423.22,Standard
SHP000035,09-07-2025,08-Sep-25,17-Sep-25,19-Sep-25,  SWIFTSHIP  ,South,Central,South-Central,Road,1830,Traffic,Delivered,2012.58,Economy
SHP001547,07-07-2025,07-09-2025,16-Jul-25,23-07-2025,SkyFreight,West,North,West-North,Road,1420,Weather,Delivered,1614.66,Express
SHP004212,15-Dec-25,12/17/2025,23-Dec-25,12/21/2025,SkyFreight,West,North,Unknown-Route,Road,1260,,Delivered,1242.24,Standard
SHP002502,15-Oct-25,17-Oct-25,10/26/2025,24-Oct-25,ParcelPro,Central,North,Central-North,Road,1840,,Delivered,1689.24,Economy
SHP004736,29-06-2025,30-Jun-25,07-07-2025,07-07-2025,MetroLogix,South,North,South-North,Road,1730,,Delivered,2266,Economy
SHP002868,23-03-2025,25-Mar-25,03/28/2025,29-03-2025,SkyFreight,West,North,West-North,Air,1250,Weather,Delivered,1818.46,Standard
SHP004069,27-10-2025,10/29/2025,31-10-2025,30-10-2025,SwiftShip,South,West,South-West,Road,390,,Delivered,627.3,Express
SHP001519,07-12-2025,10-12-2025,13-12-2025,12/13/2025,RoadRunner,South,North,South-North,Air,1030,,Delivered,1794.1,Express
SHP003044,22-Dec-25,12/25/2025,31-Dec-25,12/30/2025,SwiftShip,West,North,West-North,Rail,1280,,Delivered,1027.51,Standard
SHP005857,31-Dec-25,02-01-2026,09-Jan-26,08-Jan-26,SwiftShip,West,North,West-North,Road,1840,,Delivered,1716.43,Standard
SHP005160,21-Mar-25,22-Mar-25,29-03-2025,03/29/2025,ParcelPro,East,Central,East-Central,Road,1080,,Delivered,1098.74,Economy
SHP004125,06-08-2025,09-08-2025,11-08-2025,08-10-2025,SwiftShip,South,North,South-North,Road,250,,Delivered,302.33,Economy
SHP005466,28-Mar-25,31-Mar-25,03-04-2025,06-04-2025,RoadRunner,Central,North,Central-North,Air,480,Capacity Constraint,Delivered,1030.92,Express
SHP001063,07-10-2025,09-Oct-25,10/14/2025,18-10-2025,SwiftShip,North,Central,North-Central,Road,1260,Vehicle Issue,Delivered,1595.06,Standard
SHP003272,20-Aug-25,08/22/2025,08/24/2025,08/29/2025,ParcelPro,South,Central,South-Central,Air,710,Customs,Delivered,1347.49,Standard
SHP000566,31-Jul-25,02-Aug-25,11-08-2025,18-Aug-25,SwiftShip,East,South,East-South,Road,2350,Traffic,Delivered,2471.49,Express
SHP004624,02/19/2025,02/22/2025,04-03-2025,03-07-2025,SwiftShip,Central,North,Central-North, road ,2170,Traffic,Delivered,1666.16,Standard
SHP002679,02-10-2025,05-10-2025,11-10-2025,10/14/2025,RoadRunner,North,West,North-West,Road,840,Traffic,Delivered,915.39,Economy
SHP000956,04-07-2025,06-07-2025,09-Jul-25,07-08-2025,SkyFreight,South,Central,South-Central,Rail,340,,Delivered,357.56,Economy
SHP000971,12-Nov-25,15-Nov-25,23-Nov-25,23-Nov-25,RoadRunner,North,Central,North-Central,Road,1520,,Delivered,1855.43,Economy
SHP001381,12/20/2025,22-Dec-25,01-Jan-26,31-12-2025,MetroLogix,East,Central,East-Central,Road,2110,,Delivered,2665.09,Economy
SHP001042,22-Mar-25,03/25/2025,30-03-2025,,SwiftShip,Central,West,Central-West,Road,820,Capacity Constraint,In Transit,1081.8,Economy
SHP003669,14-Aug-25,08/16/2025,20-Aug-25,20-08-2025,SkyFreight,South,West,South-West,Road,870,,Delivered,1280.19,Express
SHP001781,12-07-2025,10-Dec-25,14-12-2025,13-Dec-25,ParcelPro,East,West,East-West,Road,650,,Delivered,798.6,Economy
SHP004670,20-10-2025,22-Oct-25,10/31/2025,10/31/2025,ParcelPro,South,East,South-East,Road,2280,,Delivered,2770.1,Express
SHP004388,13-08-2025,14-Aug-25,22-Aug-25,01-Sep-25,SkyFreight,South,East,South-East,Road,1670,Capacity Constraint,Delivered,1199.16,Economy
SHP001823,11-Jan-25,01/13/2025,17-Jan-25,19-01-2025,MetroLogix,North,East,North-East,Air,2040,Capacity Constraint,Delivered,4178.34,Standard
SHP001769,28-01-2025,01-Feb-25,10-Feb-25,10-Feb-25,SwiftShip,North,West,North-West,Road,2180,,Delivered,2671.46,Express
SHP004537,02-08-2025,10-02-2025,02/13/2025,13-Feb-25,MetroLogix,East,Central,East-Central,Air,2190,,Delivered,3469.24,Economy
SHP002250,18-Feb-25,02/20/2025,27-02-2025,31-12-2024,SkyFreight,East,North,East-North,Road,1070,Vehicle Issue,Delivered,1029.9,Economy
SHP002466,10-12-2025,12-12-2025,19-Dec-25,19-12-2025,MetroLogix,West,Central,West-Central,Rail,2000,,Delivered,1844.14,Economy
SHP001704,07-01-2025,01-09-2025,12-01-2025,10-Jan-25,SkyFreight,Central,North,Central-North,Road,590,,Delivered,790.89,Express
SHP000301,17-05-2025,19-May-25,23-05-2025,23-05-2025,SkyFreight,South,North,South-North,Air,1040,,Delivered,2371.88,Economy
SHP005022,27-May-25,05/29/2025,03-Jun-25,06-06-2025,RoadRunner,South,Central,South-Central,Road,1220,Warehouse Backlog,Delivered,1037.12,Standard
SHP003581,26-07-2025,28-Jul-25,07/31/2025,08-01-2025,  SKYFREIGHT  ,West,North,West-North,Road,200,Customs,Delivered,366.89,Express
SHP004104,08/21/2025,22-08-2025,08/30/2025,29-08-2025,SkyFreight,West,South,West-South,Road,1830,,Delivered,1620.09,Economy
SHP006122,24-01-2025,01/26/2025,31-01-2025,01/29/2025,ParcelPro,East,Central,East-Central,Road,480,,Delivered,457.76,Economy
SHP004555,15-May-25,17-May-25,25-05-2025,25-05-2025,SkyFreight,East,South,East-South,Road,1360,,Delivered,1139.95,Standard
SHP003735,14-06-2025,15-Jun-25,06/17/2025,16-06-2025,SwiftShip,South,Central,South-Central,Road,170,,Delivered,203,Express
SHP001607,20-May-25,22-05-2025,28-05-2025,26-05-2025,SkyFreight,East,West,East-West,Road,1250,,Delivered,1182.66,Express
SHP005839,10-08-2025,12-Aug-25,17-Aug-25,16-Aug-25,SwiftShip,East,West,East-West,Road,1140,,Delivered,918.86,Standard
SHP002747,05-03-2025,04-05-2025,06-May-25,05-07-2025,SwiftShip,Central,South,Central-South,Air,950,Weather,Delivered,1146.74,Express
SHP004407,01-Dec-25,12-02-2025,10-12-2025,14-Dec-25,SwiftShip,South,North,South-North,Road,"1,390 km",Capacity Constraint,Delivered,1671.98,Express
SHP004410,30-Oct-25,10/31/2025,11-03-2025,11-03-2025,RoadRunner,East,South,East-South,Air,1600,,Delivered,2318.58,Standard
SHP000508,16-01-2025,01/19/2025,25-01-2025,04-02-2025,RoadRunner,South,East,South-East,Rail,1080,Weather,Delivered,929.89,Standard
SHP002640,17-02-2025,19-Feb-25,24-02-2025,25-02-2025,SkyFreight,East,Central,East-Central,Road,910,Weather,Delivered,854.97,Express
SHP005398,10-03-2025,10-04-2025,10-11-2025,11-10-2025,SwiftShip,West,North,West-North,Road,1310,,Delivered,1510.73,Express
SHP002495,11-03-2025,14-03-2025,16-03-2025,15-03-2025,MetroLogix,South,East,South-East,Air,1000,,Delivered,1565.11,Express
SHP003844,04/20/2025,23-Apr-25,05-02-2025,01-05-2025,ParcelPro,Central,South,Central-South,Road,2330,,Delivered,2445.84,Standard
SHP003886,30-12-2025,31-12-2025,07-01-2026,12-Jan-26,SwiftShip,East,South,East-South,Rail,1530,Weather,Delivered,1001.45,Express
SHP004113,15-Feb-25,17-02-2025,02/21/2025,03-Mar-25,SwiftShip,South,West,South-West,Air,130,Customs,Delivered,303.49,Standard
SHP006051,04-May-25,05-06-2025,12-May-25,19-May-25,ParcelPro,South,North,South-North,Road,880,Traffic,Delivered,1074.58,Economy
SHP005287,24-Jun-25,27-Jun-25,07-01-2025,01-07-2025,SkyFreight,North,Central,North-Central,Air,1510,,Delivered,2601.04,Economy
SHP006139,06-Nov-25,11-09-2025,11/13/2025,,SwiftShip,East,South,East-South,Air,1790,,In Transit,3110.13,Economy
SHP000883,29-09-2025,10-02-2025,04-Oct-25,07-10-2025,SwiftShip,East,West,East-West,Road,140,Traffic,Delivered,213.29,Express
SHP003291,26-Jun-25,06/28/2025,02-07-2025,01-Jul-25,SkyFreight,East,North,East-North,Road,620,,Delivered,884.68,Standard
SHP000539,27-11-2025,30-Nov-25,08-Dec-25,12/13/2025,RoadRunner,South,North,South-North,Road,2220,Customs,Delivered,3049.54,Standard
SHP001145,12/16/2025,12/19/2025,12/22/2025,12/24/2025,SkyFreight,Central,South,Central-South,Road,240,Warehouse Backlog,Delivered,322.25,Express
SHP006206,07/13/2025,17-Jul-25,26-Jul-25,29-Jul-25,SkyFreight,North,South,North-South,Road,2290,Capacity Constraint,Delivered,1783.44,Standard
SHP006347,09-06-2025,08-09-2025,09/19/2025,18-09-2025,ParcelPro,South,Central,South-Central,Road,2340,,Delivered,2814.15,Express
SHP001871,10-Jul-25,07/13/2025,21-07-2025,26-07-2025,RoadRunner,East,North,East-North,Road,2170,Weather,Delivered,2838.79,Express
SHP000294,23-Oct-25,24-Oct-25,10/28/2025,10/28/2025,SkyFreight,Central,South,Central-South,Rail,200,,Delivered,305.65,Express
SHP006489,10-12-2025,14-10-2025,18-Oct-25,20-10-2025,SwiftShip,South,Central,South-Central,Road,610,Capacity Constraint,Delivered,700.03,Economy
SHP002018,30-04-2025,02-05-2025,05-07-2025,05-09-2025,SkyFreight,Central,North,Central-North,Road,660,Customs,Delivered,789.7,Standard
SHP005087,20-06-2025,22-Jun-25,06/30/2025,,SkyFreight,North,East,North-East,Road,2090,,In Transit,2092.12,Economy
SHP003983,17-05-2025,18-05-2025,26-05-2025,,RoadRunner,South,North,South-North,Road,1680,,Cancelled,2250.17,Standard
SHP003197,25-May-25,27-05-2025,01-06-2025,06-01-2025,ParcelPro,South,West,South-West,Road,740,,Delivered,761.17,Economy
SHP001955,02/14/2025,17-02-2025,02/22/2025,22-02-2025,RoadRunner,West,Central,West-Central,Road,1290,,Delivered,1203.99,Economy
SHP004935,09-08-2025,10-Aug-25,13-Aug-25,18-08-2025,SwiftShip,North,Central,North-Central,Air,420,Warehouse Backlog,Delivered,681.07,Standard
SHP002610,01-02-2025,01-05-2025,01-10-2025,17-01-2025,SwiftShip,South,North,South-North,Road,780,Warehouse Backlog,Delivered,762.21,Express
SHP000725,12-Nov-25,13-11-2025,19-Nov-25,11/19/2025,RoadRunner,East,West,East-West,Rail,1160,,Delivered,1153.22,Economy
SHP004776,07-01-2025,09-01-2025,12-01-2025,01-11-2025,RoadRunner,Central,North,Central-North,Air,1540,,Delivered,3616.48,Express
SHP001230,26-Aug-25,28-Aug-25,01-09-2025,09-08-2025,SkyFreight,West,East,West-East,Road,890,Traffic,Delivered,1021.67,Express
SHP003349,18-Oct-25,20-Oct-25,24-Oct-25,27-Oct-25,ParcelPro,East,North,East-North,Road,270,Weather,Delivered,447.82,Express
SHP004562,27-08-2025,08/29/2025,09-05-2025,15-09-2025,RoadRunner,North,Central,North-Central,Road,1770,Vehicle Issue,Delivered,1715.32,Express
SHP006070,02-Apr-25,05-Apr-25,04-09-2025,09-Apr-25,MetroLogix,East,South,East-South,Road,570,,Undelivered,665.73,Express
SHP001490,24-Nov-25,11/25/2025,29-11-2025,30-Nov-25,SwiftShip,North,West,North-West,Road,980,Warehouse Backlog,Delivered,1070.61,Standard
SHP005122,19-Jun-25,20-Jun-25,28-Jun-25,06/30/2025,SwiftShip,North,West,North-West,Road,1970,Customs,Delivered,1539.55,Express
SHP006019,10-03-2025,03-12-2025,22-03-2025,03/23/2025,ParcelPro,Central,East,Central-East,Road,2020,Vehicle Issue,Delivered,2031.01,Express
SHP005918,12-Oct-25,16-10-2025,10/20/2025,10/19/2025,MetroLogix,North,Central,North-Central,Air,1010,,Undelivered,2460.75,Economy
SHP005792,06-04-2025,06-07-2025,11-Jun-25,10-Jun-25,MetroLogix,North,West,North-West,Road,810,,Delivered,622.65,Economy
SHP002048,08/28/2025,01-Sep-25,04-Sep-25,09-08-2025,SwiftShip,Central,North,Central-North,Rail,120,Warehouse Backlog,Delivered,168.94,Standard
SHP003576,26-06-2025,06/28/2025,05-Jul-25,07-10-2025,ParcelPro,North,East,North-East,Rail,2320,Customs,Delivered,2278.71,Express
SHP004007,04/13/2025,17-04-2025,04/24/2025,04/24/2025,SkyFreight,West,South,West-South,Rail,1440,,Delivered,1029.11,Standard
SHP004903,27-Oct-25,28-10-2025,03-11-2025,03-Nov-25,SkyFreight,West,Central,West-Central,Road,1260,,Delivered,1717.62,Economy
SHP005072,15-12-2025,19-Dec-25,26-12-2025,27-12-2025,SwiftShip,Central,West,Central-West,Road,1830,Vehicle Issue,Delivered,1348.88,Standard
SHP004144,23-04-2025,24-04-2025,03-05-2025,05-01-2025,ParcelPro,Central,East,Central-East,Road,1780,,Delivered,2344.28,Economy
SHP002402,12-09-2025,09/14/2025,19-Sep-25,19-09-2025,ParcelPro,Central,East,Central-East,Road,690,,Delivered,828.44,Economy
SHP006184,02-06-2025,02-09-2025,19-02-2025,02/19/2025,ParcelPro,West,South,West-South,Road,2210,,Delivered,2601.57,Standard
SHP006492,28-Apr-25,02-05-2025,11-05-2025,15-05-2025,RoadRunner,Central,East,Central-East,Road,2380,Capacity Constraint,Delivered,2007.9,Economy
SHP001174,16-02-2025,18-Feb-25,21-Feb-25,19-Feb-25,  ROADRUNNER  ,West,Central,West-Central,Road,590,,Delivered,537.51,Economy
SHP000705,29-04-2025,30-04-2025,06-05-2025,06-May-25,SkyFreight,East,North,East-North,Air,2390,,Delivered,3492.53,Standard
SHP004734,02/17/2025,02/20/2025,27-02-2025,28-Feb-25,SwiftShip,Central,South,Central-South,Road,1450,Customs,Delivered,1952.02,Express
SHP002940,08/22/2025,23-Aug-25,03-09-2025,09-03-2025,RoadRunner,North,Central,North-Central,Road,2340,,Delivered,2938.39,Standard
SHP000610,24-Nov-25,25-Nov-25,11/29/2025,06-12-2025,RoadRunner,North,West,North-West,Rail,250,Weather,Delivered,311.61,Express
SHP005848,05/19/2025,22-05-2025,30-May-25,,RoadRunner,North,South,North-South,Rail,2170,Warehouse Backlog,In Transit,1193.79,Economy
SHP000684,11-Oct-25,10-12-2025,20-Oct-25,10/20/2025,RoadRunner,North,East,North-East,Road,1720,,Delivered,1331.89,Express
SHP000202,06-May-25,08-05-2025,05-11-2025,11-May-25,MetroLogix,South,Central,South-Central,Road,340,,Delivered,374.53,Economy
SHP000054,06-11-2025,13-Jun-25,06/17/2025,,MetroLogix,East,Central,East-Central,Air,120,Vehicle Issue,Delivered,317.86,Standard
SHP004119,17-12-2025,12/19/2025,12/27/2025,12/31/2025,ParcelPro,East,South,Unknown-Route,Road,1890,Customs,Delivered,2332.39,Economy
SHP003091,02/21/2025,02/22/2025,05-03-2025,03-03-2025,SkyFreight,North,Central,North-Central,Road,2310,,Delivered,3062.52,Standard
SHP002438,31-Jul-25,08-02-2025,05-08-2025,05-08-2025,SkyFreight,East,North,East-North,Air,1160,,Delivered,2789.88,Economy
SHP000061,09-07-2025,10-09-2025,14-Sep-25,16-Sep-25,ParcelPro,East,West,East-West,Road,850,Capacity Constraint,Delivered,1198.77,Express
SHP000797,13-Mar-25,03/14/2025,20-Mar-25,21-Mar-25,ParcelPro,North,East,North-East,Rail,1560,Vehicle Issue,Delivered,1159.03,Express
SHP004316,11-04-2025,13-Apr-25,17-Apr-25,22-04-2025,SkyFreight,South,West,South-West,Road,260,Warehouse Backlog,Delivered,312.54,Express
SHP003596,14-Oct-25,17-10-2025,10/22/2025,25-10-2025,SwiftShip,Central,West,Central-West,Air,1760,Traffic,Delivered,4274.71,Standard
SHP006181,18-06-2025,20-Jun-25,30-Jun-25,04-07-2025,RoadRunner,North,East,North-East,Road,2340,Traffic,Delivered,2497.46,Express
SHP003282,05/18/2025,21-05-2025,27-05-2025,27-05-2025,SkyFreight,East,West,East-West,Rail,1230,,Delivered,916.24,Express
SHP000019,16-Oct-25,20-Oct-25,24-10-2025,27-Oct-25,MetroLogix,East,North,East-North,Road,1010,Vehicle Issue,Delivered,975.66,Economy
SHP004050,02/17/2025,19-02-2025,21-02-2025,24-Feb-25,ParcelPro,North,Central,North-Central,Air,520,Weather,Delivered,751.31,Economy
SHP005430,11/19/2025,11/21/2025,27-11-2025,27-Nov-25,ParcelPro,North,West,North-West,Road,1260,,Delivered,1201.2,Economy
SHP003900,08-09-2025,09-Sep-25,13-09-2025,11-09-2025,SwiftShip,Central,North,Central-North,Air,1740,,Delivered,2695.24,Economy
SHP000650,11/22/2025,24-Nov-25,11/29/2025,27-Nov-25,RoadRunner,West,Central,West-Central,Road,1230,,Delivered,1421.72,Economy
SHP004875,01/20/2025,23-Jan-25,01/30/2025,,RoadRunner,South,Central,South-Central,Rail,2300,,Cancelled,1478.5,Standard
SHP005960,13-09-2025,16-Sep-25,19-Sep-25,19-Sep-25,RoadRunner,South,East,South-East,Road,230,,Delivered,400.33,Standard
SHP000088,26-11-2025,11/28/2025,12-01-2025,01-12-2025,RoadRunner,Central,North,Central-North,Road,290,,Delivered,355.05,Express
SHP002599,06-07-2025,09-06-2025,15-Jun-25,,RoadRunner,North,Central,North-Central,Air,2300,Traffic,In Transit,4943.81,Standard
SHP001211,24-Aug-25,26-Aug-25,29-08-2025,08/30/2025,MetroLogix,Central,East,Central-East,Road,450,Weather,Undelivered,612.89,Express
SHP003673,21-May-25,24-05-2025,27-May-25,05/27/2025,ParcelPro,West,East,West-East,Air,560,,Delivered,1243.97,Express
SHP000806,08-05-2025,10-05-2025,18-05-2025,,SkyFreight,Central,North,Central-North,Road,2050,,Cancelled,2145.9,Express
SHP006453,28-Feb-25,03-Mar-25,13-03-2025,03/13/2025,RoadRunner,North,Central,North-Central,Road,2220,,Delivered,2204.94,Standard
SHP001524,11-02-2025,04-11-2025,11-06-2025,09-Nov-25,ParcelPro,Central,South,Central-South,Air,980,Warehouse Backlog,Delivered,1189.37,Standard
SHP004369,17-Dec-25,19-12-2025,25-12-2025,,MetroLogix,Central,North,Central-North,Road,1200,Warehouse Backlog,In Transit,1408.23,Economy
SHP002674,01/18/2025,20-Jan-25,28-Jan-25,26-Jan-25,ParcelPro,South,East,South-East,Road,1910,,Delivered,2410.93,Express
SHP004508,17-03-2025,20-Mar-25,29-Mar-25,30-03-2025,ParcelPro,East,West,East-West,Road,2340,Capacity Constraint,Delivered,3108.89,Standard
SHP006404,27-Jun-25,06/29/2025,09-07-2025,11-07-2025,SkyFreight,East,West,East-West,Road,2360,Warehouse Backlog,Delivered,2616.61,Economy
SHP006163,02/14/2025,15-Feb-25,22-Feb-25,22-Feb-25,ParcelPro,West,Central,West-Central,Road,1950,,Delivered,2020.51,Express
SHP003103,11-08-2025,10-11-2025,12-Nov-25,10-11-2025,MetroLogix,West,South,West-South,Road,440,,Delivered,498.63,Standard
SHP006194,04-Apr-25,06-Apr-25,09-04-2025,,ParcelPro,Central,South,Central-South,Road,630,,Cancelled,680.34,Express
SHP001730,06/29/2025,07-02-2025,07-05-2025,05-Jul-25,MetroLogix,East,West,East-West,Road,280,,Delivered,331.85,Standard
SHP000494,08/31/2025,09-01-2025,09-06-2025,05-09-2025,SwiftShip,West,South,West-South,Road,1160,,Delivered,946.44,Express
SHP005455,09/19/2025,21-09-2025,25-Sep-25,09/25/2025,MetroLogix,North,Central,North-Central,Rail,620,,Delivered,$699.23,Economy
SHP002463,18-Apr-25,04/22/2025,29-Apr-25,04/28/2025,RoadRunner,Central,West,Central-West,Road,1910,,Delivered,1405.45,Economy
,26-07-2025,29-Jul-25,03-Aug-25,10-Aug-25,SwiftShip,East,Central,East-Central,Road,640,Traffic,Delivered,612.4,Economy
SHP000454,22-Oct-25,23-10-2025,10/28/2025,10/30/2025,MetroLogix,West,North,West-North,Air,2080,Warehouse Backlog,Delivered,3657.03,Standard
SHP001405,30-Apr-25,01-May-25,03-05-2025,03-05-2025,SkyFreight,West,East,West-East,Rail,140,,Delivered,222.15,Standard
SHP005201,06-01-2025,09-Jan-25,13-Jan-25,11-Jan-25,SkyFreight,East,South,East-South,Air,1390,,Delivered,2357.9,Standard
SHP001076,07/15/2025,07/18/2025,07/25/2025,24-Jul-25,MetroLogix,North,Central,North-Central,Road,1840,,Delivered,1758.83,Standard
SHP006463,23-04-2025,04/25/2025,03-May-25,05-07-2025,SkyFreight,Central,East,Central-East,Road,1600,Weather,Delivered,1589.77,Standard
SHP005311,12/26/2025,28-12-2025,01-02-2026,01-03-2026,SkyFreight,North,South,North-South,Air,1730,Warehouse Backlog,Delivered,4100.36,Economy
SHP005845,07-11-2025,09-Nov-25,17-11-2025,11/18/2025,RoadRunner,East,North,East-North,Road,1920,Vehicle Issue,Delivered,2685.27,Economy
SHP004024,22-May-25,05/25/2025,05/29/2025,31-May-25,SwiftShip,North,South,North-South,Rail,1250,Warehouse Backlog,Delivered,1443.43,Express
SHP000852,11/18/2025,20-11-2025,23-Nov-25,,RoadRunner,South,North,South-North,Air,790,,In Transit,1285.43,Standard
SHP004526,12-Nov-25,16-Nov-25,11/21/2025,25-Nov-25,SkyFreight,Central,South,Central-South,Rail,710,Traffic,Delivered,492.42,Economy
SHP005881,03/26/2025,28-03-2025,02-Apr-25,04-04-2025,SkyFreight,West,Central,West-Central,Road,930,Warehouse Backlog,Delivered,1122.68,Express
SHP002890,02/16/2025,18-02-2025,02/21/2025,25-Feb-25,MetroLogix,South,East,South-East,Air,930,Weather,Delivered,2096.51,Economy
SHP005696,19-10-2025,21-Oct-25,26-Oct-25,29-Oct-25,SkyFreight,West,East,West-East,Road,670,Warehouse Backlog,Delivered,908.16,Express
SHP002248,12-12-2025,14-Dec-25,18-12-2025,20-12-2025,SwiftShip,North,West,North-West,Road,530,Customs,Delivered,462.46,Standard
SHP002884,08/24/2025,08/28/2025,09-06-2025,08-Sep-25,ParcelPro,East,Central,East-Central,Road,1780,Vehicle Issue,Delivered,1312.73,Standard
SHP004036,02-Oct-25,04-10-2025,10-Oct-25,10-10-2025,ParcelPro,West,East,West-East,Road,870,,Delivered,1029.9,Express
SHP006448,06-10-2025,12-06-2025,06/14/2025,24-06-2025,SwiftShip,North,South,North-South,Air,450,Weather,Delivered,898.32,Express
SHP000701,01-12-2025,02-12-2025,12-11-2025,10-Dec-25,RoadRunner,North,Central,North-Central,Road,2390,,Delivered,3278.83,Standard
SHP000311,02/18/2025,02/20/2025,23-Feb-25,22-Feb-25,SkyFreight,West,Central,West-Central,Air,910,,Delivered,1699.95,Express
SHP002496,14-Nov-25,17-Nov-25,22-11-2025,11/22/2025,SkyFreight,South,North,South-North,Rail,810,,Delivered,518.17,Economy
SHP004551,08-Dec-25,09-Dec-25,15-Dec-25,12/18/2025,SkyFreight,South,West,South-West,Road,880,Vehicle Issue,Delivered,749.01,Economy
SHP000775,25-Mar-25,27-Mar-25,03/31/2025,02-04-2025,SkyFreight,Central,East,Unknown-Route,Air,1000,Weather,Delivered,1601.76,Economy
SHP004325,10-08-2025,08-12-2025,08/16/2025,14-Aug-25,SwiftShip,West,North,West-North,Road,330,,Delivered,480.67,Economy
SHP003307,16-07-2025,19-Jul-25,07/23/2025,27-Jul-25,ParcelPro,South,West,South-West,Road,980,Capacity Constraint,Delivered,1189.19,Economy
SHP000819,07-12-2025,12-08-2025,12/16/2025,17-12-2025,MetroLogix,Central,North,Central-North,Road,2090,Weather,Delivered,2295.07,Standard
SHP003179,26-Feb-25,01-03-2025,03-04-2025,03-03-2025,RoadRunner,South,Central,South-Central,Air,320,,Delivered,536.02,Economy
SHP001165,10-12-2025,13-Dec-25,12/16/2025,15-12-2025,SwiftShip,South,Central,South-Central,Road,330,,Delivered,531.52,Express
SHP002818,15-04-2025,04/17/2025,20-Apr-25,23-04-2025,MetroLogix,East,North,East-North,Road,420,Capacity Constraint,Delivered,409.37,Standard
SHP002960,25-Jul-25,07/28/2025,07/31/2025,01-Aug-25,SwiftShip,South,North,South-North,Road,570,Capacity Constraint,Delivered,521.88,Express
SHP000271,17-Nov-25,18-Nov-25,11/28/2025,28-11-2025,MetroLogix,East,West,East-West,Road,2200,,Delivered,2430.13,Economy
SHP001915,10-12-2025,14-10-2025,17-10-2025,19-Oct-25,SkyFreight,West,South,West-South,Air,1710,Capacity Constraint,Delivered,3838.64,Economy
SHP004893,08/31/2025,01-Sep-25,07-Sep-25,12-Sep-25,MetroLogix,East,South,East-South,Road,1310,Warehouse Backlog,Delivered,985.24,Standard
SHP005399,10-05-2025,13-05-2025,21-May-25,20-May-25,SwiftShip,West,Central,West-Central,Rail,1830,,Delivered,1512.3,Standard
SHP006289,02-Jun-25,04-Jun-25,13-06-2025,20-06-2025,RoadRunner,West,Central,West-Central,Road,2050,Weather,Delivered,2068.01,Standard
SHP005027,02/24/2025,02/26/2025,08-03-2025,03-07-2025,ParcelPro,East,West,East-West,Road,2040,,Delivered,2927.12,Economy
SHP004482,06/14/2025,15-Jun-25,06/21/2025,06/22/2025,RoadRunner,West,North,West-North,Road,1330,Customs,Delivered,1017.47,Standard
SHP002461,13-03-2025,16-Mar-25,03/18/2025,03/19/2025,SwiftShip,Central,East,Central-East,Air,1050,Customs,Delivered,2445.96,Standard
SHP002317,11-01-2025,04-11-2025,12-Nov-25,11-10-2025,MetroLogix,South,West,South-West,Road,1870,,Delivered,1887.38,Standard
SHP002932,03-09-2025,03-10-2025,20-Mar-25,24-Mar-25,SwiftShip,North,West,North-West,Road,2150,Traffic,Undelivered,1521.15,Express
SHP004032,02-12-2025,14-Feb-25,02/18/2025,16-02-2025,MetroLogix,East,Central,East-Central,Air,1540,,Delivered,2538.85,Standard
SHP001487,09-Mar-25,12-Mar-25,03/16/2025,20-Mar-25,RoadRunner,West,North,West-North,Air,1590,Traffic,Undelivered,2626.16,Standard
SHP003734,25-10-2025,10/26/2025,11-03-2025,,RoadRunner,West,South,West-South,Road,1590,,Cancelled,1330.83,Express
SHP001499,24-08-2025,26-08-2025,29-Aug-25,08-09-2025,SkyFreight,East,South,East-South,Road,590,Capacity Constraint,Delivered,713.36,Standard
SHP000499,10-01-2025,01-12-2025,22-01-2025,22-01-2025,MetroLogix,West,North,West-North,Road,2180,,Delivered,2062.83,Economy
SHP000338,03/16/2025,03/18/2025,03/26/2025,25-Mar-25,RoadRunner,Central,West,Central-West,Road,1480,,Delivered,1084.73,Express
SHP005396,24-01-2025,25-Jan-25,28-01-2025,01/27/2025,RoadRunner,East,West,East-West,Road,310,,Delivered,291.52,Standard
SHP002542,07-05-2025,07-07-2025,14-07-2025,07/14/2025,ParcelPro,North,East,North-East,Rail,1800,,Delivered,1556.83,Economy
SHP005925,07-04-2025,10-Apr-25,15-Apr-25,22-Apr-25,RoadRunner,South,North,South-North,Rail,1240,Weather,Delivered,912.44,Economy
SHP005334,29-Jul-25,08-01-2025,04-Aug-25,11-Aug-25,RoadRunner,Central,West,Central-West,Road,730,Vehicle Issue,Delivered,729.55,Express
SHP005185,25-Nov-25,27-11-2025,02-Dec-25,12-Dec-25,SwiftShip,West,Central,West-Central,Road,710,Vehicle Issue,Delivered,633.99,Standard
SHP006454,02/23/2025,25-Feb-25,02/27/2025,02/26/2025,SkyFreight,North,South,North-South,Road,400,,Delivered,439.03,Standard
SHP000646,14-Nov-25,17-Nov-25,21-11-2025,28-11-2025,SwiftShip,East,West,East-West,Road,160,Vehicle Issue,Delivered,270.02,Economy
SHP001726,09-05-2025,09-07-2025,13-09-2025,,SwiftShip,West,South,West-South,Road,1420,,Cancelled,1514.05,Express
SHP000112,08-03-2025,03-10-2025,13-03-2025,13-Mar-25,MetroLogix,East,West,East-West,Road,540,,Delivered,803.44,Economy
SHP003102,19-Oct-25,10/23/2025,10/31/2025,31-Oct-25,MetroLogix,East,Central,East-Central,Road,2050,,Delivered,2062.64,Standard
SHP002213,04/19/2025,04/21/2025,27-04-2025,05-07-2025,MetroLogix,West,Central,West-Central,Road,940,Customs,Delivered,864.66,Express
SHP001659,14-03-2025,03/15/2025,24-03-2025,03/26/2025,SwiftShip,South,East,South-East,Road,2030,Vehicle Issue,Delivered,1835.5,Express
SHP004282,24-Sep-25,26-Sep-25,02-Oct-25,05-Oct-25,SwiftShip,South,Central,South-Central,Road,1280,Customs,Delivered,1675.64,Express
SHP000755,02-10-2025,13-Feb-25,02/18/2025,18-Feb-25,RoadRunner,West,North,West-North,Air,2270,,Delivered,2946.35,Standard
SHP004692,30-04-2025,02-05-2025,04-May-25,04-May-25,SkyFreight,West,North,West-North,Road,410,,Delivered,518.65,Standard
SHP003320,30-Jan-25,01/31/2025,03-Feb-25,03-Feb-25,SkyFreight,North,East,North-East,Air,1090,,Delivered,1790.76,Standard
SHP006351,14-08-2025,15-08-2025,20-08-2025,20-Aug-25,SkyFreight,East,West,East-West,Road,550,,Delivered,788.33,Express
SHP005550,27-Mar-25,30-Mar-25,04-07-2025,14-04-2025,MetroLogix,West,South,West-South,Road,1830,Traffic,Delivered,1295.19,Economy
SHP002154,08-03-2025,10-03-2025,14-03-2025,03/17/2025,SkyFreight,Central,South,Central-South,Road,170,Customs,Delivered,234.25,Express
SHP005847,20-10-2025,10/22/2025,11-02-2025,02-Nov-25,RoadRunner,South,East,South-East,Road,2390,,Delivered,1995.86,Express
SHP001080,07/20/2025,22-07-2025,29-07-2025,29-Jul-25,MetroLogix,East,Central,East-Central,Road,1100,,Delivered,1042.03,Standard
SHP002351,31-08-2025,04-09-2025,09/13/2025,09-12-2025,ParcelPro,North,Central,North-Central,Road,1840,,Delivered,1860.34,Standard
SHP004157,29-08-2025,09-01-2025,07-09-2025,05-Sep-25,MetroLogix,South,North,South-North,Rail,1900,,Delivered,1339.32,Economy
SHP003471,01-08-2025,01-09-2025,14-01-2025,01/13/2025,MetroLogix,North,East,North-East,Road,470,,Delivered,570.05,Standard
SHP006438,04-Jun-25,05-06-2025,06-08-2025,13-Jun-25,MetroLogix,West,South,West-South,Rail,180 km,Capacity Constraint,Delivered,225.43,Economy
SHP003833,10/17/2025,19-10-2025,26-Oct-25,29-10-2025,RoadRunner,West,East,West-East,Road,1780,Warehouse Backlog,Delivered,1382.81,Express
SHP002074,27-12-2025,30-Dec-25,04-01-2026,04-Jan-26,RoadRunner,West,North,West-North,Rail,1270,,Delivered,1024.71,Standard
SHP005074,25-May-25,05/28/2025,02-06-2025,,RoadRunner,Central,North,Central-North,Road,680,,Cancelled,577.52,Standard
SHP002308,09/13/2025,09/15/2025,09/18/2025,21-Sep-25,RoadRunner,South,East,South-East,Air,750,Weather,Delivered,1748.47,Standard
SHP004760,09-08-2025,10-Sep-25,12-09-2025,19-Sep-25,MetroLogix,South,East,South-East,Road,230,Warehouse Backlog,Delivered,345.03,Express
SHP002397,09-Jan-25,01-12-2025,16-01-2025,01/16/2025,ParcelPro,North,East,North-East,Road,340,,Delivered,390.25,Economy
SHP000149,09-Dec-25,12-10-2025,12-Dec-25,17-Dec-25,ParcelPro,East,Central,East-Central,Air,710,Weather,Delivered,1451.85,Express
SHP002583,01-01-2025,03-01-2025,11-01-2025,01/18/2025,RoadRunner,Central,South,Central-South,Road,1410,Traffic,Delivered,1907.43,Economy
SHP000261,06/14/2025,16-Jun-25,20-06-2025,06/24/2025,RoadRunner,East,Central,East-Central,Road,840,Vehicle Issue,Delivered,942.69,Express
SHP000660,07-Feb-25,08-02-2025,02-10-2025,02/13/2025,ParcelPro,North,South,North-South,Air,430,Vehicle Issue,Delivered,1057.89,Express
SHP002814,05-06-2025,06-07-2025,11-06-2025,11-Jun-25,RoadRunner,South,Central,South-Central, air ,370,,Delivered,938.62,Economy
SHP000239,12-10-2025,12-11-2025,12/19/2025,17-Dec-25,  PARCELPRO  ,East,Central,East-Central,Rail,2110,,Delivered,1445.1,Standard
SHP004666,16-12-2025,18-Dec-25,21-Dec-25,12/19/2025,SwiftShip,North,South,North-South,Air,690,,Delivered,1081.91,Express
SHP005917,14-Apr-25,16-Apr-25,,25-04-2025,ParcelPro,East,Central,East-Central,Road,1670,,Delivered,1601,Standard
SHP004761,22-Apr-25,25-Apr-25,28-Apr-25,05-05-2025,SkyFreight,North,South,North-South,Road,430,Traffic,Delivered,595.98,Economy
SHP003045,01-09-2025,10-01-2025,14-01-2025,01/17/2025,SwiftShip,West,South,West-South,Air,1090,Vehicle Issue,Delivered,2616.25,Standard
SHP000197,20-05-2025,05/21/2025,05/23/2025,05/23/2025,MetroLogix,West,North,West-North,Road,390,,Delivered,625.66,Express
SHP004737,07/30/2025,07/31/2025,08-02-2025,08-03-2025,SwiftShip,North,West,North-West,Road,420,Weather,Delivered,590.03,Express
SHP002584,08/29/2025,31-08-2025,02-09-2025,02-Sep-25,SkyFreight,Central,West,Central-West,Air,1170,,Undelivered,2591.78,Economy
SHP000626,08/16/2025,19-Aug-25,08/30/2025,28-08-2025,SwiftShip,East,South,East-South,Road,2370,,Delivered,2335.08,Economy
SHP002613,19-03-2025,03/21/2025,03/25/2025,,SwiftShip,West,South,West-South,Air,590,Capacity Constraint,In Transit,1330.97,Standard
SHP005829,06-Oct-25,09-10-2025,17-10-2025,24-Oct-25,ParcelPro,South,East,South-East,Road,2170,Traffic,Delivered,2340.57,Express
SHP006303,17-Apr-25,04/20/2025,29-04-2025,03-May-25,MetroLogix,East,West,East-West,Road,1750,Warehouse Backlog,Delivered,1751.77,Standard
SHP000065,21-May-25,22-05-2025,26-May-25,28-May-25,RoadRunner,East,Central,East-Central,Air,700,Capacity Constraint,Delivered,1548.47,Standard
SHP000137,11-05-2025,14-05-2025,21-May-25,22-05-2025,SwiftShip,West,East,West-East,Road,1910,Customs,Undelivered,1742.76,Economy
SHP006368,15-08-2025,08/19/2025,24-08-2025,08/28/2025,RoadRunner,North,East,North-East,Road,1140,Capacity Constraint,Delivered,953.43,Express
SHP000786,29-09-2025,10-01-2025,03-Oct-25,10-04-2025,SkyFreight,North,South,North-South,Air,190,Customs,Delivered,541.19,Economy
SHP004030,06/20/2025,06/22/2025,25-Jun-25,28-Jun-25,SkyFreight,North,East,North-East,Air,290,Vehicle Issue,Delivered,743,Economy
SHP003711,10/16/2025,10/17/2025,19-10-2025,24-Oct-25,MetroLogix,East,North,East-North,Rail,570,Capacity Constraint,Delivered,416.22,Standard
SHP003839,07-05-2025,08-Jul-25,13-07-2025,12-07-2025,SkyFreight,Central,West,Central-West,Road,860,,Delivered,720.85,Standard
SHP001877,05-05-2025,05-07-2025,15-May-25,05/15/2025,MetroLogix,East,Central,East-Central,Road,1490,,Delivered,2098.85,Standard
SHP004769,10-09-2025,09-12-2025,17-09-2025,15-Sep-25,RoadRunner,East,Central,East-Central,Air,1770,,Delivered,3818.92,Economy
SHP002663,31-Aug-25,01-09-2025,09-10-2025,,ParcelPro,Central,North,Central-North,Road,2250,Vehicle Issue,Cancelled,3034.09,Economy
SHP002339,31-Jan-25,02-02-2025,12-02-2025,02/13/2025,RoadRunner,West,North,West-North,Road,2320,Warehouse Backlog,Delivered,2298.33,Express
SHP005213,20-Oct-25,22-Oct-25,31-Oct-25,31-Oct-25,MetroLogix,Central,North,Central-North,Road,2140,,Delivered,2271.22,Economy
SHP003109,08-Nov-25,11-11-2025,15-Nov-25,11/15/2025,ParcelPro,Central,East,Central-East,Road,660,,Delivered,997.75,Economy
SHP006185,07-Jan-25,08-01-2025,01/14/2025,12-Jan-25,SwiftShip,Central,North,Central-North,Road,1360,,Delivered,1476.36,Standard
SHP005672,08-06-2025,08-09-2025,12-Aug-25,19-Aug-25,MetroLogix,West,Central,West-Central,Rail,210,Capacity Constraint,Delivered,251.46,Standard
SHP000037,10-01-2025,01/13/2025,18-Jan-25,20-Jan-25,ParcelPro,East,South,East-South,Air,2110,Weather,Delivered,2831.5,Standard
SHP005059,12/20/2025,24-12-2025,01-01-2026,05-01-2026,ParcelPro,East,West,East-West,Road,1470,Customs,Delivered,1229.84,Express
SHP001505,07/21/2025,24-07-2025,02-08-2025,08-12-2025,ParcelPro,West,North,West-North,Road,2060,Traffic,Delivered,2123.32,Standard
SHP004509,12-04-2025,05-Dec-25,12-11-2025,18-12-2025,ParcelPro,West,East,West-East,Road,1410,Warehouse Backlog,Delivered,1775.71,Standard
SHP004142,02-12-2025,04-12-2025,09-Dec-25,09-12-2025,ParcelPro,South,West,South-West,Air,2340,,Delivered,4890.84,Express
SHP005872,21-10-2025,22-Oct-25,,11-03-2025,RoadRunner,South,East,South-East,Road,150,Warehouse Backlog,Delivered,192.11,Express
SHP000742,04-10-2025,04/13/2025,04/16/2025,16-Apr-25,SkyFreight,North,South,North-South,Road,170,,Delivered,273.97,Standard
SHP000201,10-08-2025,13-Aug-25,18-Aug-25,08/18/2025,  SWIFTSHIP  ,South,Central,South-Central,Road,1210,,Delivered,1678.21,Economy
SHP005667,20-06-2025,23-06-2025,30-Jun-25,07-04-2025,SkyFreight,North,South,North-South,Rail,1730,Weather,Delivered,1637.42,Standard
SHP000702,16-10-2025,19-10-2025,10/26/2025,10/31/2025,SwiftShip,East,South,East-South,Rail,1650,Traffic,Delivered,1624.74,Economy
SHP000888,09-Apr-25,11-Apr-25,04/14/2025,04/15/2025,SkyFreight,Central,East,Central-East,Road,540,Customs,Delivered,457.38,Economy
SHP004251,08-03-2025,10-Mar-25,03/15/2025,03/17/2025,RoadRunner,East,North,East-North,Air,1990,Traffic,Delivered,3926.91,Economy
SHP003749,07-04-2025,10-Apr-25,17-04-2025,16-04-2025,SwiftShip,Central,North,Central-North,Road,1050,,Delivered,1013.61,Economy
SHP003569,03-Oct-25,04-Oct-25,07-Oct-25,10-10-2025,MetroLogix,East,Central,East-Central,Air,1970,Weather,Delivered,2586.84,Standard
SHP002688,17-Mar-25,03/19/2025,24-03-2025,03/27/2025,MetroLogix,Central,East,Central-East,Road,1200,Customs,Delivered,1259.28,Economy
SHP005323,03/17/2025,19-Mar-25,03/29/2025,31-Mar-25,RoadRunner,North,East,North-East,Road,2150,Capacity Constraint,Delivered,1714.07,Economy
SHP001787,04/13/2025,04/14/2025,18-04-2025,04/23/2025,RoadRunner,South,North,South-North,Air,1930,Customs,Delivered,3545.18,Economy
SHP000342,10-Jun-25,12-Jun-25,17-06-2025,22-06-2025,MetroLogix,Central,East,Central-East,Road,1280,Capacity Constraint,Delivered,1457.39,Standard
SHP006049,20-08-2025,08/21/2025,08/23/2025,08/30/2025,SwiftShip,West,Central,West-Central,Air,860,Weather,Delivered,1520.61,Standard
SHP002682,04-Sep-25,09-07-2025,09-10-2025,11-Sep-25,ParcelPro,South,Central,South-Central,Air,2250,Traffic,Delivered,3286.28,Express
SHP002662,26-09-2025,29-Sep-25,10-09-2025,08-10-2025,ParcelPro,North,East,North-East,Road,2220,,Delivered,2461.6,Economy
SHP006353,17-01-2025,18-Jan-25,20-Jan-25,23-Jan-25,SwiftShip,North,South,North-South,Air,920,Vehicle Issue,Delivered,1400.37,Express
SHP003165,05/13/2025,14-05-2025,19-05-2025,05/21/2025,ParcelPro,South,West,South-West,Air,1930,Warehouse Backlog,Delivered,2808.59,Express
SHP001637,03/16/2025,03/18/2025,22-03-2025,25-03-2025,MetroLogix,North,East,North-East,Rail,1070,Weather,Delivered,-100,Express
SHP002883,04/14/2025,17-04-2025,24-04-2025,04/28/2025,MetroLogix,West,South,West-South,Road,1400,Vehicle Issue,Delivered,1737.77,Express
SHP001333,23-Dec-25,25-Dec-25,04-Jan-26,08-01-2026,RoadRunner,North,West,North-West,Road,2210,Warehouse Backlog,Delivered,1588.61,Standard
SHP004289,02/24/2025,27-Feb-25,07-03-2025,08-03-2025,SkyFreight,West,East,West-East,Road,1460,Traffic,Delivered,1134.6,Economy
SHP003470,11-Feb-25,14-02-2025,17-Feb-25,19-Feb-25,RoadRunner,East,West,East-West,Road,450 km,Capacity Constraint,Delivered,710.44,Economy
SHP005638,31-10-2025,11-01-2025,11-12-2025,11/14/2025,RoadRunner,North,Central,North-Central,Road,2280,Capacity Constraint,Delivered,1634.1,Express
SHP004558,08-Feb-25,09-Feb-25,17-Feb-25,16-Feb-25,RoadRunner,South,West,South-West,Road,1550,,Delivered,1466.28,Economy
SHP001179,16-02-2025,17-02-2025,23-02-2025,05-Mar-25,SkyFreight,South,East,South-East,Rail,1500,Vehicle Issue,Delivered,1463.01,Economy
SHP000158,20-Sep-25,22-Sep-25,30-09-2025,10-02-2025,RoadRunner,East,West,East-West,Road,1640,Customs,Delivered,2114.38,Economy
SHP003995,05-07-2025,10-05-2025,13-05-2025,12-May-25,SwiftShip,North,South,North-South,Road,380,,Delivered,477.53,Economy
SHP005204,14-02-2025,17-Feb-25,23-Feb-25,,SwiftShip,Central,West,Central-West,Road,1420,,Cancelled,2015.9,Standard
SHP001696,23-06-2025,26-Jun-25,06-07-2025,05-Jul-25,ParcelPro,South,West,South-West,Road,2270,,Delivered,2422.57,Standard
SHP005326,27-Jun-25,06/28/2025,07-03-2025,07-Jul-25,ParcelPro,North,West,North-West,Air,1460,Weather,Delivered,1852.19,Economy
SHP001311,07-10-2025,10-Oct-25,10/18/2025,23-Oct-25,MetroLogix,Central,North,Central-North,Road,1840,Traffic,Delivered,2447.54,Standard
SHP006399,03/28/2025,30-Mar-25,02-04-2025,07-04-2025,SkyFreight,East,North,East-North,Air,530,Customs,Delivered,882.24,Express
SHP003594,04-02-2025,04-Apr-25,04-06-2025,06-04-2025,,East,West,East-West,Rail,590,,Delivered,478.54,Standard
SHP004285,12-01-2025,14-Jan-25,20-Jan-25,27-Jan-25,ParcelPro,South,Central,South-Central,Road,1400,Weather,Delivered,1903.48,Economy
SHP001898,07-01-2025,04-Jul-25,07-12-2025,07-12-2025,RoadRunner,South,North,South-North,Road,2070,,Delivered,2662.84,Standard
SHP002537,01/14/2025,16-Jan-25,18-01-2025,01/20/2025,RoadRunner,Central,North,Central-North,Air,160,Warehouse Backlog,Delivered,312.33,Express
SHP001241,02-Feb-25,02-04-2025,10-02-2025,17-02-2025,SwiftShip,North,Central,North-Central,Road,760,Warehouse Backlog,Delivered,828.03,Standard
SHP000931,14-02-2025,02/16/2025,02/26/2025,02-Mar-25,SwiftShip,Central,East,Central-East, road ,2240,Traffic,Delivered,3199.12,Economy
SHP003608,23-Jun-25,06/25/2025,07-03-2025,03-07-2025,MetroLogix,Central,East,Central-East,Road,1930,,Delivered,1681.44,Express
SHP003369,25-09-2025,27-09-2025,06-Oct-25,06-Oct-25,ParcelPro,East,Central,East-Central,Road,1850,,Delivered,1784.94,Economy
SHP001820,01-06-2025,10-Jan-25,14-01-2025,01/14/2025,SwiftShip,South,Central,South-Central,Rail,720,,Delivered,632.39,Economy
SHP002379,11-10-2025,10/14/2025,18-Oct-25,17-10-2025,SkyFreight,South,Central,South-Central,Road,510,,Delivered,749.26,Standard
SHP004446,07/21/2025,23-07-2025,26-07-2025,26-07-2025,RoadRunner,North,East,North-East,Air,1140,,Delivered,2385.09,Economy
SHP004465,01-Dec-25,03-12-2025,05-Dec-25,05-12-2025,SkyFreight,South,East,South-East,Rail,340,,Delivered,263.91,Economy
SHP005631,17-11-2025,18-11-2025,21-Nov-25,11/19/2025,RoadRunner,East,North,East-North,Rail,510,,Delivered,520.27,Standard
SHP002557,03/15/2025,18-03-2025,24-Mar-25,22-Mar-25,SkyFreight,North,Central,North-Central,Road,930,,Delivered,733.13,Economy
SHP005920,01-02-2025,01-05-2025,14-Jan-25,19-01-2025,SwiftShip,Central,South,Central-South,Rail,2340,Weather,Delivered,1292.5,Economy
SHP001110,03-08-2025,09-Mar-25,15-03-2025,,SwiftShip,East,South,East-South,Rail,2110,,In Transit,1681.23,Express
SHP002354,03-06-2025,05-06-2025,08-Jun-25,06/13/2025,ParcelPro,Central,West,Central-West,Air,1510,Warehouse Backlog,Delivered,2568.75,Standard
SHP000371,02-06-2025,08-Feb-25,10-02-2025,09-Feb-25,SkyFreight,West,Central,West-Central,Rail,460,,Delivered,485.87,Express
SHP005468,01-12-2025,14-Jan-25,20-01-2025,22-01-2025,SkyFreight,Central,North,Central-North,Road,980,Traffic,Delivered,951.9,Economy
SHP002327,01/19/2025,21-Jan-25,25-Jan-25,28-Jan-25,ParcelPro,North,West,North-West,Road,940,Weather,Delivered,1049.63,Express
SHP004298,10-08-2025,13-Aug-25,17-Aug-25,19-08-2025,SwiftShip,South,East,South-East,Air,1930,Weather,Delivered,2274.24,Express
SHP000519,26-Oct-25,29-10-2025,11-03-2025,08-11-2025,SkyFreight,West,North,West-North,Road,990,Traffic,Delivered,909.76,Express
SHP006283,02-Jul-25,07-05-2025,12-07-2025,12-07-2025,SkyFreight,South,West,South-West,Road,1800,,Delivered,1906.12,Economy
SHP001452,06-May-25,05-09-2025,12-May-25,12-May-25,SkyFreight,West,East,West-East,Air,400,,Delivered,724.22,Standard
SHP004517,09/23/2025,26-09-2025,09/30/2025,01-Oct-25,ParcelPro,West,North,West-North,Air,2260,Weather,Delivered,4175.76,Standard
SHP006282,06-06-2025,06-09-2025,06/16/2025,19-Jun-25,SkyFreight,East,Central,East-Central,Road,1800,Vehicle Issue,Delivered,1819.1,Economy
SHP000282,06-10-2025,08-10-2025,10-12-2025,10-10-2025,SwiftShip,West,East,West-East,Road,420,,Delivered,491.79,Economy
SHP004377,07/25/2025,27-Jul-25,07/31/2025,03-08-2025,ParcelPro,North,Central,North-Central,Road,810,Traffic,Delivered,953.61,Standard
SHP003734,25-10-2025,10/26/2025,11-03-2025,,RoadRunner,West,South,West-South,Road,1590,,Cancelled,1330.83,Express
SHP003616,24-Oct-25,26-10-2025,11-02-2025,11-05-2025,MetroLogix,North,West,North-West,Road,1460,Capacity Constraint,Delivered,1319.41,Express
SHP003605,25-10-2025,10/27/2025,31-10-2025,02-11-2025,SwiftShip,South,East,South-East,Road,340,Weather,Delivered,404.46,Express
SHP002652,26-11-2025,27-Nov-25,03-12-2025,12-05-2025,ParcelPro,Central,North,Central-North,Road,950,Warehouse Backlog,Delivered,1364.21,Economy
SHP004891,30-Jul-25,08-02-2025,08-07-2025,07-08-2025,  SKYFREIGHT  ,Central,East,Central-East,Road,660,,Delivered,822.61,Economy
SHP003059,17-09-2025,20-09-2025,23-Sep-25,,ParcelPro,North,West,North-West,Air,1270,,Cancelled,2355.18,Express
SHP002396,01/14/2025,17-Jan-25,01/26/2025,02-02-2025,MetroLogix,Central,North,Central-North,Road,1700,Vehicle Issue,Delivered,1464.64,Express
SHP000550,08-Aug-25,08-11-2025,18-Aug-25,17-08-2025,SwiftShip,Central,East,Central-East,Road,1390,,Delivered,1956.15,Express
SHP003390,22-Apr-25,25-04-2025,04-May-25,04-May-25,RoadRunner,West,Central,West-Central,Road,2170,,Delivered,2139.6,Economy
SHP003090,11-10-2025,12-Oct-25,14-10-2025,21-Oct-25,ParcelPro,South,North,South-North,Road,140,Capacity Constraint,Delivered,257.07,Standard
SHP003017,04-11-2025,13-04-2025,20-Apr-25,20-Apr-25,ParcelPro,North,West,North-West,Road,1650,,Delivered,2228.97,Economy
SHP004535,18-Nov-25,21-Nov-25,25-11-2025,25-11-2025,ParcelPro,West,Central,West-Central,Rail,1270,,Delivered,902.71,Express
SHP000111,03-Feb-25,05-Feb-25,07-Feb-25,14-Feb-25,SkyFreight,South,Central,South-Central,Air,300,Capacity Constraint,Delivered,553.28,Standard
SHP000520,11-Apr-25,04/15/2025,04/22/2025,23-Apr-25,RoadRunner,West,East,West-East,Road,1330,Vehicle Issue,Delivered,1915.16,Express
SHP003687,26-Jan-25,29-Jan-25,02-03-2025,02-02-2025,SwiftShip,East,Central,East-Central,Air,2120,,Delivered,5013.76,Express
SHP001118,07-08-2025,08-10-2025,08/14/2025,12-08-2025,SkyFreight,Central,North,Central-North,Road,420,,Delivered,554.19,Express
SHP003746,07/28/2025,30-Jul-25,08-01-2025,01-08-2025,RoadRunner,Central,South,Central-South,Road,220,,Delivered,290.26,Economy
SHP004553,02/27/2025,02-03-2025,03-07-2025,10-Mar-25,SkyFreight,South,East,South-East,Road,610,Customs,Delivered,529.84,Economy
SHP005292,09-Nov-25,11-11-2025,11/15/2025,15-11-2025,  SKYFREIGHT  ,Central,West,Central-West,Air,600,,Delivered,1327.9,Economy
SHP000394,02-04-2025,05-Apr-25,09-Apr-25,04-10-2025,SkyFreight,Central,North,Central-North,Air,2140,Vehicle Issue,Delivered,3578.93,Standard
SHP001147,08-03-2025,11-Mar-25,13-Mar-25,13-03-2025,RoadRunner,West,Central,West-Central,Air,250,,Delivered,661.21,Express
SHP005899,08-08-2025,09-Aug-25,08/13/2025,,MetroLogix,South,Central,South-Central,Air,310,Capacity Constraint,Cancelled,521.92,Economy
SHP001688,13-Apr-25,14-04-2025,04/16/2025,17-Apr-25,SwiftShip,North,Central,North-Central,Rail,470,Customs,Delivered,526.78,Express
SHP000163,11-Dec-25,12/13/2025,17-Dec-25,22-Dec-25,RoadRunner,North,West,North-West,Air,1950,Customs,Delivered,3504.32,Standard
SHP002364,21-Feb-25,24-02-2025,27-02-2025,03-09-2025,SkyFreight,East,Central,East-Central,Road,400,Vehicle Issue,Delivered,571.06,Express
SHP004522,05-Jul-25,07-Jul-25,07-12-2025,07-10-2025,MetroLogix,Central,East,Central-East,Road,880,,Delivered,854.58,Express
SHP005094,12-07-2025,15-07-2025,22-07-2025,07/21/2025,ParcelPro,East,South,East-South,Rail,1860,,Delivered,1211.62,Standard
SHP001758,09-12-2025,12-10-2025,12/15/2025,15-Dec-25,SkyFreight,South,Central,South-Central,Air,2310,,Delivered,3740.73,Express
SHP005006,25-Dec-25,27-Dec-25,29-Dec-25,29-Dec-25,SkyFreight,East,North,East-North,Air,1070,,Delivered,1507.75,Economy
SHP000991,09-02-2025,02/13/2025,22-Feb-25,26-Feb-25,ParcelPro,East,West,East-West,Road,2090,Vehicle Issue,Delivered,2177.85,Economy
SHP003335,02/18/2025,19-02-2025,23-Feb-25,25-02-2025,ParcelPro,Central,North,Central-North,Road,430,Weather,Undelivered,439.75,Economy
SHP005141,16-Mar-25,19-03-2025,27-Mar-25,29-03-2025,RoadRunner,South,North,South-North,Road,1650,Vehicle Issue,Delivered,1652.71,Express
SHP000858,07/18/2025,21-07-2025,23-07-2025,27-07-2025,ParcelPro,South,Central,South-Central,Air,580,Customs,Delivered,867.39,Express
SHP003123,02/26/2025,02-03-2025,11-03-2025,10-03-2025,RoadRunner,West,East,West-East,Road,2070,,Delivered,2807.46,Standard
SHP005833,03-05-2025,06-May-25,11-05-2025,11-May-25,ParcelPro,East,Central,East-Central,Road,940,,Undelivered,1100.56,Economy
SHP001059,04/23/2025,25-Apr-25,03-05-2025,05-07-2025,SkyFreight,North,East,North-East,Road,1650,Capacity Constraint,Delivered,2106.67,Economy
SHP001824,03-05-2025,07-03-2025,13-03-2025,03/13/2025,ParcelPro,North,East,North-East,Road,1510,,Delivered,1269.86,Economy
SHP004720,16-03-2025,03/19/2025,28-Mar-25,01-Apr-25,MetroLogix,West,South,West-South,Road,1710,Vehicle Issue,Delivered,2400.65,Express
SHP000003,02/19/2025,21-Feb-25,24-02-2025,03-Mar-25,SwiftShip,North,South,North-South,Air,1490,Capacity Constraint,Delivered,3418.59,Economy
SHP003817,31-03-2025,03-04-2025,11-04-2025,18-Apr-25,SwiftShip,West,South,West-South,Road,2030,Warehouse Backlog,Delivered,2455.25,Express
SHP004114,08/23/2025,08/26/2025,31-Aug-25,09-02-2025,ParcelPro,West,North,West-North,Road,950,Weather,Delivered,1109.13,Economy
SHP006406,05-Dec-25,08-12-2025,14-Dec-25,12/13/2025,SwiftShip,South,East,South-East,Road,970,,Delivered,1206.09,Economy
SHP003545,25-12-2025,27-Dec-25,02-Jan-26,04-01-2026,SwiftShip,North,East,North-East,Road,1060,Capacity Constraint,Delivered,866.17,Economy
SHP002619,04/24/2025,04/26/2025,01-05-2025,03-May-25,ParcelPro,Central,North,Central-North,Road,1020,Customs,Delivered,1448.45,Express
SHP002212,02-01-2025,03-02-2025,09-Feb-25,,MetroLogix,North,Central,North-Central,Road,1090,Vehicle Issue,Cancelled,953.13,Standard
SHP001921,11-Nov-25,13-11-2025,15-11-2025,17-Nov-25,RoadRunner,North,South,North-South,Air,830,Capacity Constraint,Delivered,1580.86,Standard
SHP001012,24-01-2025,27-01-2025,02-02-2025,02-02-2025,ParcelPro,North,Central,North-Central,Road,1380,,Delivered,1571.94,Standard
SHP001210,10-Apr-25,11-04-2025,04/14/2025,13-04-2025,SkyFreight,West,East,West-East,Road,240,,Delivered,308,Express
SHP001201,08/22/2025,24-08-2025,28-08-2025,08/26/2025,RoadRunner,Central,South,Central-South,Air,2320,,Delivered,3575.56,Standard
SHP004255,03/13/2025,16-Mar-25,03/22/2025,03/20/2025,MetroLogix,West,South,West-South,Road,1580,,Delivered,"$2,085.29",Economy
SHP000189,03/31/2025,01-Apr-25,07-04-2025,04-07-2025,ParcelPro,West,East,West-East,Road,1000,,Delivered,835.2,Standard
SHP003934,09-06-2025,08-Sep-25,09-10-2025,,RoadRunner,West,South,West-South,Road,240,,Delivered,323.99,Express
SHP004946,27-Nov-25,11/29/2025,12-03-2025,12-03-2025,ParcelPro,North,West,North-West,Road,510,,Delivered,495.05,Economy
SHP004405,25-10-2025,27-Oct-25,02-11-2025,05-11-2025,SkyFreight,Central,South,Central-South,Road,1160,Capacity Constraint,Delivered,925.38,Standard
SHP003562,25-08-2025,28-Aug-25,09-03-2025,09-08-2025,MetroLogix,East,North,East-North,Air,2330,Capacity Constraint,Delivered,3697.11,Economy
SHP002786,05-Jul-25,07-Jul-25,07/15/2025,19-07-2025,MetroLogix,Central,West,Central-West,Road,2180,Warehouse Backlog,Delivered,2023.14,Standard
SHP003607,26-Feb-25,02-Mar-25,07-Mar-25,05-03-2025,MetroLogix,North,West,North-West,Road,1080,,Delivered,883.07,Economy
SHP001394,20-02-2025,02/22/2025,02/25/2025,27-Feb-25,SkyFreight,North,West,North-West,Air,1750,Traffic,Delivered,2879.11,Express
SHP001537,31-Oct-25,02-11-2025,10-11-2025,10-11-2025,SwiftShip,East,North,East-North,Rail,2130,,Delivered,1851.73,Economy
SHP004394,20-Nov-25,23-11-2025,28-Nov-25,28-Nov-25,ParcelPro,West,Central,West-Central,Road,680,,Delivered,567.17,Express
SHP002910,02-04-2025,06-02-2025,11-Feb-25,11-02-2025,SkyFreight,West,Central,West-Central,Air,2000,,Delivered,4252.29,Standard
SHP005293,09-11-2025,09-12-2025,21-Sep-25,21-09-2025,RoadRunner,North,East,North-East,Road,2160,,Delivered,2357.55,Standard
SHP004402,11/26/2025,27-11-2025,12-01-2025,12-08-2025,RoadRunner,North,Central,North-Central,Rail,710,Traffic,Delivered,733.55,Standard
SHP006260,22-10-2025,10/24/2025,31-10-2025,10/31/2025,SkyFreight,North,South,North-South,Road,1910,,Delivered,1972.58,Express
SHP003740,05-01-2025,01-07-2025,01-10-2025,01/13/2025,ParcelPro,West,East,West-East,Rail,680,Vehicle Issue,Delivered,584.86,Standard
SHP003639,01/16/2025,20-Jan-25,01/24/2025,01/29/2025,SwiftShip,North,Central,North-Central,Road,960,Customs,Delivered,1099.09,Standard
SHP005134,01-05-2025,07-01-2025,14-01-2025,14-Jan-25,ParcelPro,South,West,South-West,Road,1410,,Delivered,1090.93,Express
SHP005830,22-07-2025,24-Jul-25,27-07-2025,27-Jul-25,MetroLogix,East,North,East-North,Road,640,,Delivered,537.37,Standard
SHP005028,19-Nov-25,22-Nov-25,30-11-2025,12-02-2025,SkyFreight,North,West,North-West,Road,1860,Warehouse Backlog,Delivered,1957.73,Standard
SHP004869,05/28/2025,30-May-25,06-07-2025,06-Jun-25,ParcelPro,South,North,South-North,Road,1490,,Delivered,1557.73,Standard
SHP004966,09/25/2025,29-Sep-25,03-10-2025,03-Oct-25,RoadRunner,East,North,East-North,Air,2400,,Delivered,4764.49,Economy
SHP002470,25-Jul-25,26-Jul-25,07/31/2025,07/31/2025,MetroLogix,West,North,West-North,Road,1330,,Delivered,1935.89,Express
SHP005095,16-Jan-25,18-Jan-25,21-Jan-25,21-Jan-25,SwiftShip,North,West,North-West,Road,520,,Delivered,636.54,Economy
SHP003452,06-Apr-25,08-Apr-25,16-04-2025,18-Apr-25,ParcelPro,Central,South,Central-South,Road,2130,Vehicle Issue,Delivered,2756.37,Standard
SHP001240,01-07-2025,10-Jan-25,01/17/2025,17-Jan-25,SkyFreight,East,North,East-North,Road,1810,,Delivered,2390.74,Express
SHP000386,25-12-2025,12/27/2025,31-Dec-25,31-12-2025,MetroLogix,South,East,South-East,Air,2090,,Delivered,3838.76,Express
SHP000215,06-Oct-25,08-10-2025,11-10-2025,21-10-2025,RoadRunner,North,Central,North-Central,Road,230,Weather,Delivered,369.26,Economy
SHP004188,10-01-2025,01-11-2025,15-Jan-25,14-Jan-25,MetroLogix,East,South,East-South,Road,940,,Delivered,1112.23,Standard
SHP002098,01-Dec-25,12-02-2025,12-05-2025,04-Dec-25,MetroLogix,North,West,North-West,Rail,320,,Delivered,319.46,Standard
SHP004588,03-05-2025,06-Mar-25,12-Mar-25,19-03-2025,RoadRunner,North,Central,North-Central,Rail,2170,Capacity Constraint,Delivered,1704.65,Standard
SHP002081,09-May-25,11-May-25,13-05-2025,05/14/2025,ParcelPro,Central,North,Central-North,Rail,590,Vehicle Issue,Delivered,411.05,Standard
SHP001138,05/23/2025,05/26/2025,29-05-2025,31-05-2025,RoadRunner,South,West,South-West,Road,360,Warehouse Backlog,Delivered,536.68,Express
SHP004091,14-Oct-25,17-10-2025,20-10-2025,10/20/2025,ParcelPro,North,South,North-South,Road,210,,Delivered,373.51,Economy
SHP005683,22-Apr-25,25-Apr-25,02-May-25,02-May-25,SkyFreight,South,West,South-West,Road,1810,,Delivered,2512.85,Standard
SHP005834,10-Dec-25,12-12-2025,12/22/2025,12/21/2025,SkyFreight,North,West,North-West,Road,2150,,Delivered,2081.24,Express
SHP002892,18-08-2025,08/20/2025,08/25/2025,08/26/2025,RoadRunner,North,Central,North-Central,Road,660,Capacity Constraint,Delivered,850.47,Standard
SHP005603,04-Sep-25,07-Sep-25,09/16/2025,09/16/2025,ParcelPro,South,East,South-East,Road,2370,,Delivered,3090.78,Express
SHP002820,08-04-2025,07-08-2025,08/17/2025,20-Aug-25,MetroLogix,North,South,North-South,Road,2400,Capacity Constraint,Delivered,1936.62,Economy
SHP001494,28-Jul-25,30-07-2025,08-03-2025,08-03-2025,SwiftShip,West,Central,West-Central,Air,2270,,Delivered,3897.61,Express
SHP002555,16-Jan-25,01/20/2025,01/26/2025,05-Feb-25,MetroLogix,South,East,South-East,Road,1350,Customs,Delivered,1739.98,Standard
SHP001504,18-06-2025,21-06-2025,27-06-2025,27-06-2025,SkyFreight,North,West,North-West,Road,1250,,Delivered,1419.17,Standard
SHP001224,07/17/2025,07/18/2025,07/21/2025,,RoadRunner,North,East,North-East,Air,1610,,In Transit,3545.28,Standard
SHP005824,23-Apr-25,24-04-2025,02-05-2025,02-May-25,ParcelPro,Central,East,Central-East,Road,1370,,Delivered,1863.61,Express
SHP005106,22-Sep-25,23-Sep-25,30-Sep-25,29-Sep-25,RoadRunner,East,North,East-North,Road,1640,,Delivered,2310.99,Standard
SHP004108,03-01-2025,05-01-2025,01/15/2025,15-Jan-25,RoadRunner,Central,North,Central-North,Road,2240,,Delivered,2899.5,Express
SHP004827,05/19/2025,21-May-25,24-05-2025,23-May-25,RoadRunner,Central,West,Central-West,Air,1590,,Delivered,2494.03,Standard
SHP003873,11-Mar-25,12-Mar-25,16-03-2025,15-Mar-25,ParcelPro,North,West,North-West,Road,910,,Delivered,955.47,Standard
SHP000648,01-04-2025,07-01-2025,11-01-2025,14-01-2025,RoadRunner,West,South,West-South,Rail,790,Traffic,Delivered,906.55,Standard
SHP002288,20-May-25,21-05-2025,23-May-25,25-05-2025,RoadRunner,Central,West,Central-West,Air,670,Capacity Constraint,Delivered,1441.52,Express
SHP005120,16-Jun-25,18-Jun-25,21-06-2025,26-Jun-25,SkyFreight,North,Central,North-Central,Road,390,Capacity Constraint,Delivered,401.63,Express
SHP006034,11/14/2025,11/16/2025,25-Nov-25,12-02-2025,SkyFreight,East,Central,East-Central,Road,1660,Customs,Delivered,1995.22,Standard
SHP003434,24-Oct-25,10/27/2025,10/31/2025,03-11-2025,MetroLogix,Central,South,Central-South,Road,600,Traffic,Delivered,524.92,Standard
SHP002837,13-Jan-25,01/15/2025,19-01-2025,18-Jan-25,SwiftShip,East,South,East-South,Road,450,,Delivered,417.24,Standard
SHP004063,19-Apr-25,23-04-2025,29-Apr-25,04/27/2025,SwiftShip,North,South,North-South,Road,1220,,Delivered,1043.36,Standard
SHP006164,14-Apr-25,15-04-2025,21-Apr-25,20-04-2025,SwiftShip,West,South,West-South,Road,1340,,Delivered,1954.81,Express
SHP004087,07/20/2025,22-07-2025,07/27/2025,28-Jul-25,SkyFreight,Central,West,Central-West,Road,1290,Weather,Delivered,1594.18,Economy
SHP004719,12/17/2025,12/18/2025,25-Dec-25,23-12-2025,MetroLogix,East,North,East-North,Road,1750,,Delivered,1368.75,Standard
SHP002693,19-11-2025,11/20/2025,26-Nov-25,26-Nov-25,MetroLogix,North,South,North-South,Road,980,,Delivered,1028.35,Express
SHP005626,06/15/2025,18-06-2025,25-Jun-25,26-06-2025,RoadRunner,North,Central,North-Central,Road,1200,Warehouse Backlog,Delivered,1291.58,Express
SHP004401,23-09-2025,09/24/2025,10-03-2025,01-Oct-25,RoadRunner,Central,South,Central-South,Road,1760,,Delivered,2053.62,Express
SHP006378,12-04-2025,13-Apr-25,16-Apr-25,20-Apr-25,ParcelPro,Central,East,Central-East,Rail,770,Vehicle Issue,Delivered,688.43,Economy
SHP003410,01/15/2025,16-01-2025,01/18/2025,01/17/2025,ParcelPro,South,West,South-West,Air,1280,,Delivered,2504.99,Standard
SHP006445,11/15/2025,11/18/2025,24-11-2025,11/22/2025,MetroLogix,East,North,East-North,Road,1070,,Delivered,975.57,Standard
SHP004516,19-May-25,21-May-25,05/25/2025,25-05-2025,SwiftShip,East,Central,East-Central,Rail,900,,Delivered,660.97,Economy
SHP006384,07-06-2025,06-08-2025,12-06-2025,11-Jun-25,RoadRunner,South,East,South-East,Road,600,,Delivered,818.84,Economy
SHP001814,09-12-2025,11-12-2025,19-12-2025,19-12-2025,,South,North,South-North,Road,1410,,Delivered,1717.37,Express
SHP004341,23-12-2025,12/24/2025,27-Dec-25,29-12-2025,MetroLogix,Central,East,Central-East,Air,480,Weather,Delivered,987.33,Express
SHP003499,18-07-2025,20-Jul-25,23-Jul-25,21-07-2025,SkyFreight,East,Central,East-Central,Air,1820,,Delivered,3430.51,Economy
SHP005976,13-08-2025,14-08-2025,23-08-2025,23-Aug-25,SkyFreight,West,North,West-North,Road,1830,,Delivered,2521.56,Standard
SHP002026,20-Dec-25,12/23/2025,01-01-2026,30-12-2025,MetroLogix,East,North,East-North,Road,2320,,Delivered,2198.94,Economy
SHP004650,03/24/2025,26-03-2025,03/30/2025,30-03-2025,SkyFreight,West,North,West-North,Road,170,,Delivered,248.17,Express
SHP001007,01-Feb-25,04-02-2025,09-Feb-25,02-12-2025,MetroLogix,East,Central,East-Central,Road,1170,Weather,Delivered,1539.95,Express
SHP002849,16-Mar-25,03/18/2025,22-03-2025,22-Mar-25,ParcelPro,Central,North,Central-North,Air,1840,,Delivered,3432.5,Standard
SHP000989,25-Oct-25,26-10-2025,10/30/2025,11-06-2025,SwiftShip,Central,North,Central-North,Air,1110,Capacity Constraint,Delivered,1429.31,Standard
SHP002891,15-09-2025,16-09-2025,09/20/2025,09/19/2025,ParcelPro,West,East,West-East,Road,890,,Delivered,789.73,Express
SHP004023,22-02-2025,02/23/2025,02/26/2025,02/25/2025,ParcelPro,East,North,East-North,Road,250,,Delivered,286.34,Express
SHP004099,03-Aug-25,04-08-2025,14-08-2025,,RoadRunner,North,South,North-South,Road,2370,Vehicle Issue,In Transit,3066.27,Standard
SHP003286,30-11-2025,03-Dec-25,05-12-2025,04-Dec-25,ParcelPro,South,West,South-West,Rail,570,,Delivered,526.59,Standard
SHP000225,12/13/2025,14-Dec-25,19-Dec-25,18-Dec-25,SwiftShip,South,East,South-East,Road,450,,Delivered,654.22,Economy
SHP003218,23-04-2025,25-Apr-25,28-Apr-25,27-Apr-25,SwiftShip,West,South,West-South,Air,380,,Delivered,819.6,Standard
SHP001260,11-Mar-25,12-Mar-25,03/16/2025,16-03-2025,RoadRunner,West,North,West-North,Road,580,,Delivered,755.53,Economy
SHP000131,23-08-2025,08/25/2025,30-Aug-25,09-09-2025,RoadRunner,West,East,West-East,Air,1570,Customs,Delivered,2856.31,Standard
SHP003231,01/14/2025,17-01-2025,21-Jan-25,20-Jan-25,MetroLogix,North,South,North-South,Air,1100,,Delivered,1671.44,Express
SHP000923,04-12-2025,07-Dec-25,12-10-2025,12-09-2025,RoadRunner,Central,West,Central-West,Air,1000,,Delivered,2173.32,Economy
SHP000309,30-04-2025,01-05-2025,05-06-2025,16-05-2025,ParcelPro,East,Central,East-Central,Road,910,Warehouse Backlog,Delivered,1257.22,Express
SHP002407,01-Feb-25,03-02-2025,11-Feb-25,10-02-2025,RoadRunner,North,South,North-South,Road,1780,,Delivered,2134.74,Economy
SHP002174,14-Oct-25,10/16/2025,22-10-2025,10/20/2025,RoadRunner,West,South,West-South,Rail,1270,,Delivered,1034.18,Economy
SHP001606,11/23/2025,24-11-2025,04-12-2025,12-04-2025,ParcelPro,North,South,North-South,Road,2170,,Delivered,2040.11,Express
SHP006101,02/26/2025,02/28/2025,03-03-2025,03-Mar-25,,East,Central,East-Central,Road,390,,Delivered,460.33,Standard
SHP002276,18-Nov-25,20-Nov-25,11/29/2025,29-Nov-25,RoadRunner,West,East,West-East,Road,2180,,Delivered,1650.93,Standard
SHP006371,11/27/2025,29-Nov-25,01-Dec-25,03-12-2025,RoadRunner,West,East,West-East,Air,430,Capacity Constraint,Delivered,1061.2,Standard
SHP003105,11-09-2025,12-Sep-25,09/16/2025,16-Sep-25,MetroLogix,South,North,South-North,Rail,960,,Delivered,987.93,Standard
SHP001671,26-10-2025,10/27/2025,04-Nov-25,11-07-2025,MetroLogix,East,North,East-North,Rail,2320,Vehicle Issue,Delivered,1375.19,Express
SHP002163,17-Sep-25,20-09-2025,09/25/2025,09/25/2025,SkyFreight,West,North,West-North,Road,960,,Delivered,909.49,Express
SHP000825,13-11-2025,11/15/2025,11/21/2025,23-11-2025,ParcelPro,West,Central,West-Central,Road,1440,Weather,Delivered,1058.38,Economy
SHP002492,11/17/2025,19-11-2025,24-Nov-25,11/29/2025,MetroLogix,North,West,North-West,Road,1050,Warehouse Backlog,Delivered,1539.74,Express
SHP005537,01/16/2025,18-01-2025,24-01-2025,23-Jan-25,MetroLogix,Central,West,Central-West,Air,2340,,Delivered,3897.94,Standard
SHP003723,01-11-2025,02-Nov-25,10-11-2025,11-12-2025,SkyFreight,Central,North,Central-North,Road,1820,Capacity Constraint,Delivered,2051.91,Express
SHP002678,09/23/2025,25-Sep-25,27-09-2025,09/27/2025,SwiftShip,East,West,East-West,Rail,210,,Delivered,273.04,Express
SHP003947,26-10-2025,10/29/2025,11-07-2025,07-11-2025,SwiftShip,Central,North,Central-North,Road,1840,,Delivered,1471.77,Economy
SHP004464,19-Feb-25,20-Feb-25,02/25/2025,02/27/2025,ParcelPro,East,South,East-South,Road,1310,Customs,Delivered,1353.08,Economy
SHP003916,03/15/2025,03/17/2025,03/22/2025,20-03-2025,MetroLogix,Central,South,Central-South,Rail,1450,,Delivered,1624.37,Economy
SHP005364,12-Oct-25,15-Oct-25,20-Oct-25,10/22/2025,SkyFreight,North,Central,North-Central,Road,1180,Weather,Delivered,1028.57,Economy
SHP001294,01-03-2025,03-Mar-25,09-Mar-25,03-12-2025,RoadRunner,Central,East,Central-East,Rail,1190,Warehouse Backlog,Delivered,1153.3,Standard
SHP002216,11-07-2025,14-07-2025,22-07-2025,22-07-2025,RoadRunner,East,South,East-South,Rail,1890,,Delivered,1555.37,Economy
SHP004715,05-Feb-25,02-07-2025,02-11-2025,12-02-2025,SkyFreight,Central,East,Central-East,Road,700,Customs,Delivered,619.98,Standard
SHP000242,31-Jan-25,04-Feb-25,10-02-2025,11-Feb-25,SkyFreight,West,East,West-East,Rail,1350,Warehouse Backlog,Delivered,797.21,Express
SHP005469,28-Aug-25,30-Aug-25,10-Sep-25,14-09-2025,SkyFreight,East,Central,East-Central,Road,2310,Warehouse Backlog,Delivered,3205.88,Express
SHP002365,19-Feb-25,02/21/2025,24-02-2025,02/26/2025,RoadRunner,Central,South,Central-South,Air,1220,Vehicle Issue,Delivered,1568.25,Economy
SHP003604,19-Dec-25,12/21/2025,12/28/2025,30-Dec-25,SwiftShip,South,Central,South-Central,Road,1800,Warehouse Backlog,Delivered,2098.15,Standard
SHP004638,01-09-2025,02-09-2025,09-10-2025,10-09-2025,ParcelPro,North,West,North-West,Road,1650,,Delivered,2094.59,Express
SHP000690,11-12-2025,11/13/2025,23-Nov-25,22-11-2025,ParcelPro,West,East,West-East,Road,2020,,Delivered,2124.38,Standard
SHP000335,31-Dec-25,01-01-2026,09-01-2026,01-07-2026,RoadRunner,West,South,West-South,Road,2020,,Delivered,1760.85,Economy
SHP005810,25-12-2025,28-12-2025,12/30/2025,01-Jan-26,SkyFreight,South,West,South-West,Road,300,Weather,Delivered,434.48,Economy
SHP004373,01-Feb-25,05-02-2025,09-02-2025,09-02-2025,SkyFreight,South,West,South-West,Air,1280,,Delivered,1741.08,Standard
SHP006096,22-05-2025,24-May-25,01-06-2025,01-06-2025,SkyFreight,West,North,West-North,Road,1560,,Delivered,1452.05,Economy
SHP004103,02-04-2025,04-04-2025,08-04-2025,06-Apr-25,SwiftShip,North,East,North-East,Air,1970,,Delivered,4760.12,Standard
SHP000791,19-Oct-25,21-10-2025,27-10-2025,27-10-2025,SwiftShip,East,South,East-South,Air,2380,,Delivered,4109,Express
SHP005007,24-Mar-25,26-Mar-25,03/30/2025,30-Mar-25,SwiftShip,South,North,South-North,Road,770,,Delivered,693.16,Standard
SHP004205,24-06-2025,06/26/2025,03-Jul-25,06-Jul-25,SwiftShip,East,Central,East-Central,Road,1200,Traffic,Delivered,1666.83,Economy
SHP003743,09-01-2025,10-01-2025,17-Jan-25,19-Jan-25,RoadRunner,East,West,East-West,Rail,1630,Warehouse Backlog,Delivered,1264.77,Express
SHP005162,02/24/2025,27-Feb-25,03-01-2025,01-Mar-25,SwiftShip,West,East,West-East,Air,740,,Delivered,1294.34,Express
SHP001062,02-10-2025,12-02-2025,02/15/2025,15-Feb-25,SwiftShip,West,North,West-North,Road,530,,Delivered,823.87,Express
SHP000909,05-03-2025,06-Mar-25,03/16/2025,20-03-2025,RoadRunner,North,Central,North-Central,Road,2240,Customs,Delivered,2094.71,Express
SHP002070,30-08-2025,08/31/2025,09-07-2025,09/14/2025,ParcelPro,North,Central,North-Central,Road,1610,Vehicle Issue,Delivered,1360.13,Standard
SHP001397,06/16/2025,19-06-2025,23-Jun-25,06/22/2025,SwiftShip,West,Central,West-Central,Road,560,,Delivered,866.13,Economy
SHP004250,26-Aug-25,28-Aug-25,09-03-2025,09-03-2025,SwiftShip,South,East,South-East,Road,1580,,Delivered,2032.83,Standard
SHP006413,18-Oct-25,20-10-2025,23-10-2025,28-10-2025,SkyFreight,East,South,East-South,Air,490,Customs,Delivered,1131.01,Standard
SHP001998,05/27/2025,29-05-2025,02-Jun-25,01-Jun-25,ParcelPro,East,South,East-South,Road,320,,Delivered,431.32,Standard
SHP000392,08-07-2025,09-08-2025,16-08-2025,15-08-2025,SwiftShip,South,North,South-North,Rail,1590,,Delivered,1447.79,Express
SHP001472,08-09-2025,11-08-2025,14-08-2025,13-08-2025,RoadRunner,South,West,South-West,Air,130,,Delivered,351.47,Economy
SHP005277,21-03-2025,24-Mar-25,27-Mar-25,26-Mar-25,MetroLogix,South,Central,South-Central,Air,1390,,Delivered,3374.87,Economy
SHP004309,01-11-2025,13-01-2025,01/15/2025,01/17/2025,SwiftShip,North,South,North-South,Road,330,Capacity Constraint,Delivered,480.08,Express
SHP000794,03-Oct-25,04-Oct-25,12-Oct-25,12-10-2025,SkyFreight,Central,East,Central-East,Road,1970,,Delivered,1907.38,Economy
SHP002860,16-12-2025,18-Dec-25,26-Dec-25,26-12-2025,ParcelPro,East,North,East-North,Rail,1840,,Delivered,1600.61,Standard
SHP004635,27-09-2025,09/28/2025,10-04-2025,10-08-2025,SwiftShip,South,Central,South-Central,Road,1610,Weather,Delivered,1290.95,Economy
SHP000522,07/24/2025,25-07-2025,29-07-2025,28-Jul-25,SwiftShip,East,South,East-South,Road,190,,Delivered,343.56,Standard
SHP001304,30-05-2025,31-May-25,07-06-2025,06-07-2025,SkyFreight,North,West,North-West,Rail,1820,,Delivered,1985.86,Economy
SHP003047,22-Apr-25,25-Apr-25,03-05-2025,05-04-2025,SwiftShip,Central,North,Central-North,Road,1910,Capacity Constraint,Delivered,1838.92,Economy
SHP003329,17-Feb-25,02/20/2025,24-Feb-25,02/23/2025,SwiftShip,West,South,West-South,Road,970,,Delivered,946.87,Economy
SHP000483,24-Feb-25,02/27/2025,01-Mar-25,,MetroLogix,Central,East,Central-East,Road,380,Traffic,In Transit,544.58,Express
SHP003475,21-05-2025,24-05-2025,02-06-2025,02-06-2025,MetroLogix,North,Central,North-Central,Road,1720,,Delivered,1595.42,Economy
SHP000133,12/21/2025,12/22/2025,31-Dec-25,04-01-2026,RoadRunner,East,Central,East-Central,Road,1870,Capacity Constraint,Delivered,2201.29,Standard
SHP006275,01-06-2025,07-Jan-25,01/17/2025,17-01-2025,MetroLogix,East,South,East-South,Road,2030,,Delivered,1562.37,Express
SHP004671,31-03-2025,04-01-2025,06-04-2025,04/16/2025,SwiftShip,North,Central,North-Central,Road,600,Capacity Constraint,Delivered,764.29,Standard
SHP005513,05-12-2025,12-07-2025,10-12-2025,10-12-2025,SwiftShip,North,Central,North-Central,Air,640,,Delivered,1303.15,Express
SHP001419,07-Mar-25,03-10-2025,21-03-2025,22-Mar-25,RoadRunner,North,Central,North-Central,Road,2300,Traffic,Delivered,1628.82,Express
SHP002390,08-Apr-25,09-04-2025,12-Apr-25,04-11-2025,RoadRunner,East,West,East-West,Air,590,,Delivered,1335.63,Standard
SHP001640,22-04-2025,04/24/2025,04/27/2025,05-01-2025,RoadRunner,South,North,South-North,Road,620,Warehouse Backlog,Delivered,624.05,Economy
SHP001612,03-10-2025,10-06-2025,08-10-2025,08-Oct-25,ParcelPro,West,Central,West-Central,Road,170,,Delivered,279.2,Standard
SHP002815,21-10-2025,22-Oct-25,10/28/2025,31-Oct-25,SkyFreight,East,North,East-North,Road,790,Customs,Delivered,1053.68,Economy
SHP000389,31-10-2025,11-01-2025,06-Nov-25,,MetroLogix,South,East,South-East,Air,1390,Weather,Cancelled,1691.6,Standard
SHP002766,11/22/2025,11/25/2025,03-Dec-25,03-Dec-25,SwiftShip,Central,South,Central-South,Road,2120,,Delivered,1637.14,Economy
SHP001909,05-05-2025,08-May-25,05/15/2025,17-05-2025,SkyFreight,West,Central,West-Central,Road,1810,Traffic,Delivered,2480.85,Express
SHP004945,12-07-2025,12-08-2025,12/14/2025,13-Dec-25,SwiftShip,East,North,East-North,Air,2320,,Delivered,2933.14,Standard
SHP002908,10-06-2025,12-06-2025,20-06-2025,20-Jun-25,SwiftShip,Central,East,Central-East,Road,1770,,Delivered,1864.02,Economy
SHP000497,07-Dec-25,09-Dec-25,12/13/2025,17-Dec-25,SkyFreight,South,West,South-West,Road,230,Traffic,Delivered,243.78,Economy
SHP003628,27-Nov-25,11/30/2025,11-12-2025,10-Dec-25,SwiftShip,West,East,West-East,Road,2320,,Undelivered,2292.36,Express
SHP005358,07-01-2025,10-01-2025,14-Jan-25,15-01-2025,ParcelPro,South,West,South-West,Air,840,Warehouse Backlog,Delivered,1992.41,Express
SHP004995,06/14/2025,17-Jun-25,20-06-2025,22-Jun-25,ParcelPro,South,North,South-North,Rail,480,Vehicle Issue,Delivered,594.47,Express
SHP005423,11-03-2025,14-Mar-25,18-03-2025,20-03-2025,MetroLogix,East,Central,East-Central,Rail,1350,Vehicle Issue,Delivered,1439.9,Economy
SHP000143,03-10-2025,10-05-2025,09-Oct-25,10-09-2025,ParcelPro,West,South,West-South,Air,260,,Delivered,457.81,Standard
SHP005643,11-01-2025,14-Jan-25,18-01-2025,17-Jan-25,  SWIFTSHIP  ,South,North,South-North,Rail,790,,Delivered,687.03,Standard
SHP002211,08-12-2025,10-12-2025,16-Dec-25,16-12-2025,ParcelPro,North,South,North-South,Road,1070,,Delivered,1066.91,Standard
SHP005189,14-Dec-25,12/16/2025,20-12-2025,18-12-2025,ParcelPro,Central,East,Central-East,Air,1400,,Delivered,2731.13,Economy
SHP006216,09-09-2025,09-11-2025,09/14/2025,14-Sep-25,MetroLogix,Central,East,Central-East,Air,960,,Delivered,2151.76,Express
SHP005969,02/26/2025,02/27/2025,03-04-2025,03-03-2025,ParcelPro,South,North,South-North,Road,620,,Delivered,641.33,Express
SHP000944,12-05-2025,12-08-2025,15-Dec-25,15-Dec-25,RoadRunner,West,Central,West-Central,Road,1370,,Delivered,1256.09,Economy
SHP001815,17-Nov-25,11/19/2025,11/23/2025,23-11-2025,SkyFreight,North,West,North-West,Road,390,,Delivered,590.05,Express
SHP004095,08-12-2025,11-Dec-25,15-Dec-25,15-12-2025,MetroLogix,West,Central,West-Central,Road,410,,Delivered,459.11,Economy
SHP003647,20-Oct-25,10/23/2025,26-Oct-25,28-10-2025,ParcelPro,West,Central,West-Central,Air,140,Traffic,Delivered,413.17,Standard
SHP003972,02-Nov-25,04-11-2025,09-Nov-25,09-Nov-25,ParcelPro,North,West,North-West,Road,820,,Delivered,928.21,Express
SHP006345,06-Nov-25,11-10-2025,13-11-2025,11/13/2025,ParcelPro,West,North,West-North,Road,460,,Delivered,577.09,Economy
SHP000756,01/13/2025,16-Jan-25,22-01-2025,22-01-2025,SkyFreight,South,North,South-North,Road,1550,,Delivered,1325.16,Standard
SHP004137,19-Apr-25,04/21/2025,04/23/2025,04/24/2025,SwiftShip,West,East,West-East,Air,210,Vehicle Issue,Delivered,483.26,Standard
SHP004569,20-10-2025,22-Oct-25,24-Oct-25,31-10-2025,ParcelPro,West,East,West-East,Rail,470,Capacity Constraint,Delivered,509.02,Economy
SHP002099,06-11-2025,06/14/2025,21-06-2025,19-06-2025,SkyFreight,Central,North,Central-North,Road,1110,,Delivered,891.19,Economy
SHP002767,15-Jun-25,17-Jun-25,24-06-2025,06/27/2025,SwiftShip,North,West,North-West,Road,1330,Capacity Constraint,Delivered,1679.86,Standard
SHP001262,11/28/2025,30-11-2025,04-12-2025,14-12-2025,RoadRunner,South,Central,South-Central,Road,790,Weather,Delivered,738.82,Standard
SHP001092,05/15/2025,05/17/2025,05/21/2025,21-05-2025,RoadRunner,West,Central,Unknown-Route,Road,540,,Delivered,759.7,Express
SHP004575,10-Feb-25,11-Feb-25,02/13/2025,18-Feb-25,SkyFreight,Central,West,Central-West,Road,240,Weather,Delivered,286.31,Economy
SHP005089,15-May-25,05/19/2025,21-05-2025,05/21/2025,SkyFreight,East,West,East-West,Road,410,,Delivered,450.07,Economy
SHP003948,28-12-2025,29-Dec-25,05-Jan-26,03-Jan-26,ParcelPro,Central,South,Central-South,Road,1330,,Delivered,1068.7,Standard
SHP000072,25-11-2025,11/27/2025,01-12-2025,30-Nov-25,RoadRunner,East,West,East-West,Road,440,,Delivered,447.26,Economy
SHP001359,13-Mar-25,03/15/2025,03/20/2025,21-03-2025,MetroLogix,West,Central,West-Central,Air,2090,Customs,Delivered,3843.15,Economy
SHP002848,01/17/2025,19-Jan-25,24-01-2025,01/24/2025,MetroLogix,North,East,North-East,Rail,1110,,Delivered,713.9,Economy
SHP000977,02/14/2025,15-02-2025,02/21/2025,03-03-2025,SwiftShip,North,South,North-South,Road,1610,Traffic,Delivered,2219.7,Economy
SHP005973,08/21/2025,08/24/2025,01-Sep-25,09-06-2025,SkyFreight,West,East,West-East,Road,1850,Vehicle Issue,Delivered,1584.96,Express
SHP004039,08-12-2025,12-09-2025,17-12-2025,21-Dec-25,SwiftShip,North,South,North-South,Rail,2080,Traffic,Delivered,1461.36,Express
SHP002134,02-Mar-25,03-03-2025,10-Mar-25,03-10-2025,MetroLogix,North,South,North-South, road ,1310,,Delivered,946.02,Express
SHP000369,05/31/2025,01-Jun-25,06-05-2025,06-04-2025,SwiftShip,Central,East,Central-East,Air,2220,,Delivered,4530.74,Economy
SHP005686,16-08-2025,18-Aug-25,08/28/2025,08/28/2025,RoadRunner,East,Central,East-Central,Road,2320,,Delivered,2863.57,Express
SHP000803,16-02-2025,02/19/2025,22-Feb-25,21-02-2025,MetroLogix,East,North,East-North,Road,650,,Delivered,774.26,Standard
SHP002233,14-01-2025,01/17/2025,26-01-2025,25-Jan-25,SwiftShip,East,North,East-North,Road,2370,,Delivered,2994.74,Economy
SHP005127,21-Dec-25,23-Dec-25,12/31/2025,03-01-2026,MetroLogix,East,West,East-West,Road,1450,Vehicle Issue,Delivered,1854.06,Express
SHP000846,22-11-2025,11/24/2025,11/29/2025,29-11-2025,  METROLOGIX  ,West,North,West-North,Air,1520,,Delivered,3406.67,Economy
SHP000661,11-05-2025,06-11-2025,15-11-2025,11/13/2025,MetroLogix,West,East,West-East,Road,1670,,Delivered,1573.52,Standard
SHP003546,11-Mar-25,14-03-2025,19-03-2025,19-Mar-25,  METROLOGIX  ,South,East,South-East,Road,770,,Delivered,704.87,Economy
SHP004027,20-Feb-25,22-02-2025,26-Feb-25,01-03-2025,SkyFreight,North,East,North-East,Road,860,Weather,Delivered,983.77,Economy
SHP003541,16-Aug-25,18-Aug-25,21-Aug-25,20-08-2025,SkyFreight,South,North,South-North,Air,160,,Delivered,296.84,Economy
SHP000634,02/14/2025,02/16/2025,02/18/2025,18-02-2025,ParcelPro,South,North,South-North,Rail,530,,Delivered,579.05,Express
SHP002128,12-05-2025,16-05-2025,19-05-2025,05/24/2025,ParcelPro,East,South,East-South,Air,1540,Traffic,Delivered,3336.23,Economy
SHP004693,07/16/2025,07/17/2025,24-Jul-25,22-07-2025,SkyFreight,East,West,East-West,Road,1190,,Delivered,1155.02,Standard
SHP004951,07-04-2025,04-09-2025,04/18/2025,04/28/2025,SwiftShip,Central,South,Central-South,Road,1770,Traffic,Delivered,1386.71,Economy
SHP005572,11-01-2025,03-Nov-25,05-Nov-25,05-Nov-25,RoadRunner,East,West,East-West,Road,440,,Delivered,604.09,Express
SHP003799,07/15/2025,07/16/2025,18-Jul-25,07/22/2025,SwiftShip,West,Central,West-Central,Air,1320,Vehicle Issue,Delivered,2385.89,Express
SHP002290,17-07-2025,21-Jul-25,27-Jul-25,27-07-2025,RoadRunner,Central,South,Central-South,Road,1390,,Delivered,1364.73,Economy
SHP005748,12/18/2025,21-12-2025,26-12-2025,24-12-2025,SwiftShip,Central,East,Central-East,Road,470,,Delivered,546.45,Standard
SHP003973,31-08-2025,02-Sep-25,09-09-2025,12-09-2025,RoadRunner,West,East,West-East,Road,1560,Warehouse Backlog,Delivered,1648.49,Economy
SHP001167,09-Jan-25,11-01-2025,01/20/2025,25-01-2025,SwiftShip,South,West,South-West,Road,2200,Customs,Delivered,2066.82,Express
SHP006105,15-09-2025,17-Sep-25,21-09-2025,25-09-2025,RoadRunner,North,South,North-South,Air,2320,Capacity Constraint,Undelivered,2862.4,Express
SHP003254,19-05-2025,20-May-25,24-May-25,27-05-2025,ParcelPro,Central,West,Central-West,Road,820,Weather,Delivered,999.94,Express
SHP005376,02-08-2025,02-12-2025,14-Feb-25,02-12-2025,MetroLogix,East,North,East-North,Rail,370,,Delivered,414.42,Standard
SHP006222,20-01-2025,23-Jan-25,01/28/2025,,ParcelPro,East,North,East-North,Road,880,,In Transit,831.27,Economy
SHP000773,12-09-2025,12-12-2025,14-Dec-25,14-Dec-25,ParcelPro,Central,East,Central-East,Rail,570,,Delivered,578.78,Standard
SHP003798,05-02-2025,05-04-2025,11-May-25,15-05-2025,RoadRunner,South,East,South-East,Road,1760,Traffic,Delivered,1674.98,Standard
SHP000325,17-02-2025,19-Feb-25,23-Feb-25,22-Feb-25,SwiftShip,Central,West,Central-West,Air,2140,,Delivered,4690.75,Express
SHP001235,20-Feb-25,21-02-2025,03-02-2025,01-Mar-25,SkyFreight,East,North,East-North,Road,1770,,Delivered,2517.43,Economy
SHP002106,26-Apr-25,04/29/2025,05-04-2025,08-05-2025,RoadRunner,North,East,North-East,Air,2180,Capacity Constraint,Delivered,4391.5,Economy
SHP000376,02-12-2025,02/13/2025,18-02-2025,19-Feb-25,RoadRunner,East,South,East-South,Road,830,Vehicle Issue,Delivered,723.58,Express
SHP004871,10-Oct-25,10-12-2025,17-10-2025,10/20/2025,RoadRunner,East,South,East-South,Rail,1730,Warehouse Backlog,Delivered,1564.18,Economy
SHP006111,19-Aug-25,21-Aug-25,26-08-2025,25-08-2025,SwiftShip,East,South,East-South,Road,1100,,Delivered,1086.63,Express
SHP003273,02/25/2025,28-02-2025,03-03-2025,01-Mar-25,ParcelPro,Central,West,Central-West,Air,1170,,Delivered,1613.03,Express
SHP003727,04-Aug-25,06-08-2025,08-12-2025,08-11-2025,RoadRunner,Central,South,Central-South,Rail,1410,,Delivered,1625.01,Economy
SHP000830,09-Mar-25,11-03-2025,15-03-2025,17-03-2025,MetroLogix,North,West,North-West,Air,2290,Traffic,Delivered,2662.27,Standard
SHP000805,10-Apr-25,04-12-2025,04/19/2025,04/19/2025,SwiftShip,Central,South,Central-South,Road,1160,,Delivered,1291.35,Economy
SHP006280,05-May-25,06-05-2025,11-05-2025,18-05-2025,SkyFreight,East,South,East-South,Road,1330,Customs,Delivered,1371.16,Express
SHP002902,07-03-2025,10-03-2025,14-03-2025,03-12-2025,MetroLogix,West,South,West-South,Road,670,,Delivered,818.27,Economy
SHP005097,05-09-2025,08-09-2025,16-09-2025,23-Sep-25,ParcelPro,South,West,South-West,Road,1390,Customs,Delivered,997.5,Economy
SHP001572,16-07-2025,20-Jul-25,23-Jul-25,,RoadRunner,South,North,South-North,Road,280,,Cancelled,349.64,Standard
SHP002826,02/28/2025,01-Mar-25,03-03-2025,03-03-2025,ParcelPro,North,Central,North-Central,Rail,510,,Delivered,578.78,Standard
SHP003812,25-Dec-25,29-Dec-25,04-Jan-26,03-Jan-26,ParcelPro,Central,North,Central-North,Air,2400,,Delivered,4242.72,Express
SHP004018,01-02-2025,04-01-2025,11-Jan-25,,ParcelPro,West,North,West-North,Rail,1660,,In Transit,1088.47,Economy
SHP005071,08-11-2025,14-08-2025,18-Aug-25,20-08-2025,MetroLogix,Central,South,Central-South,Road,520,Customs,Delivered,705.5,Standard
SHP005878,07-03-2025,07-04-2025,08-Jul-25,07-06-2025,ParcelPro,East,South,East-South,Road,140,,Delivered,184.14,Standard
SHP001791,09/26/2025,09/28/2025,01-Oct-25,01-Oct-25,RoadRunner,Central,West,Central-West,Air,1650,,Delivered,3006.99,Economy
SHP000911,31-07-2025,08-02-2025,09-08-2025,10-08-2025,SkyFreight,East,Central,East-Central,Road,1460,Weather,Delivered,1530.11,Standard
SHP005897,20-09-2025,09/22/2025,25-Sep-25,30-09-2025,SkyFreight,East,West,East-West,Air,900,Traffic,Delivered,1513.01,Standard
SHP005356,16-Mar-25,03/18/2025,22-03-2025,27-Mar-25,SwiftShip,West,South,West-South,Road,900,Vehicle Issue,Delivered,762.83,Standard
SHP002014,15-04-2025,16-Apr-25,04/21/2025,04/28/2025,SkyFreight,West,Central,West-Central,Air,2370,Traffic,Delivered,5582.75,Economy
SHP006086,29-06-2025,01-07-2025,07-07-2025,07-07-2025,  SKYFREIGHT  ,West,South,West-South,Road,1010,,Delivered,1208.05,Standard
SHP004010,17-11-2025,11/19/2025,25-Nov-25,11/24/2025,SwiftShip,South,Central,South-Central,Road,1100,,Delivered,1433.8,Economy
SHP002946,10-02-2025,05-Oct-25,10/14/2025,14-10-2025,SwiftShip,Central,South,Central-South,Road,2090,,Delivered,1542.67,Express
SHP001727,12/21/2025,22-12-2025,28-Dec-25,28-Dec-25,RoadRunner,South,West,South-West,Rail,1920,,Delivered,2019.27,Economy
SHP006011,01-Nov-25,02-Nov-25,11-11-2025,11-11-2025,SkyFreight,Central,North,Central-North,Road,2050,,Delivered,2650.58,Express
SHP003095,13-Mar-25,16-Mar-25,03/25/2025,04-04-2025,ParcelPro,Central,North,Central-North,Road,2330,Customs,Delivered,3276.87,Standard
SHP004755,12/15/2025,17-12-2025,23-Dec-25,24-Dec-25,MetroLogix,East,West,East-West,Rail,1580,Capacity Constraint,Delivered,1361.48,Standard
SHP003965,06/16/2025,06/17/2025,06/21/2025,06/19/2025,RoadRunner,North,Central,North-Central,Air,1130,,Delivered,1700.12,Standard
SHP005700,14-10-2025,10/15/2025,22-Oct-25,10/22/2025,ParcelPro,West,East,West-East,Road,1190,,Delivered,1516.41,Economy
SHP001197,03-06-2025,03-09-2025,13-03-2025,14-03-2025,MetroLogix,West,North,West-North,Air,900,Weather,Delivered,1535.04,Express
SHP000572,12/14/2025,17-12-2025,24-Dec-25,24-12-2025,SwiftShip,West,North,West-North,Road,1490,,Delivered,1617.06,Express
SHP002977,02-11-2025,14-02-2025,21-02-2025,02/21/2025,SkyFreight,Central,East,Central-East,Road,1430,,Delivered,1309.56,Economy
SHP002200,14-07-2025,16-07-2025,19-Jul-25,19-Jul-25,MetroLogix,South,Central,South-Central,Road,210,,Delivered,348.44,Standard
SHP005898,09-06-2025,11-06-2025,06/16/2025,,MetroLogix,South,Central,South-Central,Road,990,,In Transit,1259.83,Economy
SHP001432,01-Jul-25,02-07-2025,06-07-2025,06-07-2025,ParcelPro,Central,North,Central-North,Road,630,,Delivered,904.62,Standard
SHP001232,09-06-2025,09-09-2025,15-Sep-25,16-Sep-25,RoadRunner,North,West,North-West,Rail,1020,Traffic,Delivered,1020.79,Economy
SHP003053,08-06-2025,08-08-2025,08/13/2025,08/13/2025,SkyFreight,Central,South,Central-South,Air,2370,,Delivered,5556.85,Economy
SHP000363,06-08-2025,06-10-2025,06/14/2025,13-Jun-25,ParcelPro,South,Central,South-Central,Rail,480,,Delivered,426.12,Standard
SHP006343,05/13/2025,15-05-2025,05/18/2025,05/18/2025,MetroLogix,West,North,West-North,Air,470,,Delivered,1085.4,Standard
SHP001109,02-Nov-25,11-04-2025,11-07-2025,11-06-2025,SwiftShip,Central,South,Central-South,Air,700,,Delivered,1354.1,Express
SHP002793,07-12-2025,07/14/2025,21-Jul-25,,ParcelPro,North,Central,North-Central,Road,1830,Capacity Constraint,In Transit,2416.86,Standard
SHP003989,07-11-2025,07/13/2025,07/22/2025,23-Jul-25,RoadRunner,North,East,North-East,Road,2130,Warehouse Backlog,Delivered,3067.72,Standard
SHP003025,05-08-2025,07-08-2025,16-08-2025,08/19/2025,MetroLogix,South,Central,South-Central,Road,1770,Vehicle Issue,Delivered,1641.69,Express
SHP005446,09/27/2025,30-09-2025,10-10-2025,09-Oct-25,RoadRunner,South,East,South-East,Road,2270,,Delivered,2434.1,Standard
SHP003760,09-08-2025,13-Aug-25,08/16/2025,17-Aug-25,MetroLogix,North,Central,North-Central,Road,290,Traffic,Delivered,284.71,Economy
SHP005697,16-May-25,17-05-2025,23-May-25,05/21/2025,SkyFreight,North,Central,North-Central,Rail,1630,,Delivered,1030.07,Express
SHP002017,15-02-2025,02/16/2025,18-Feb-25,,RoadRunner,West,North,West-North,Road,140,,Cancelled,263.08,Economy
SHP003004,03-Aug-25,08-05-2025,10-08-2025,09-Aug-25,RoadRunner,West,North,West-North,Road,1030,,Delivered,1354.43,Economy
SHP000599,19-Jul-25,20-07-2025,07/26/2025,07/28/2025,ParcelPro,East,West,East-West,Road,1400,Warehouse Backlog,Delivered,2025.26,Express
SHP002186,09-01-2025,04-09-2025,09-Sep-25,12-Sep-25,ParcelPro,South,West,South-West,Air,1830,Traffic,Delivered,2335.65,Economy
SHP000549,04-09-2025,09-05-2025,13-09-2025,13-09-2025,SkyFreight,East,Central,East-Central,Road,2010,,Delivered,2325.65,Economy
SHP001484,13-Jul-25,07/14/2025,17-07-2025,16-07-2025,MetroLogix,North,South,North-South,Road,240,,Delivered,266.06,Express
SHP004150,06/16/2025,06/17/2025,20-Jun-25,20-Jun-25,ParcelPro,South,West,South-West,Rail,600,,Delivered,418.9,Express
SHP000288,05-Feb-25,08-02-2025,02/13/2025,02/20/2025,MetroLogix,Central,North,Central-North,Rail,1010,Traffic,Delivered,1151.39,Standard
SHP001670,01/13/2025,01/15/2025,01/17/2025,21-01-2025,MetroLogix,West,South,West-South,Road,190,Customs,Delivered,340.6,Economy
SHP001301,29-May-25,31-05-2025,06-07-2025,09-Jun-25,MetroLogix,East,West,East-West,Road,1480,Vehicle Issue,Delivered,1668.65,Express
SHP006366,09-06-2025,08-09-2025,09-11-2025,16-09-2025,ParcelPro,East,North,East-North,Road,130,Weather,Delivered,179.88,Economy
SHP003087,14-03-2025,03/16/2025,20-03-2025,03/21/2025,ParcelPro,Central,North,Central-North,Road,920,Traffic,Delivered,1211.34,Express
SHP001895,11-06-2025,06/14/2025,18-06-2025,18-06-2025,RoadRunner,South,West,South-West,Air,1160,,Delivered,1697.84,Standard
SHP001287,11-01-2025,01/14/2025,19-Jan-25,18-01-2025,SwiftShip,West,East,West-East,Road,620,,Delivered,898.93,Standard
SHP002535,04-11-2025,04-12-2025,18-04-2025,17-04-2025,ParcelPro,Central,South,Central-South,Rail,1230,,Delivered,1293.71,Express
SHP002829,01-08-2025,10-Jan-25,16-Jan-25,01/23/2025,MetroLogix,West,Central,West-Central,Road,1380,Weather,Delivered,1376.79,Express
SHP000095,02-May-25,05-06-2025,05-10-2025,05/17/2025,SkyFreight,Central,North,Central-North,Road,730,Traffic,Delivered,935.87,Express
SHP003070,08/17/2025,20-Aug-25,24-08-2025,24-Aug-25,SwiftShip,North,East,North-East,Air,600,,Delivered,1435.94,Economy
SHP001192,23-Jun-25,06/24/2025,01-Jul-25,06-Jul-25,SkyFreight,North,East,North-East,Road,1250,Warehouse Backlog,Delivered,1599.22,Standard
SHP004481,24-Apr-25,04/25/2025,30-Apr-25,05-02-2025,RoadRunner,West,South,West-South,Air,1740,Traffic,Delivered,3080.54,Economy
SHP004892,01-05-2025,05-04-2025,07-05-2025,05-08-2025,RoadRunner,Central,East,Central-East,Road,740,Capacity Constraint,Delivered,1091.82,Express
SHP005038,08-Jul-25,07-10-2025,07/17/2025,17-Jul-25,RoadRunner,North,East,North-East,Road,1150,,Delivered,965.77,Economy
SHP002865,16-Oct-25,18-Oct-25,20-10-2025,27-10-2025,ParcelPro,South,West,South-West,Air,670,Weather,Delivered,1408.16,Economy
SHP003415,22-Jan-25,24-Jan-25,01/28/2025,,ParcelPro,Central,West,Central-West,Road,780,,In Transit,706.76,Economy
SHP002988,09-Jun-25,06-11-2025,14-Jun-25,14-06-2025,ParcelPro,North,Central,North-Central,Air,1350,,Delivered,2481.23,Standard
SHP003946,04-06-2025,07-06-2025,11-06-2025,14-Jun-25,RoadRunner,North,South,North-South,Air,1830,Weather,Delivered,3041.79,Standard
SHP002380,29-01-2025,02-01-2025,09-Feb-25,02-08-2025,ParcelPro,South,Central,South-Central,Road,2110,,Delivered,2091.9,Express
SHP003728,08-03-2025,05-08-2025,13-08-2025,18-Aug-25,RoadRunner,East,Central,East-Central,Road,1590,Warehouse Backlog,Delivered,1484.52,Standard
SHP001997,04-Oct-25,06-10-2025,10-Oct-25,10-10-2025,RoadRunner,Central,East,Central-East,Air,1690,,Delivered,2335.83,Economy
SHP000283,27-Oct-25,10/29/2025,11-04-2025,09-11-2025,MetroLogix,Central,South,Central-South,Road,820,Customs,Delivered,850.68,Express
SHP003704,23-Nov-25,26-Nov-25,12-02-2025,,MetroLogix,North,East,North-East,Road,1490,,Cancelled,1931.6,Standard
SHP001366,02/18/2025,02/22/2025,26-Feb-25,25-02-2025,MetroLogix,Central,West,Central-West,Air,390,,Delivered,911.94,Standard
SHP005140,09-Sep-25,09-11-2025,17-Sep-25,09/15/2025,MetroLogix,East,Central,East-Central,Road,1490,,Delivered,1118.1,Economy
SHP004330,04/29/2025,05-03-2025,06-May-25,08-May-25,MetroLogix,East,Central,East-Central,Road,230,Capacity Constraint,Delivered,321.26,Express
SHP004804,09/19/2025,20-Sep-25,22-09-2025,22-09-2025,SkyFreight,West,East,West-East,Air,440 km,,Delivered,928.76,Standard
SHP006365,08-10-2025,13-Aug-25,08/22/2025,08/25/2025,SwiftShip,South,West,South-West,Road,2030,Traffic,Delivered,2894,Economy
SHP004426,15-Nov-25,17-11-2025,23-11-2025,23-11-2025,MetroLogix,East,Central,East-Central,Rail,1500,,Delivered,1280.68,Express
SHP002459,11-01-2025,04-Nov-25,11-08-2025,08-11-2025,MetroLogix,West,South,West-South,Road,560,,Delivered,841.84,Express
SHP005046,24-May-25,28-05-2025,03-Jun-25,06-07-2025,RoadRunner,Central,West,Central-West,Road,1520,Weather,Delivered,1852.41,Economy
SHP006234,16-Jan-25,19-Jan-25,27-01-2025,29-01-2025,SkyFreight,West,Central,West-Central,Road,1550,Customs,Delivered,1807.51,Standard
SHP004269,14-11-2025,17-Nov-25,20-11-2025,20-11-2025,MetroLogix,Central,South,Central-South,Road,670,,Delivered,803.7,Economy
SHP003921,11/26/2025,28-Nov-25,02-Dec-25,05-Dec-25,RoadRunner,South,East,South-East,Road,230,Capacity Constraint,Delivered,326.42,Economy
SHP004740,11/29/2025,11/30/2025,02-12-2025,30-11-2025,MetroLogix,East,Central,East-Central,Air,1120,,Delivered,1824.04,Economy
SHP002825,02-08-2025,02-11-2025,02/20/2025,20-Feb-25,MetroLogix,West,North,West-North,Road,2230,,Delivered,2353.54,Express
SHP002273,14-Oct-25,10/16/2025,10/26/2025,25-Oct-25,SkyFreight,West,South,West-South,Road,2250,,Delivered,2515.85,Economy
SHP000089,20-Jan-25,21-Jan-25,28-01-2025,28-01-2025,SwiftShip,North,East,North-East,Road,1410,,Delivered,1482.09,Express
SHP004617,11-Nov-25,12-11-2025,22-11-2025,23-11-2025,MetroLogix,West,East,West-East,Road,2130,Vehicle Issue,Delivered,1868.88,Express
SHP004585,10/21/2025,23-Oct-25,10/30/2025,10/30/2025,RoadRunner,South,Central,South-Central,Road,1880,,Delivered,2634.45,Economy
SHP004581,30-05-2025,01-06-2025,06-11-2025,06/13/2025,RoadRunner,Central,West,Central-West,Road,2050,Warehouse Backlog,Delivered,1883,Standard
SHP003739,13-01-2025,01/14/2025,20-Jan-25,01/22/2025,SwiftShip,East,Central,East-Central,Road,1300,Vehicle Issue,Delivered,1193.7,Express
SHP004234,17-Apr-25,04/18/2025,23-04-2025,04/28/2025,ParcelPro,East,Central,East-Central,Road,730,Customs,Delivered,691.63,Economy
SHP001043,02-Oct-25,04-10-2025,06-10-2025,06-Oct-25,SwiftShip,East,South,East-South,Air,980,,Delivered,1230.82,Economy
SHP001433,30-Jul-25,31-07-2025,08-03-2025,08-04-2025,RoadRunner,Central,North,Central-North,Air,1230,Warehouse Backlog,Delivered,1631.54,Standard
SHP003115,03-11-2025,05-Nov-25,07-Nov-25,07-Nov-25,SkyFreight,North,West,North-West,Air,450,,Undelivered,758.56,Standard
SHP002658,18-Jan-25,01/20/2025,29-Jan-25,29-01-2025,RoadRunner,West,Central,Unknown-Route,Road,1780,,Delivered,1704.08,Standard
SHP000439,06-May-25,07-May-25,05-10-2025,09-May-25,SwiftShip,North,East,North-East,Air,410,,Delivered,994.38,Express
SHP000799,22-Sep-25,09/24/2025,29-09-2025,09/29/2025,RoadRunner,Central,West,Central-West,Air,1620,,Delivered,3219.32,Express
SHP002494,06/23/2025,24-06-2025,05-Jul-25,04-Jul-25,ParcelPro,South,North,South-North,Road,2370,,Delivered,2986.51,Express
SHP002550,15-06-2025,17-Jun-25,20-Jun-25,20-Jun-25,MetroLogix,East,South,East-South,Air,2060,,Delivered,4426.8,Standard
SHP005187,03-01-2025,02-03-2025,08-Mar-25,,SkyFreight,East,West,East-West,Road,920,,In Transit,805.92,Standard
SHP001772,25-11-2025,11/27/2025,07-Dec-25,08-12-2025,SwiftShip,Central,East,Central-East,Road,2040,Warehouse Backlog,Delivered,2640.09,Standard
SHP004610,01-Nov-25,04-11-2025,08-11-2025,11-08-2025,SkyFreight,Central,West,Central-West,Road,830,,Delivered,810.42,Standard
SHP000094,21-03-2025,03/22/2025,03/27/2025,29-03-2025,RoadRunner,East,West,East-West,Rail,1700,Vehicle Issue,Delivered,1669.12,Economy
SHP000639,04/20/2025,22-Apr-25,27-04-2025,04-May-25,SwiftShip,East,Central,East-Central,Rail,1040,Weather,Delivered,874.58,Standard
SHP005290,11-Dec-25,14-Dec-25,20-Dec-25,23-12-2025,RoadRunner,North,East,North-East,Road,980,Weather,Delivered,732.01,Express
SHP002919,08-08-2025,11-08-2025,15-Aug-25,08/17/2025,ParcelPro,West,East,West-East,Air,1500,Customs,Delivered,2326.44,Economy
SHP004127,08-12-2025,10-Dec-25,15-Dec-25,,MetroLogix,South,East,South-East,Rail,1400,Customs,Cancelled,1069.66,Express
SHP003328,14-06-2025,06/16/2025,22-06-2025,06/22/2025,SwiftShip,South,North,South-North,Road,1640,,Delivered,1813.81,Economy
SHP003228,17-Feb-25,02/20/2025,02/25/2025,24-Feb-25,SwiftShip,South,North,South-North,Road,1050,,Delivered,933.92,Economy
SHP003835,01/20/2025,22-Jan-25,31-Jan-25,01/29/2025,MetroLogix,West,North,West-North,Road,2030,,Delivered,2902.89,Economy
SHP005663,09/30/2025,03-10-2025,10-12-2025,13-10-2025,SkyFreight,Central,South,Central-South,Road,2330,Vehicle Issue,Delivered,3265.26,Economy
SHP003081,11/14/2025,16-Nov-25,11/20/2025,25-Nov-25,MetroLogix,South,West,South-West,Road,810,Warehouse Backlog,Delivered,1081.03,Economy
SHP005104,06-08-2025,10-08-2025,14-Aug-25,08/18/2025,ParcelPro,East,West,East-West,Road,490,Vehicle Issue,Delivered,712.04,Express
SHP000841,11-05-2025,09-Nov-25,12-Nov-25,22-Nov-25,SkyFreight,North,West,North-West,Air,1220,Capacity Constraint,Delivered,1867.21,Express
SHP003024,30-Mar-25,04-01-2025,03-04-2025,13-Apr-25,RoadRunner,West,South,West-South,Rail,380,Warehouse Backlog,Delivered,373.91,Standard
SHP005533,21-04-2025,24-04-2025,01-May-25,29-04-2025,SwiftShip,West,East,West-East,Road,1580,,Delivered,1187.81,Standard
SHP002044,07-Nov-25,09-Nov-25,11-12-2025,12-Nov-25,SwiftShip,East,West,East-West,Road,150,,Delivered,257.58,Express
SHP005255,02-Jul-25,04-07-2025,09-Jul-25,,SwiftShip,Central,North,Central-North,Air,2120,Weather,In Transit,4414.01,Economy
SHP000140,27-02-2025,02/28/2025,03-04-2025,02-03-2025,ParcelPro,South,East,South-East,Road,370 km,,Delivered,398.41,Standard
SHP001189,18-Feb-25,02/20/2025,24-02-2025,03-03-2025,RoadRunner,East,North,East-North,Air,1920,Capacity Constraint,Delivered,3205.79,Express
SHP000726,09/18/2025,09/19/2025,09/24/2025,,SkyFreight,East,South,East-South,Road,1240,,In Transit,986.12,Standard
SHP001341,24-05-2025,25-May-25,05/27/2025,30-May-25,MetroLogix,East,Central,East-Central,Air,810,Traffic,Undelivered,1649.36,Economy
SHP006430,07/25/2025,07/26/2025,08-01-2025,01-08-2025,SwiftShip,Central,South,Central-South,Road,1490,,Delivered,1479.24,Standard
SHP005133,03-Aug-25,05-Aug-25,10-Aug-25,10-08-2025,RoadRunner,East,Central,Unknown-Route,Rail,1790,,Delivered,1932.53,Economy
SHP001890,16-10-2025,19-10-2025,23-10-2025,24-10-2025,MetroLogix,North,East,North-East,Air,540,Customs,Delivered,1175.29,Economy
SHP005489,11-May-25,05/13/2025,18-05-2025,19-05-2025,RoadRunner,West,Central,West-Central,Road,860,Weather,Delivered,1262.73,Express
SHP002181,12/31/2025,01-Jan-26,01-09-2026,01/16/2026,SkyFreight,Central,South,Central-South,Rail,1920,Warehouse Backlog,Delivered,1431.69,Economy
SHP006276,10-Nov-25,12-Nov-25,21-11-2025,21-11-2025,SkyFreight,East,North,East-North,Road,2260,,Delivered,2955.11,Standard
SHP001936,06-03-2025,04-Jun-25,08-Jun-25,06-06-2025,MetroLogix,South,West,South-West,Road,450,,Delivered,603.29,Economy
SHP002938,03-08-2025,11-Mar-25,15-Mar-25,19-Mar-25,RoadRunner,North,Central,North-Central,Rail,1330,Customs,Delivered,948.63,Economy
SHP002560,19-11-2025,11/21/2025,11/23/2025,24-11-2025,SkyFreight,North,Central,North-Central,Road,160,Weather,Delivered,237.04,Standard
SHP005517,29-08-2025,08/31/2025,08-Sep-25,10-Sep-25,ParcelPro,West,North,West-North,Road,1380,Capacity Constraint,Delivered,1986.82,Standard
SHP006311,08/24/2025,08/26/2025,28-Aug-25,08/30/2025,MetroLogix,East,North,East-North,Air,130,Traffic,Delivered,297.62,Economy
SHP006262,20-02-2025,22-02-2025,01-Mar-25,27-Feb-25,SkyFreight,Central,East,Central-East,Road,1830,,Delivered,2547.91,Standard
SHP001629,08/18/2025,21-08-2025,28-08-2025,08/29/2025,MetroLogix,South,West,South-West,Rail,2010,Traffic,Delivered,1914.31,Standard
SHP001219,07-06-2025,08-07-2025,07/15/2025,16-Jul-25,RoadRunner,West,North,West-North,Rail,2200,Warehouse Backlog,Delivered,1886.23,Economy
SHP003757,03/31/2025,04-01-2025,04-05-2025,05-Apr-25,MetroLogix,East,South,East-South,Road,310,,Delivered,343.21,Express
SHP005003,26-07-2025,27-07-2025,31-07-2025,02-08-2025,SkyFreight,Central,South,Central-South,Air,1410,Vehicle Issue,Delivered,1804.47,Standard
SHP002129,11-07-2025,11-08-2025,10-11-2025,15-Nov-25,SwiftShip,South,Central,South-Central,Road,190,Warehouse Backlog,Delivered,351.3,Economy
SHP004332,06-08-2025,06-10-2025,14-06-2025,12-06-2025,RoadRunner,North,Central,North-Central,Air,2380,,Delivered,4921.12,Economy
SHP002043,04/15/2025,04/17/2025,21-Apr-25,22-04-2025,RoadRunner,South,North,South-North,Road,710,Vehicle Issue,Delivered,989.91,Economy
SHP002778,02-06-2025,02-07-2025,02-10-2025,02-12-2025,MetroLogix,North,Central,North-Central,Road,340,Traffic,Delivered,484.03,Standard
SHP000959,10-08-2025,10-Oct-25,10/15/2025,,ParcelPro,South,West,South-West,Road,620,Traffic,Delivered,550.72,Economy
SHP005124,04-03-2025,05-Mar-25,10-Mar-25,03-10-2025,MetroLogix,West,South,West-South,Road,1330,,Delivered,1617.53,Standard
SHP005654,04/30/2025,02-05-2025,05-10-2025,,RoadRunner,Central,South,Central-South,Road,1370,,Cancelled,1904.82,Standard
SHP005200,25-Nov-25,27-Nov-25,02-Dec-25,02-Dec-25,SkyFreight,North,East,North-East,Road,990,,Delivered,741.52,Express
SHP001313,08/18/2025,20-08-2025,08/23/2025,27-Aug-25,ParcelPro,North,Central,North-Central,Air,1750,Capacity Constraint,Delivered,3927.4,Standard
SHP001121,01-05-2025,05-03-2025,09-05-2025,10-May-25,MetroLogix,Central,East,Central-East,Air,2310,Traffic,Delivered,5580.39,Standard
SHP001689,21-02-2025,02/22/2025,26-Feb-25,05-Mar-25,MetroLogix,South,East,South-East,Road,420,Weather,Delivered,558.75,Standard
SHP001651,20-Nov-25,11/22/2025,01-Dec-25,01-Dec-25,MetroLogix,South,North,South-North,Road,2090,,Delivered,2403.73,Standard
SHP006210,08/27/2025,30-08-2025,05-Sep-25,09-05-2025,ParcelPro,Central,North,Central-North,Road,1100,,Delivered,860.44,Express
SHP005825,06/22/2025,23-06-2025,07-02-2025,01-07-2025,SwiftShip,South,West,South-West,Road,1770,,Delivered,1705.95,Standard
SHP003967,28-Feb-25,03-04-2025,07-Mar-25,07-Mar-25,RoadRunner,Central,South,Central-South,Air,840,,Delivered,1759.78,Economy
SHP005945,05/15/2025,18-05-2025,05/28/2025,05/28/2025,ParcelPro,South,North,South-North,Road,2240,,Delivered,1904.9,Standard
SHP001794,26-07-2025,28-07-2025,03-Aug-25,08-02-2025,ParcelPro,West,Central,West-Central,Road,970,,Delivered,1174.5,Economy
SHP002749,31-07-2025,02-08-2025,06-Aug-25,08-08-2025,SkyFreight,North,West,North-West,Road,260,Traffic,Delivered,369.03,Economy
SHP004303,09-Jul-25,07-11-2025,15-07-2025,13-Jul-25,SwiftShip,Central,South,Central-South,Rail,1120,,Delivered,1067.75,Economy
SHP002285,13-01-2025,14-Jan-25,01/17/2025,,SkyFreight,Central,West,Central-West,Air,450,,In Transit,742.52,Standard
SHP000447,10-Jun-25,12-Jun-25,16-06-2025,16-06-2025,RoadRunner,East,Central,East-Central,Air,2380,,Delivered,3059.56,Economy
SHP000278,03-Apr-25,05-04-2025,09-Apr-25,09-04-2025,RoadRunner,South,East,South-East,Rail,670,,Delivered,755.15,Standard
SHP003304,07-May-25,05-09-2025,13-May-25,05/18/2025,SkyFreight,Central,North,Unknown-Route,Rail,460,Capacity Constraint,Delivered,413.03,Economy
SHP003951,25-02-2025,26-02-2025,04-03-2025,11-Mar-25,SwiftShip,South,North,South-North,Air,2280,Vehicle Issue,Delivered,4436.17,Express
SHP004096,07/28/2025,30-07-2025,07-08-2025,09-08-2025,ParcelPro,North,West,North-West,Road,1750,Customs,Delivered,1241.21,Express
SHP000211,29-06-2025,01-07-2025,07-04-2025,07/14/2025,MetroLogix,East,Central,East-Central,Air,1870,Weather,Delivered,2778.94,Standard
SHP005422,05-01-2025,06-01-2025,11-01-2025,11-01-2025,RoadRunner,South,West,South-West,Air,1520,,Delivered,2882.43,Express
SHP005202,24-03-2025,26-Mar-25,04-04-2025,,MetroLogix,North,West,North-West,Road,2320,Capacity Constraint,Delivered,1865.68,Standard
SHP000608,23-07-2025,25-Jul-25,01-08-2025,01-08-2025,ParcelPro,Central,East,Central-East,Road,1420,,Delivered,1209.03,Economy
SHP002420,12-11-2025,12-12-2025,12/16/2025,16-Dec-25,ParcelPro,South,East,South-East,Air,150,,Delivered,272.54,Express
SHP005156,25-Dec-25,12/28/2025,31-Dec-25,02-Jan-26,MetroLogix,East,South,East-South,Air,630,Customs,Delivered,867.23,Economy
SHP004819,23-Aug-25,26-08-2025,09-04-2025,04-Sep-25,SwiftShip,East,South,East-South,Rail,2310,,Delivered,1933.1,Standard
SHP000967,15-10-2025,17-Oct-25,23-Oct-25,10/23/2025,MetroLogix,East,North,East-North,Road,1260,,Delivered,1178.26,Standard
SHP001740,19-08-2025,08/21/2025,28-Aug-25,08/28/2025,SkyFreight,Central,North,Central-North,Road,1910,,Delivered,2168.43,Express
SHP000503,12-12-2025,13-12-2025,18-Dec-25,12/21/2025,RoadRunner,Central,West,Central-West,Road,1260,Traffic,Delivered,1419.72,Express
SHP004497,31-Aug-25,03-Sep-25,10-Sep-25,09-Sep-25,RoadRunner,South,North,South-North,Road,1560,,Delivered,1110.15,Economy
SHP005047,10-Jan-25,11-Jan-25,14-01-2025,13-Jan-25,RoadRunner,South,West,South-West,Air,470,,Delivered,1095.12,Economy
SHP000128,06/19/2025,06/22/2025,06/25/2025,26-06-2025,SwiftShip,East,North,East-North,Rail,520,Capacity Constraint,Delivered,583.59,Economy
SHP002827,29-Oct-25,31-Oct-25,05-11-2025,05-Nov-25,ParcelPro,South,East,South-East,Road,1260,,Delivered,1317.73,Economy
SHP001215,11-04-2025,04/13/2025,17-04-2025,,ParcelPro,Central,West,Central-West,Road,1000,,Delivered,837.11,Express
SHP004043,23-Jan-25,01/26/2025,30-Jan-25,30-01-2025,ParcelPro,West,North,West-North,Road,660,,Delivered,810.4,Economy
SHP004008,08-07-2025,11-07-2025,15-07-2025,15-07-2025,RoadRunner,East,West,East-West,Air,1820,,Delivered,2182.95,Standard
SHP005862,14-Mar-25,15-Mar-25,18-03-2025,22-Mar-25,MetroLogix,South,West,South-West,Air,410,Warehouse Backlog,Delivered,1029.84,Standard
SHP006201,04/18/2025,21-Apr-25,29-04-2025,,SwiftShip,West,East,West-East,Road,1880,,Cancelled,2234.18,Express
SHP001664,27-Jun-25,06/30/2025,07-06-2025,06-07-2025,SwiftShip,West,East,West-East,Road,1010,,Delivered,752.84,Standard
SHP003759,04/15/2025,16-Apr-25,22-04-2025,05-02-2025,RoadRunner,South,West,South-West,Rail,1310,Customs,Delivered,1502.5,Express
SHP004249,06-Feb-25,02-07-2025,09-02-2025,,SkyFreight,South,Central,South-Central,Air,1100,,Cancelled,2039.86,Economy
SHP004236,19-Feb-25,20-Feb-25,01-Mar-25,02-Mar-25,MetroLogix,North,West,North-West,Road,2100,Capacity Constraint,Delivered,1870.78,Standard
SHP003666,24-Dec-25,12/27/2025,03-Jan-26,03-01-2026,ParcelPro,Central,West,Central-West,Road,1770,,Delivered,1768.8,Standard
SHP004128,08/25/2025,26-Aug-25,30-08-2025,31-08-2025,SkyFreight,South,Central,South-Central,Rail,690,Customs,Delivered,475.89,Standard
SHP004240,11-Sep-25,13-09-2025,09/22/2025,24-Sep-25,MetroLogix,North,Central,North-Central,Road,1730,Traffic,Delivered,1437.05,Economy
SHP002136,12/23/2025,26-Dec-25,12/28/2025,01-01-2026,RoadRunner,South,North,South-North,Rail,250,Capacity Constraint,Delivered,346.18,Express
SHP000328,22-10-2025,10/24/2025,26-Oct-25,26-Oct-25,RoadRunner,West,Central,West-Central,Air,490,,Delivered,880.84,Express
SHP005835,28-06-2025,06/29/2025,05-07-2025,07-06-2025,RoadRunner,West,South,West-South,Road,1140,Weather,Delivered,1520.36,Standard
SHP000122,07-Jun-25,10-Jun-25,06/18/2025,18-06-2025,RoadRunner,East,Central,East-Central,Rail,2120,,Delivered,1814.99,Standard
SHP002921,09-12-2025,12-12-2025,20-Dec-25,12/22/2025,MetroLogix,East,Central,East-Central,Road,2060,Capacity Constraint,Delivered,2657.41,Express
SHP001742,01-11-2025,13-Jan-25,24-Jan-25,31-Jan-25,RoadRunner,South,Central,South-Central,Road,2390,Warehouse Backlog,Delivered,3234.51,Express
SHP002816,06-06-2025,09-06-2025,18-06-2025,06/20/2025,MetroLogix,West,Central,West-Central,Road,1690,Capacity Constraint,Delivered,1513.07,Economy
SHP002421,04-01-2025,03-04-2025,04-06-2025,09-Apr-25,MetroLogix,North,West,North-West,Air,1820,Customs,Delivered,4187.49,Economy
SHP002733,13-Aug-25,15-08-2025,08/19/2025,23-08-2025,MetroLogix,South,West,South-West,Road,360,Weather,Delivered,589.21,Express
SHP003433,10-01-2025,12-Jan-25,16-Jan-25,01/14/2025,SwiftShip,South,Central,South-Central,Air,640,,Delivered,1264.99,Economy
SHP001244,04/14/2025,04/16/2025,04/24/2025,24-04-2025,SkyFreight,South,Central,South-Central,Road,1770,,Delivered,1338.99,Standard
SHP004524,03/23/2025,25-03-2025,30-03-2025,28-03-2025,SwiftShip,North,West,North-West,Road,1220,,Delivered,984.96,Express
SHP003340,22-09-2025,26-09-2025,10-03-2025,10-04-2025,MetroLogix,South,Central,South-Central,Rail,1670,Customs,Delivered,995.77,Standard
SHP003519,20-May-25,23-May-25,05/30/2025,05/30/2025,SkyFreight,South,West,South-West,Road,1770,,Delivered,1761.38,Express
SHP003239,29-Mar-25,03/31/2025,06-04-2025,05-04-2025,ParcelPro,East,Central,East-Central,Road,1000,,Delivered,775.16,Economy
SHP005031,21-Nov-25,11/23/2025,11/27/2025,26-11-2025,RoadRunner,Central,East,Central-East,Air,1370,,Delivered,2232.45,Express
SHP004676,04-05-2025,08-Apr-25,04/17/2025,15-04-2025,ParcelPro,West,East,West-East,Road,2070,,Delivered,2300.53,Standard
SHP003171,10/21/2025,24-10-2025,10/31/2025,11-07-2025,RoadRunner,North,East,North-East,Road,1820,Traffic,Delivered,2101.69,Standard
SHP002657,11-09-2025,12-Sep-25,09/19/2025,09/18/2025,SkyFreight,West,South,West-South,Road,1370,,Delivered,1722.8,Standard
SHP004810,09-06-2025,07-09-2025,18-09-2025,,SkyFreight,North,South,North-South,Road,2260,Traffic,In Transit,2072.13,Express
SHP002079,15-Aug-25,16-08-2025,08/25/2025,08/25/2025,SkyFreight,Central,West,Central-West,Road,2200,,Delivered,2541.3,Standard
SHP000221,12/23/2025,25-Dec-25,12/30/2025,30-12-2025,RoadRunner,West,North,West-North,Rail,1250,,Delivered,1046.76,Economy
SHP002322,05-09-2025,05-10-2025,14-May-25,15-May-25,RoadRunner,Central,West,Central-West,Rail,1110,Weather,Delivered,933.4,Express
SHP002927,12/15/2025,17-Dec-25,23-Dec-25,12/23/2025,SkyFreight,North,South,North-South,Air,2390,,Delivered,4965.3,Standard
SHP004398,09-Feb-25,02-12-2025,02/20/2025,02/24/2025,MetroLogix,Central,West,Central-West,Road,1450,Weather,Delivered,2079.69,Express
SHP002809,10-Aug-25,13-08-2025,18-Aug-25,31-12-2024,SwiftShip,North,South,North-South,Air,1860,Warehouse Backlog,Delivered,3318.04,Economy
SHP005775,14-Sep-25,17-Sep-25,23-Sep-25,09/23/2025,SkyFreight,East,South,East-South,Road,1480,,Delivered,1612,Standard
SHP002182,08/19/2025,21-Aug-25,28-Aug-25,26-Aug-25,,North,Central,North-Central,Road,1850,,Delivered,1475.32,Express
SHP006411,19-06-2025,21-06-2025,06/24/2025,26-Jun-25,SkyFreight,East,West,East-West,Air,1730,Traffic,Delivered,2386.42,Express
SHP005762,05-04-2025,07-04-2025,11-Apr-25,10-Apr-25,RoadRunner,North,Central,North-Central,Road,220,,Delivered,277.48,Economy
SHP002242,27-Jun-25,28-Jun-25,02-Jul-25,02-Jul-25,SkyFreight,South,East,South-East,Road,130,,Delivered,202.05,Express
SHP005261,24-02-2025,02/26/2025,03-02-2025,05-03-2025,SwiftShip,North,West,North-West,Road,290,Weather,Delivered,427.7,Standard
SHP004853,18-11-2025,22-11-2025,25-Nov-25,,SkyFreight,South,Central,South-Central,Road,280,,In Transit,337.82,Standard
SHP005055,08/28/2025,30-Aug-25,09-09-2025,,SwiftShip,East,Central,East-Central,Road,2270,Capacity Constraint,In Transit,1702.5,Express
SHP004701,05-01-2025,04-May-25,08-May-25,13-05-2025,RoadRunner,South,North,South-North,Air,1270,Warehouse Backlog,Delivered,1514.12,Standard
SHP003441,21-02-2025,02/24/2025,03-Mar-25,03-02-2025,SwiftShip,North,East,North-East,Road,1780,,Delivered,2442.24,Express
SHP002985,04-06-2025,09-04-2025,15-Apr-25,04/20/2025,,South,Central,South-Central,Rail,1040,Warehouse Backlog,Delivered,1150.73,Express
SHP001660,30-11-2025,01-12-2025,08-Dec-25,12-12-2025,ParcelPro,East,North,East-North,Road,1190,Traffic,Delivered,943.3,Standard
SHP003379,11/28/2025,29-Nov-25,04-Dec-25,12-03-2025,SwiftShip,South,West,South-West,Air,1590,,Delivered,2115.23,Economy
SHP002716,12/29/2025,12/30/2025,02-Jan-26,02-Jan-26,SwiftShip,North,Central,North-Central,Air,500,,Delivered,1192.28,Express
SHP003665,25-May-25,05/27/2025,30-05-2025,28-May-25,RoadRunner,North,East,North-East,Road,380,,Delivered,468.94,Express
SHP002400,30-06-2025,03-07-2025,09-Jul-25,09-Jul-25,SwiftShip,West,South,West-South,Road,960,,Delivered,1322.91,Express
SHP000334,04-07-2025,07-Jul-25,07/14/2025,17-Jul-25,SkyFreight,East,South,East-South,Road,1090,Vehicle Issue,Delivered,870.46,Economy
SHP005725,21-07-2025,23-Jul-25,07/30/2025,01-08-2025,MetroLogix,West,Central,West-Central,Rail,2130,Weather,Delivered,1336.9,Express
SHP005148,20-03-2025,21-Mar-25,03/26/2025,03/29/2025,SkyFreight,East,South,East-South,Road,550,Weather,Delivered,742.86,Standard
SHP005665,12/21/2025,23-Dec-25,12/29/2025,12/29/2025,SkyFreight,South,North,South-North,Rail,2060,,Delivered,1758.08,Standard
SHP005744,09-Aug-25,08-12-2025,17-Aug-25,19-Aug-25,SwiftShip,West,North,West-North,Road,970,Vehicle Issue,Delivered,890.93,Express
SHP005668,12/23/2025,12/25/2025,12/30/2025,01-09-2026,MetroLogix,West,East,West-East,Air,2070,Vehicle Issue,Delivered,2972.59,Economy
SHP003133,12-Sep-25,09/14/2025,09/18/2025,09/16/2025,RoadRunner,East,West,East-West,Air,1290,,Delivered,2384.89,Standard
SHP000836,01/26/2025,30-01-2025,04-Feb-25,07-Feb-25,SkyFreight,South,North,South-North,Rail,1190,Warehouse Backlog,Delivered,1080.22,Economy
SHP000590,08-11-2025,11-10-2025,17-Nov-25,17-Nov-25,SkyFreight,South,West,South-West,Rail,2160,,Delivered,2298.84,Standard
SHP001034,06-04-2025,08-04-2025,14-Apr-25,,SkyFreight,East,West,East-West,Road,1170,Vehicle Issue,Cancelled,1293.83,Standard
SHP001619,30-Jun-25,07-01-2025,05-07-2025,12-07-2025,SwiftShip,Central,East,Central-East,Air,1390,Warehouse Backlog,Delivered,2793.57,Standard
SHP002691,01-08-2025,03-08-2025,08-08-2025,08-08-2025,SkyFreight,North,South,North-South,Road,1350,,Delivered,1923.95,Economy
SHP000249,03/26/2025,28-03-2025,31-Mar-25,05-Apr-25,RoadRunner,South,East,South-East,Road,600,Traffic,Delivered,632.07,Economy
SHP006040,09/13/2025,09/15/2025,21-Sep-25,20-Sep-25,SwiftShip,West,East,West-East,Road,1320,,Delivered,1455.06,Economy
SHP001411,05-06-2025,06-07-2025,16-Jun-25,16-Jun-25,RoadRunner,West,Central,West-Central,Road,1720,,Delivered,1768.96,Express
SHP002224,28-03-2025,29-Mar-25,04-07-2025,04-09-2025,SwiftShip,West,South,West-South,Road,2320,Warehouse Backlog,Delivered,2264.46,Express
SHP004512,24-03-2025,03/26/2025,03/31/2025,30-03-2025,SkyFreight,South,East,South-East,Rail,1510,,Delivered,1072.33,Express
SHP005651,03-05-2025,07-03-2025,03/14/2025,13-03-2025,SwiftShip,North,South,North-South,Rail,1540,,Delivered,1771.15,Economy
SHP004606,18-08-2025,19-Aug-25,27-08-2025,27-08-2025,SkyFreight,Central,West,Central-West,Road,2230,,Delivered,2151.9,Economy
SHP002963,07-05-2025,07-06-2025,07-12-2025,07/15/2025,SkyFreight,Central,East,Central-East,Rail,1810,Customs,Delivered,1749.04,Standard
SHP005362,02-02-2025,03-02-2025,06-Feb-25,02-04-2025,SkyFreight,Central,North,Central-North,Road,270,,Delivered,445.68,Standard
SHP001164,23-01-2025,26-Jan-25,28-Jan-25,01/26/2025,ParcelPro,East,North,East-North,Road,120,,Delivered,178.32,Economy
SHP002540,01-Jan-25,01-03-2025,09-Jan-25,01-10-2025,ParcelPro,Central,North,Central-North,Air,2280,Customs,Delivered,4677.93,Standard
SHP006006,19-Jun-25,21-06-2025,29-Jun-25,,MetroLogix,West,South,West-South,Road,1610,Vehicle Issue,Cancelled,1839.65,Standard
SHP000327,06-Jan-25,01-08-2025,01/14/2025,14-01-2025,RoadRunner,South,East,South-East,Road,930,,Delivered,729.74,Economy
SHP005822,25-01-2025,27-Jan-25,02-06-2025,13-02-2025,RoadRunner,Central,North,Central-North,Road,2040,Vehicle Issue,Delivered,1995.23,Economy
SHP001908,21-Apr-25,04/25/2025,05-03-2025,04-May-25,ParcelPro,North,Central,North-Central,Road,1380,Capacity Constraint,Delivered,1838.48,Economy
SHP001661,29-Oct-25,30-10-2025,11-05-2025,06-11-2025,SwiftShip,Central,West,Central-West,Road,1450,Vehicle Issue,Delivered,1221.17,Economy
SHP001587,06/13/2025,14-06-2025,21-06-2025,21-06-2025,SkyFreight,South,East,South-East,Road,1830,,Delivered,2543.27,Express
SHP004202,14-Apr-25,04/16/2025,20-04-2025,04/20/2025,RoadRunner,East,West,East-West,Road,870,,Delivered,1124.14,Express
SHP001216,03-02-2025,03-Mar-25,06-03-2025,,ParcelPro,West,South,West-South,Air,1820,Vehicle Issue,In Transit,3714.84,Standard
SHP004784,07-10-2025,12-Jul-25,07/20/2025,19-Jul-25,SkyFreight,Central,South,Central-South,Rail,1860,,Delivered,1577.21,Standard
SHP002067,25-Sep-25,09/27/2025,01-Oct-25,11-Oct-25,RoadRunner,Central,West,Central-West,Air,450,Traffic,Delivered,849.35,Economy
SHP005504,03-Dec-25,06-Dec-25,10-12-2025,14-12-2025,ParcelPro,Central,South,Central-South,Air,330,Capacity Constraint,Delivered,746.79,Express
SHP003000,07/23/2025,25-Jul-25,29-Jul-25,31-Jul-25,MetroLogix,South,West,South-West,Air,1810,Capacity Constraint,Delivered,4111.3,Economy
SHP002173,02-May-25,05-05-2025,07-May-25,11-May-25,ParcelPro,Central,South,Central-South,Road,220,Vehicle Issue,Delivered,337.99,Standard
SHP001408,16-10-2025,10/18/2025,22-Oct-25,10/21/2025,ParcelPro,South,Central,South-Central,Rail,130,,Delivered,175.69,Economy
SHP001107,03/18/2025,21-03-2025,25-03-2025,26-03-2025,SwiftShip,North,West,North-West,Road,170,Warehouse Backlog,Delivered,273.99,Economy
SHP001084,09/28/2025,10-01-2025,09-10-2025,12-Oct-25,MetroLogix,East,Central,East-Central,Road,1990,Vehicle Issue,Delivered,2216.02,Standard
SHP001527,03/13/2025,03/15/2025,03/19/2025,03/26/2025,SkyFreight,North,East,North-East,Road,910,Customs,Delivered,876.49,Economy
SHP000813,07/31/2025,03-Aug-25,06-08-2025,08-05-2025,MetroLogix,West,South,West-South,Road,340,,Delivered,452.95,Standard
SHP001277,06/13/2025,16-Jun-25,21-Jun-25,24-06-2025,MetroLogix,West,South,West-South,Road,1190,Vehicle Issue,Delivered,888.29,Standard
SHP001610,05-07-2025,10-May-25,05/15/2025,,RoadRunner,South,East,South-East,Road,920,,In Transit,953.08,Standard
SHP003162,15-Nov-25,17-11-2025,26-11-2025,11/28/2025,RoadRunner,Central,North,Central-North,Road,2220,Traffic,Delivered,2750.05,Express
SHP005418,10-Dec-25,12-12-2025,12/17/2025,22-Dec-25,RoadRunner,Central,South,Central-South,Rail,1040,Warehouse Backlog,Delivered,1168.22,Express
SHP000047,03-09-2025,05-Sep-25,09-09-2025,12-Sep-25,RoadRunner,West,East,West-East,Rail,1340,Capacity Constraint,Delivered,811.4,Standard
SHP004648,31-10-2025,03-Nov-25,08-11-2025,06-Nov-25,RoadRunner,Central,East,Central-East,Road,790,,Delivered,917.05,Economy
SHP000191,22-02-2025,25-Feb-25,06-Mar-25,05-03-2025,MetroLogix,East,North,East-North,Road,2310,,Delivered,1901.55,Economy
SHP001866,10-08-2025,12-Aug-25,16-Aug-25,08/21/2025,MetroLogix,North,South,North-South,Road,620,Weather,Delivered,641.55,Economy
SHP006468,20-07-2025,23-07-2025,07/25/2025,07/23/2025,SkyFreight,West,North,West-North,Air,1130,,Delivered,2710.95,Economy
SHP005571,02/13/2025,17-02-2025,23-02-2025,28-Feb-25,MetroLogix,South,East,South-East,Rail,1570,Traffic,Delivered,1721.95,Economy
SHP004467,09-Feb-25,02-11-2025,14-02-2025,14-Feb-25,RoadRunner,East,North,East-North,Air,1720,,Delivered,3735.5,Economy
SHP005707,29-07-2025,30-Jul-25,06-08-2025,06-Aug-25,SkyFreight,South,Central,South-Central,Road,1080,,Delivered,1395.86,Economy
SHP006309,21-12-2025,23-Dec-25,27-Dec-25,12/30/2025,RoadRunner,East,South,East-South,Air,300,Vehicle Issue,Delivered,502.25,Express
SHP000498,27-11-2025,28-Nov-25,05-Dec-25,07-Dec-25,ParcelPro,Central,East,Central-East,Rail,1500,Customs,Delivered,1637.5,Standard
SHP003713,05-04-2025,08-Apr-25,10-04-2025,04-10-2025,SwiftShip,Central,North,Central-North,Air,370,,Delivered,614.7,Economy
SHP005400,21-Oct-25,22-Oct-25,28-10-2025,10/29/2025,SkyFreight,East,South,East-South,Road,880,Vehicle Issue,Undelivered,1003.25,Express
SHP001194,28-06-2025,29-06-2025,08-Jul-25,15-Jul-25,SkyFreight,East,North,East-North,Road,1680,Warehouse Backlog,Delivered,1954.92,Express
SHP003160,06-04-2025,09-04-2025,04/17/2025,21-04-2025,SwiftShip,South,North,South-North,Road,1890,Vehicle Issue,Delivered,2112.75,Standard
SHP001051,05-Apr-25,04-08-2025,11-04-2025,11-Apr-25,ParcelPro,West,South,West-South,Air,1220,,Delivered,2526.45,Express
SHP006219,10-Apr-25,11-04-2025,14-Apr-25,18-04-2025,ParcelPro,Central,North,Central-North,Air,800,Capacity Constraint,Delivered,1951.11,Express
SHP005532,24-Jul-25,26-Jul-25,07/31/2025,08-03-2025,MetroLogix,Central,West,Central-West,Air,2220,Vehicle Issue,Delivered,3556.56,Express
SHP002547,02-03-2025,04-02-2025,02-12-2025,02/17/2025,SkyFreight,Central,North,Central-North,Road,1730,Traffic,Delivered,1846.92,Economy
SHP002710,05-08-2025,07-Aug-25,08-11-2025,13-Aug-25,RoadRunner,Central,East,Central-East,Road,680,Weather,Delivered,572.52,Economy
SHP004503,19-09-2025,21-09-2025,09/23/2025,23-Sep-25,SwiftShip,South,North,South-North,Air,710,,Delivered,1242.43,Express
SHP000260,04-Jul-25,06-07-2025,09-07-2025,08-Jul-25,,Central,South,Central-South,Air,1780,,Delivered,3449.69,Economy
SHP004798,10-08-2025,11-08-2025,13-08-2025,08/17/2025,ParcelPro,Central,North,Central-North,Road,-25 km,Capacity Constraint,Delivered,534.61,Economy
SHP006057,08/13/2025,14-Aug-25,17-Aug-25,08/19/2025,RoadRunner,East,West,East-West,Road,540,Customs,Delivered,511.33,Economy
SHP002643,06-12-2025,14-06-2025,06/19/2025,19-06-2025,SwiftShip,West,Central,West-Central,Air,2350,,Delivered,3055.21,Economy
SHP001811,07-03-2025,08-03-2025,10-Mar-25,12-03-2025,RoadRunner,Central,West,Central-West,Air,660,Vehicle Issue,Delivered,881.92,Express
SHP004816,11-09-2025,11-11-2025,13-Nov-25,11/15/2025,RoadRunner,East,South,East-South,Road,380,Capacity Constraint,Delivered,471.65,Standard
SHP004797,21-10-2025,23-10-2025,30-10-2025,01-11-2025,ParcelPro,South,West,South-West,Road,1790,Vehicle Issue,Delivered,2165.27,Express
SHP004957,11-04-2025,06-11-2025,14-11-2025,15-11-2025,ParcelPro,North,West,North-West,Road,1700,Customs,Delivered,1920.57,Express
SHP004794,09/30/2025,10-01-2025,07-10-2025,10/14/2025,MetroLogix,West,East,West-East,Rail,2120,Vehicle Issue,Delivered,1992.69,Express
SHP003071,23-04-2025,04/25/2025,28-Apr-25,04/27/2025,ParcelPro,South,West,South-West,Rail,290,,Delivered,366.72,Standard
SHP002491,29-08-2025,31-Aug-25,02-Sep-25,02-09-2025,MetroLogix,West,East,West-East, road ,120,,Delivered,200,Economy
SHP002059,08/25/2025,08/28/2025,31-08-2025,08/31/2025,SkyFreight,North,East,North-East,Road,340,,Delivered,412.93,Standard
SHP000685,15-09-2025,18-Sep-25,09/24/2025,09/24/2025,RoadRunner,North,Central,North-Central,Road,1190,,Delivered,942.42,Standard
SHP003494,25-Mar-25,27-Mar-25,04-01-2025,04-04-2025,MetroLogix,Central,East,Central-East,Air,2160,Customs,Delivered,3899.5,Standard
SHP003893,04-Oct-25,06-Oct-25,10-10-2025,10-Oct-25,SkyFreight,North,East,North-East,Road,900,,Delivered,1323.07,Economy
SHP004435,10/30/2025,01-11-2025,10-11-2025,09-Nov-25,SkyFreight,Central,West,Central-West,Road,2210,,Delivered,1747.99,Economy
SHP002399,11/25/2025,11/26/2025,30-Nov-25,12-04-2025,SwiftShip,South,North,South-North,Air,1970,Warehouse Backlog,Delivered,4517.51,Economy
SHP002042,13-Feb-25,17-02-2025,21-Feb-25,21-Feb-25,SkyFreight,South,North,South-North,Road,990,,Delivered,1393.58,Express
SHP005843,11-Nov-25,11/13/2025,15-11-2025,11/15/2025,MetroLogix,West,Central,West-Central,Air,1340,,Delivered,2635.34,Standard
SHP001077,26-Sep-25,28-Sep-25,10-08-2025,08-10-2025,ParcelPro,Central,South,Central-South,Road,2230,,Delivered,2682.7,Express
SHP000575,20-07-2025,07/22/2025,30-Jul-25,30-Jul-25,SkyFreight,South,North,South-North,Road,1470,,Delivered,1479.63,Standard
SHP000430,05/28/2025,05/30/2025,06-05-2025,06-05-2025,RoadRunner,East,West,East-West,Road,1100,,Delivered,991.35,Standard
SHP003301,12/22/2025,24-12-2025,12/27/2025,12/27/2025,ParcelPro,East,South,East-South,Road,270,,Delivered,466.48,Standard
SHP004192,04-06-2025,09-04-2025,12-Apr-25,13-Apr-25,RoadRunner,Central,East,Central-East,Rail,210,Customs,Delivered,208.27,Standard
SHP004599,17-06-2025,19-Jun-25,06/23/2025,21-Jun-25,ParcelPro,East,Central,East-Central,Air,1800,,Delivered,2794.61,Express
SHP006138,06-09-2025,09-09-2025,12-09-2025,09/15/2025,SwiftShip,South,West,South-West,Air,630,Customs,Delivered,1063.43,Economy
SHP003464,23-06-2025,24-06-2025,27-Jun-25,25-Jun-25,ParcelPro,North,South,North-South,Air,550,,Delivered,1319.64,Economy
SHP004143,11/20/2025,21-Nov-25,29-Nov-25,27-Nov-25,SwiftShip,West,East,West-East,Road,1440,,Delivered,1078.74,Standard
SHP000479,13-Aug-25,14-Aug-25,19-Aug-25,08/19/2025,,West,South,West-South,Air,1950,,Delivered,4631.06,Express
SHP003010,22-03-2025,24-03-2025,03/28/2025,03/28/2025,SwiftShip,East,South,East-South,Air,450,,Delivered,1010.82,Standard
SHP003268,24-Jan-25,01/25/2025,02-01-2025,01-Feb-25,ParcelPro,South,North,South-North,Rail,1560,,Delivered,1464.24,Standard
SHP004905,22-10-2025,10/24/2025,11-02-2025,03-Nov-25,MetroLogix,Central,South,Central-South,Road,1800,Traffic,Delivered,1872.97,Standard
SHP001741,12-Feb-25,13-Feb-25,19-Feb-25,22-Feb-25,SkyFreight,West,South,West-South, road ,1120,Weather,Delivered,1102.51,Express
SHP006241,18-10-2025,20-Oct-25,10/30/2025,11-01-2025,MetroLogix,Central,North,Central-North,Road,2300,Weather,Delivered,2548.77,Standard
SHP001964,10-Nov-25,11-Nov-25,15-Nov-25,16-Nov-25,ParcelPro,South,Central,South-Central,Rail,1090,Traffic,Delivered,1164.16,Standard
SHP004598,10-03-2025,05-Oct-25,07-10-2025,,SwiftShip,East,West,East-West,Road,250,,In Transit,371.51,Standard
SHP004817,05/29/2025,30-May-25,06-Jun-25,06-11-2025,MetroLogix,West,South,West-South,Road,1070,Warehouse Backlog,Delivered,859.68,Express
SHP002911,05-04-2025,05-May-25,05/14/2025,05/14/2025,SkyFreight,West,North,West-North,Road,1870,,Delivered,1861.6,Express
SHP004504,07/20/2025,23-Jul-25,07/29/2025,05-08-2025,ParcelPro,Central,South,Central-South,Road,1080,Capacity Constraint,Delivered,931.15,Economy
SHP002573,21-Oct-25,23-10-2025,11-01-2025,31-10-2025,SkyFreight,West,North,West-North,Road,2320,,Delivered,2471.48,Standard
SHP000098,15-01-2025,01/17/2025,,29-01-2025,ParcelPro,East,South,East-South,Road,850,Vehicle Issue,Delivered,1219.98,Standard
SHP002531,26-Jun-25,29-Jun-25,08-Jul-25,07-11-2025,MetroLogix,North,West,North-West,Road,2040,Vehicle Issue,Delivered,1636.58,Express
SHP004703,05-Apr-25,04-07-2025,09-04-2025,19-Apr-25,MetroLogix,East,West,East-West,Air,960,Traffic,Delivered,1922.39,Economy
SHP001602,18-Jun-25,19-06-2025,22-Jun-25,06/26/2025,ParcelPro,East,South,East-South,Air,1420,Customs,Delivered,2180.23,Standard
SHP005230,23-Dec-25,26-12-2025,04-01-2026,09-01-2026,SwiftShip,North,Central,North-Central,Rail,2230,Weather,Delivered,1224.48,Express
SHP001545,10-03-2025,04-10-2025,08-10-2025,10-08-2025,RoadRunner,West,North,West-North,Air,1720,,Delivered,3250.49,Express
SHP003643,13-05-2025,15-05-2025,25-05-2025,25-05-2025,SwiftShip,Central,East,Central-East,Road,1980,,Delivered,2205.65,Economy
SHP002924,14-08-2025,15-Aug-25,22-08-2025,08/22/2025,ParcelPro,West,East,West-East,Road,1480,,Delivered,1353.33,Economy
SHP004271,06/15/2025,17-Jun-25,23-Jun-25,21-06-2025,SwiftShip,West,South,West-South,Rail,1190,,Delivered,1197.9,Standard
SHP002607,02-12-2025,14-Feb-25,17-Feb-25,02/20/2025,SwiftShip,North,Central,North-Central,Rail,970,Traffic,Delivered,730.03,Economy
SHP000748,09-07-2025,08-Sep-25,11-Sep-25,21-Sep-25,SkyFreight,Central,South,Central-South,Road,420,Warehouse Backlog,Delivered,464.55,Standard
SHP005647,05-Apr-25,07-Apr-25,04-10-2025,13-Apr-25,MetroLogix,North,East,North-East,Air,300,Customs,Delivered,478.59,Standard
SHP006148,05/21/2025,24-05-2025,26-May-25,05/27/2025,SwiftShip,Central,North,Central-North,Road,370,Customs,Delivered,376.8,Express
SHP002728,23-Oct-25,24-10-2025,29-10-2025,30-Oct-25,MetroLogix,East,South,East-South,Road,800,Vehicle Issue,Delivered,1118.42,Standard
SHP004110,11-12-2025,11/16/2025,19-11-2025,20-11-2025,MetroLogix,East,West,East-West,Air,1500,Weather,Delivered,1959.43,Economy
SHP002338,18-09-2025,19-09-2025,24-Sep-25,09/22/2025,MetroLogix,Central,South,Central-South,Road,1350,,Delivered,1188.27,Standard
SHP006274,07-01-2025,03-Jul-25,07-08-2025,09-Jul-25,ParcelPro,West,Central,West-Central,Road,1040,Weather,Delivered,1100.76,Standard
SHP003659,03-Apr-25,04-04-2025,04-06-2025,06-Apr-25,RoadRunner,North,South,North-South, rail ,530,,Delivered,639.71,Express
SHP001648,05-01-2025,07-Jan-25,10-Jan-25,01/14/2025,SkyFreight,West,North,West-North,Air,1320,Vehicle Issue,Delivered,1784.57,Express
SHP002732,15-Mar-25,03/18/2025,23-03-2025,,ParcelPro,Central,West,Central-West,Road,820,,In Transit,635.07,Economy
SHP002880,12-Oct-25,15-10-2025,22-10-2025,10/22/2025,MetroLogix,West,Central,West-Central,Road,1200,,Delivered,1401.05,Standard
SHP005279,12-May-25,14-May-25,05/21/2025,22-May-25,RoadRunner,Central,North,Central-North,Road,1280,Warehouse Backlog,Delivered,1483.81,Standard
SHP001552,19-Aug-25,08/21/2025,30-Aug-25,09-09-2025,MetroLogix,West,North,West-North,Road,1820,Weather,Delivered,1852.79,Standard
SHP000890,20-Sep-25,09/23/2025,29-Sep-25,02-Oct-25,RoadRunner,South,Central,South-Central,Road,1000,Customs,Delivered,803.6,Standard
SHP001073,23-Aug-25,27-08-2025,30-08-2025,03-Sep-25,SwiftShip,East,Central,East-Central,Road,570,Traffic,Delivered,789.29,Economy
SHP001448,31-08-2025,09-01-2025,05-Sep-25,,MetroLogix,Central,West,Central-West,Air,320,Customs,In Transit,492.56,Express
SHP005330,30-Mar-25,31-Mar-25,04-06-2025,04-06-2025,RoadRunner,West,North,West-North,Rail,1790,,Delivered,1802.94,Standard
SHP003582,31-12-2025,01-Jan-26,04-Jan-26,01-04-2026,MetroLogix,Central,East,Central-East,Air,1770,,Delivered,3984,Economy
SHP001776,26-08-2025,29-Aug-25,03-Sep-25,05-09-2025,SwiftShip,West,South,West-South,Road,590,Capacity Constraint,Undelivered,786.12,Express
SHP002564,04-Apr-25,08-04-2025,04-11-2025,10-04-2025,SwiftShip,South,East,South-East,Air,1580,,Delivered,2623.76,Express
SHP004153,30-Jun-25,01-Jul-25,06-Jul-25,07/13/2025,SwiftShip,Central,North,Central-North,Road,890,Vehicle Issue,Delivered,1024.82,Express
SHP000090,11-06-2025,08-Nov-25,18-Nov-25,25-Nov-25,SkyFreight,West,East,West-East,Road,2260,Traffic,Delivered,2301,Economy
SHP000096,15-Jul-25,17-07-2025,07/20/2025,18-07-2025,ParcelPro,South,West,South-West,Air,470,,Delivered,1035.66,Standard
SHP000723,11-09-2025,13-09-2025,09/16/2025,,SkyFreight,West,North,West-North,Road,420,,In Transit,597,Standard
SHP001310,05-08-2025,05-10-2025,17-May-25,05/16/2025,SwiftShip,West,East,West-East,Rail,2110,,Delivered,1770.35,Economy
SHP000046,04-06-2025,05-Jun-25,06-09-2025,06-09-2025,RoadRunner,Central,West,Central-West,Road,250,,Delivered,271.74,Express
SHP001382,27-01-2025,30-01-2025,02-05-2025,05-02-2025,MetroLogix,North,East,North-East,Air,2280,,Delivered,4436.99,Express
SHP001371,09-Sep-25,12-Sep-25,17-09-2025,09/17/2025,RoadRunner,North,West,North-West,Road,1190,,Delivered,1539,Express
SHP000206,30-Apr-25,02-May-25,09-05-2025,11-05-2025,SwiftShip,East,Central,East-Central,Road,1690,Warehouse Backlog,Delivered,1216.27,Standard
SHP000753,12-11-2025,11/14/2025,17-11-2025,15-11-2025,ParcelPro,South,West,South-West,Road,710,,Delivered,804.68,Standard
SHP001626,04/23/2025,26-Apr-25,05-01-2025,05-06-2025,ParcelPro,North,East,North-East,Road,830,Traffic,Delivered,1220.99,Express
SHP002413,24-02-2025,27-Feb-25,03-06-2025,03-07-2025,MetroLogix,South,North,South-North,Rail,2000,Vehicle Issue,Delivered,1395.62,Standard
SHP006021,01/18/2025,21-Jan-25,29-Jan-25,28-01-2025,SwiftShip,South,Central,South-Central,Road,1690,,Delivered,2013.15,Express
SHP006441,15-06-2025,18-Jun-25,20-06-2025,20-Jun-25,SwiftShip,North,East,North-East,Air,150,,Delivered,266.96,Economy
SHP003352,10-04-2025,13-04-2025,22-Apr-25,20-Apr-25,SkyFreight,Central,East,Central-East,Road,2020,,Undelivered,1420.13,Express
SHP005207,19-11-2025,21-11-2025,26-Nov-25,,ParcelPro,Central,South,Central-South,Road,1190,,In Transit,895.26,Standard
SHP001579,12/31/2025,01-01-2026,30-12-2024,10-Jan-26,RoadRunner,West,Central,West-Central,Road,420,Traffic,Delivered,604.99,Express
SHP004658,10-Nov-25,12-Nov-25,21-Nov-25,11/23/2025,RoadRunner,South,Central,South-Central,Road,1820,Warehouse Backlog,Delivered,1790.73,Standard
SHP003892,28-Mar-25,03/31/2025,04-08-2025,04-08-2025,ParcelPro,Central,North,Central-North,Road,1700,,Delivered,1249.92,Express
SHP001295,03/19/2025,22-Mar-25,30-Mar-25,03/31/2025,SkyFreight,South,North,South-North,Road,2070,Traffic,Delivered,2131.36,Economy
SHP002881,22-01-2025,24-Jan-25,01/27/2025,27-01-2025,SwiftShip,North,Central,North-Central,Air,330,,Delivered,551.93,Express
SHP000625,01/16/2025,01/17/2025,24-Jan-25,31-Jan-25,ParcelPro,West,East,West-East,Road,1570,Vehicle Issue,Delivered,2227.67,Express
SHP000631,02-07-2025,07-06-2025,11-07-2025,07-11-2025,SkyFreight,East,South,East-South,Rail,1400,,Delivered,1190.42,Standard
SHP001974,13-02-2025,02/15/2025,20-02-2025,21-Feb-25,MetroLogix,East,South,East-South,Road,1240,Capacity Constraint,Delivered,1268.36,Standard
SHP005729,10/19/2025,10/22/2025,30-Oct-25,31-Oct-25,RoadRunner,South,West,South-West,Road,1620,Vehicle Issue,Delivered,1865.63,Express
SHP001268,07-10-2025,10-09-2025,10/14/2025,13-10-2025,SkyFreight,East,Central,East-Central,Road,780,,Delivered,1138.51,Economy
SHP006137,27-Mar-25,29-03-2025,04-02-2025,04-02-2025,ParcelPro,North,South,North-South,Road,450,,Delivered,468.64,Standard
SHP003685,12-05-2025,12-07-2025,12-12-2025,13-Dec-25,SkyFreight,North,South,North-South,Road,1340,Vehicle Issue,Undelivered,1601.2,Standard
SHP002056,29-Jul-25,31-Jul-25,03-08-2025,03-Aug-25,RoadRunner,South,North,South-North,Air,1130,,Delivered,1736.55,Economy
SHP004006,02/15/2025,17-02-2025,02/21/2025,24-02-2025,ParcelPro,East,North,East-North,Rail,280,Weather,Delivered,370.33,Express
SHP003158,01-08-2025,10-Jan-25,13-01-2025,01/13/2025,ParcelPro,Central,West,Central-West,Rail,840,,Delivered,767.11,Express
SHP004392,21-05-2025,23-May-25,25-05-2025,,RoadRunner,South,West,South-West,Air,210,Customs,In Transit,577.64,Express
SHP004107,11-Jul-25,07/13/2025,18-Jul-25,17-Jul-25,RoadRunner,Central,South,Central-South,Road,580,,Delivered,803.77,Standard
SHP000779,09-Jan-25,11-01-2025,19-Jan-25,19-Jan-25,MetroLogix,North,East,North-East,Road,1990,,Delivered,1524.65,Express
SHP002670,02/17/2025,02/21/2025,25-Feb-25,26-Feb-25,RoadRunner,Central,North,Central-North,Air,180,Warehouse Backlog,Delivered,302,Standard
SHP005099,26-02-2025,02/27/2025,01-03-2025,28-02-2025,MetroLogix,East,South,East-South,Road,150,,Delivered,266.56,Economy
SHP005313,28-May-25,31-05-2025,09-Jun-25,10-06-2025,SkyFreight,North,East,North-East,Rail,2340,Customs,Delivered,1306.35,Standard
SHP004458,06-12-2025,14-06-2025,19-06-2025,06/23/2025,MetroLogix,Central,North,Central-North,Air,2020,Traffic,Delivered,3214.96,Express
SHP001563,17-02-2025,20-02-2025,25-Feb-25,26-02-2025,SkyFreight,North,West,North-West,Road,1170,Vehicle Issue,Delivered,1332.07,Economy
SHP000693,26-Sep-25,09/28/2025,10-08-2025,10-08-2025,ParcelPro,East,North,East-North,Road,1960,,Delivered,2517.89,Standard
SHP000987,10/30/2025,31-10-2025,11-05-2025,04-11-2025,SwiftShip,North,South,North-South,Air,1830,,Delivered,2629.67,Standard
SHP005916,01-07-2025,01-10-2025,13-Jan-25,17-01-2025,MetroLogix,South,Central,South-Central,Air,460,Capacity Constraint,Delivered,938.07,Standard
SHP003302,10-Aug-25,13-Aug-25,22-08-2025,08/23/2025,MetroLogix,North,West,North-West,Road,2150,Weather,Delivered,3004.06,Economy
SHP005206,07-Aug-25,08-09-2025,30-12-2024,15-Aug-25,ParcelPro,South,West,South-West,Road,300,Capacity Constraint,Delivered,481.75,Express
SHP002703,21-Oct-25,24-Oct-25,10/28/2025,10/28/2025,MetroLogix,North,West,North-West,Air,1960,,Delivered,4471.45,Express
SHP002127,22-06-2025,06/24/2025,01-07-2025,01-Jul-25,SkyFreight,West,Central,West-Central,Road,1450,,Delivered,1494.85,Express
SHP000120,13-Oct-25,16-10-2025,10/22/2025,10/25/2025,MetroLogix,West,North,West-North,Road,1400,Vehicle Issue,Delivered,1156.39,Economy
SHP004148,11-05-2025,15-May-25,17-May-25,17-05-2025,MetroLogix,West,South,West-South,Road,210,,Delivered,356.41,Economy
SHP004438,03-12-2025,03/14/2025,19-Mar-25,03/20/2025,ParcelPro,Central,North,Central-North,Road,1290,Capacity Constraint,Delivered,1316.34,Economy
SHP003344,06/14/2025,16-Jun-25,19-Jun-25,,ParcelPro,East,South,East-South,Rail,420,Capacity Constraint,In Transit,349.91,Economy
SHP000562,04-04-2025,07-04-2025,14-Apr-25,17-04-2025,SkyFreight,West,South,West-South,Road,1710,Customs,Delivered,1556.45,Standard
SHP004959,26-Feb-25,28-Feb-25,03-03-2025,03-01-2025,MetroLogix,South,Central,South-Central,Rail,970,,Delivered,947.57,Economy
SHP003762,13-Jan-25,01/15/2025,20-Jan-25,23-Jan-25,RoadRunner,East,West,East-West,Rail,1020,Capacity Constraint,Delivered,680.31,Express
SHP001470,18-06-2025,20-Jun-25,06/24/2025,06/22/2025,MetroLogix,West,East,West-East,Road,980,,Undelivered,1174.34,Economy
SHP006312,11-09-2025,09/13/2025,15-09-2025,13-09-2025,SkyFreight,East,Central,East-Central,Air,1160,,Delivered,1542.5,Economy
SHP002595,03-02-2025,04-Feb-25,07-02-2025,02-07-2025,RoadRunner,Central,North,Central-North,Road,500,,Delivered,650.98,Standard
SHP005045,24-Jan-25,26-Jan-25,29-01-2025,30-Jan-25,SwiftShip,West,North,West-North,Air,820,Weather,Delivered,1132.65,Express
SHP003712,03/30/2025,03-Apr-25,08-04-2025,04-11-2025,ParcelPro,South,West,South-West,Air,2050,Vehicle Issue,Delivered,3114.83,Economy
SHP004841,04/22/2025,24-Apr-25,01-05-2025,06-05-2025,SkyFreight,West,South,West-South,Road,1130,Customs,Delivered,1291.35,Standard
SHP002877,04-Dec-25,12-06-2025,08-Dec-25,09-Dec-25,SwiftShip,North,West,North-West,Rail,340,Traffic,Delivered,324.22,Express
SHP000823,01-07-2025,07-03-2025,09-Jul-25,07-08-2025,SkyFreight,North,East,North-East,Rail,1780,,Delivered,1904.58,Economy
SHP003092,18-02-2025,02/21/2025,03-02-2025,01-03-2025,RoadRunner,South,East,South-East,Road,1800,,Delivered,2473.61,Express
SHP000243,07-Sep-25,08-09-2025,16-Sep-25,14-Sep-25,SwiftShip,South,Central,South-Central,Road,1790,,Delivered,2027.65,Express
SHP000012,13-08-2025,16-08-2025,20-08-2025,20-08-2025,ParcelPro,South,East,South-East,Road,980,,Delivered,1247.26,Standard
SHP000988,09-Aug-25,10-Aug-25,14-08-2025,12-Aug-25,MetroLogix,East,South,East-South,Air,1510,,Delivered,3275.64,Express
SHP000615,05-11-2025,06-11-2025,11-Nov-25,21-Nov-25,SwiftShip,South,East,South-East,Air,2070,Traffic,Delivered,3959.94,Economy
SHP001473,04-10-2025,12-04-2025,15-04-2025,04/15/2025,SkyFreight,Central,North,Central-North,Road,250,,Delivered,438.23,Express
SHP002264,06-09-2025,11-06-2025,16-Jun-25,06/15/2025,SwiftShip,South,Central,South-Central,Road,770,,Delivered,1066.2,Express
SHP003524,01-01-2025,01-04-2025,01-11-2025,01/13/2025,SkyFreight,South,Central,South-Central,Road,1690,Capacity Constraint,Delivered,1222.2,Economy
SHP004709,07/31/2025,01-Aug-25,06-Aug-25,08/13/2025,SkyFreight,East,Central,East-Central,Air,2090,Customs,Delivered,3693.94,Standard
SHP000337,04-May-25,06-May-25,12-05-2025,17-05-2025,MetroLogix,South,North,South-North,Road,1500,Traffic,Delivered,1412.62,Express
SHP005921,20-07-2025,22-Jul-25,07/24/2025,27-Jul-25,SwiftShip,North,South,North-South,Road,230,Weather,Delivered,315.8,Economy
SHP000802,17-Aug-25,08/19/2025,23-Aug-25,08/28/2025,RoadRunner,West,North,West-North,Air,580,Capacity Constraint,Delivered,862.11,Express
SHP004230,10-02-2025,13-Feb-25,15-02-2025,02/19/2025,SwiftShip,West,North,West-North,Road,170,Warehouse Backlog,Delivered,229.67,Express
SHP001307,01-03-2025,03-Mar-25,08-Mar-25,07-03-2025,SkyFreight,North,Central,North-Central,Road,1200,,Delivered,1168.61,Economy
SHP006377,10/15/2025,10/18/2025,10/28/2025,10/28/2025,ParcelPro,Central,East,Central-East,Road,2040,,Delivered,1941.55,Standard
SHP006341,15-Oct-25,19-Oct-25,22-Oct-25,21-Oct-25,RoadRunner,South,Central,South-Central,Air,670,,Delivered,1680.06,Economy
SHP003819,21-11-2025,23-11-2025,26-11-2025,25-Nov-25,ParcelPro,West,Central,West-Central,Air,170,,Delivered,396.21,Economy
SHP003782,07/19/2025,07/21/2025,30-07-2025,08-06-2025,RoadRunner,West,Central,West-Central,Road,2350,Capacity Constraint,Delivered,1809.24,Standard
SHP001970,23-12-2025,25-Dec-25,12/30/2025,01-04-2026,RoadRunner,North,Central,North-Central,Road,1290,Vehicle Issue,Delivered,1851.01,Standard
SHP002484,03/27/2025,29-03-2025,03-04-2025,02-04-2025,SwiftShip,East,South,East-South,Road,700,,Delivered,1010.89,Standard
SHP006310,12/22/2025,23-Dec-25,12/27/2025,27-Dec-25,ParcelPro,West,South,West-South,Road,570,,Delivered,774.33,Economy
SHP003067,30-05-2025,02-06-2025,06-Jun-25,06-07-2025,SwiftShip,South,Central,South-Central, road ,270,Traffic,Delivered,429.4,Economy
SHP006043,08-Dec-25,12-11-2025,17-Dec-25,24-12-2025,RoadRunner,West,East,West-East,Road,1600,Weather,Delivered,1863.79,Express
SHP005767,10-Dec-25,13-Dec-25,18-12-2025,16-Dec-25,RoadRunner,East,Central,East-Central,Rail,1780,,Undelivered,1196.72,Standard
SHP000396,17-11-2025,19-Nov-25,11/24/2025,27-Nov-25,ParcelPro,North,East,North-East,Road,500,Traffic,Delivered,761,Express
SHP002777,13-05-2025,05/14/2025,20-May-25,,SkyFreight,West,North,West-North,Road,1010,,Cancelled,1402.97,Economy
SHP001086,22-Jun-25,24-06-2025,30-06-2025,02-07-2025,MetroLogix,North,South,North-South,Road,1050,Vehicle Issue,Delivered,1012.33,Economy
SHP006124,06/14/2025,16-06-2025,23-Jun-25,23-Jun-25,MetroLogix,North,West,North-West, rail ,1510,,Delivered,1308.18,Express
SHP003899,06/29/2025,06/30/2025,07-Jul-25,07-07-2025,SwiftShip,North,Central,North-Central,Road,1880,,Delivered,1456.23,Economy
SHP001821,02-Aug-25,03-08-2025,11-08-2025,14-08-2025,ParcelPro,East,Central,East-Central,Road,1510,Warehouse Backlog,Delivered,1638.89,Standard
SHP003544,05/18/2025,20-05-2025,27-05-2025,27-May-25,ParcelPro,West,North,West-North,Rail,1420,,Delivered,1343.37,Express
SHP004937,17-09-2025,18-09-2025,22-Sep-25,09/25/2025,RoadRunner,West,Central,West-Central,Air,2140,Customs,Delivered,3702.34,Economy
SHP003333,26-Mar-25,28-Mar-25,03/30/2025,30-03-2025,RoadRunner,West,North,West-North,Air,340,,Delivered,730.52,Express
SHP004035,30-06-2025,02-07-2025,07-Jul-25,05-Jul-25,SkyFreight,East,West,East-West,Road,860,,Delivered,1256.55,Express
SHP005163,02-08-2025,04-Aug-25,07-08-2025,08-08-2025,RoadRunner,South,West,South-West,Air,430,Weather,Undelivered,657.44,Express
SHP005704,25-12-2025,12/27/2025,01-03-2026,05-Jan-26,SwiftShip,South,North,South-North,Road,1230,Capacity Constraint,Delivered,1053.5,Economy
SHP004022,07-10-2025,07-11-2025,20-Jul-25,20-07-2025,ParcelPro,West,South,West-South,Road,1960,,Delivered,1671.28,Economy
SHP005431,11-05-2025,07-11-2025,11/13/2025,13-11-2025,ParcelPro,East,South,East-South,Air,2370,,Delivered,4670.48,Standard
SHP002966,23-Jun-25,24-06-2025,30-Jun-25,,MetroLogix,Central,East,Central-East,Road,1270,,In Transit,928.84,Standard
SHP004062,23-Oct-25,10/26/2025,30-10-2025,28-10-2025,SkyFreight,East,South,East-South,Rail,670,,Delivered,809.31,Economy
SHP001985,26-Mar-25,27-03-2025,30-03-2025,04-01-2025,SwiftShip,North,Central,North-Central,Road,650,Capacity Constraint,Delivered,850.43,Standard
SHP003365,08/22/2025,08/25/2025,08/29/2025,08/30/2025,SkyFreight,South,Central,South-Central,Air,700,Weather,Undelivered,1445.46,Economy
SHP005935,07-11-2025,11-08-2025,10-Nov-25,14-Nov-25,ParcelPro,East,North,East-North,Air,780,Weather,Delivered,1826.57,Economy
SHP004395,07-03-2025,08-03-2025,10-03-2025,09-03-2025,MetroLogix,Central,West,Central-West,Rail,530,,Delivered,455.17,Standard
SHP004538,20-Jun-25,06/23/2025,25-06-2025,06/27/2025,ParcelPro,South,East,South-East,Air,840,Weather,Delivered,1610.11,Express
SHP004021,27-10-2025,29-10-2025,08-11-2025,08-Nov-25,ParcelPro,Central,East,Central-East,Road,2160,,Delivered,2389.31,Standard
SHP000585,05-11-2025,13-May-25,19-May-25,19-05-2025,SkyFreight,West,Central,West-Central,Road,770,,Delivered,954.08,Economy
SHP004185,11-Aug-25,08/13/2025,08/16/2025,17-08-2025,RoadRunner,East,West,East-West,Road,120,Traffic,Delivered,204.58,Standard
SHP004014,04-01-2025,04-02-2025,10-Apr-25,04-10-2025,SkyFreight,East,North,East-North,Road,2140,,Delivered,2556.03,Express
SHP002453,04/27/2025,30-04-2025,07-May-25,07-05-2025,MetroLogix,West,North,West-North,Road,1260,,Delivered,1848.09,Economy
SHP002071,20-Mar-25,03/21/2025,26-Mar-25,25-Mar-25,ParcelPro,North,Central,North-Central,Rail,1250,,Delivered,1165.22,Express
SHP002724,12/16/2025,12/17/2025,19-12-2025,17-Dec-25,SkyFreight,North,East,North-East,Air,940,,Delivered,2125.51,Economy
SHP004194,08/21/2025,08/23/2025,08/30/2025,03-09-2025,SwiftShip,West,North,West-North,Road,1940,Capacity Constraint,Delivered,1413.98,Express
SHP001274,14-May-25,05/16/2025,20-May-25,23-05-2025,ParcelPro,South,West,South-West,Air,120,Customs,Delivered,269.22,Economy
SHP004031,18-06-2025,06/19/2025,06/26/2025,06/25/2025,SwiftShip,South,West,South-West,Road,1540,,Delivered,2024.61,Economy
SHP001447,22-08-2025,23-Aug-25,30-Aug-25,03-09-2025,SwiftShip,Central,South,Central-South,Road,1140,Weather,Delivered,1174.9,Standard
SHP001266,09-Jul-25,07-10-2025,07/14/2025,15-07-2025,ParcelPro,East,North,East-North,Air,1540,Capacity Constraint,Delivered,1883.33,Standard
SHP000304,05/20/2025,05/22/2025,31-May-25,01-Jun-25,MetroLogix,West,North,West-North,Road,1730,Capacity Constraint,Delivered,1616.29,Standard
SHP005559,15-Jan-25,19-01-2025,22-Jan-25,22-01-2025,ParcelPro,Central,South,Central-South,Air,410,,Delivered,775.72,Economy
SHP002019,29-05-2025,01-06-2025,06-06-2025,04-06-2025,ParcelPro,East,West,East-West,Road,540,,Delivered,843.54,Economy
SHP001344,15-11-2025,16-11-2025,20-11-2025,11/21/2025,SkyFreight,West,South,West-South,Road,370,Customs,Delivered,523.21,Standard
SHP006450,30-03-2025,03/31/2025,06-04-2025,04-06-2025,SkyFreight,North,West,North-West,Road,820,,Delivered,1151.96,Standard
SHP002324,04-Sep-25,06-Sep-25,09-08-2025,09-Sep-25,SwiftShip,Central,East,Central-East,Air,130,Weather,Delivered,359.45,Economy
SHP002952,14-Nov-25,16-11-2025,11/24/2025,24-Nov-25,ParcelPro,South,West,South-West,Road,1780,,Delivered,1805.78,Economy
SHP003128,07-02-2025,04-Jul-25,14-Jul-25,16-07-2025,SwiftShip,West,East,West-East,Road,2380,Traffic,Delivered,3343.86,Standard
SHP003805,17-07-2025,20-07-2025,07/27/2025,01-08-2025,ParcelPro,West,Central,West-Central,Rail,1530,Capacity Constraint,Delivered,1657.42,Standard
SHP004356,06-May-25,05-07-2025,15-05-2025,16-May-25,ParcelPro,East,South,East-South,Road,1470,Vehicle Issue,Delivered,1054.49,Economy
SHP002158,28-Oct-25,31-10-2025,04-Nov-25,11/14/2025,RoadRunner,West,South,West-South,Road,950,Traffic,Delivered,811.05,Standard
SHP005800,10/15/2025,10/17/2025,10/22/2025,21-10-2025,SwiftShip,West,South,West-South,Air,2020,,Delivered,2978.14,Economy
SHP003802,22-01-2025,23-Jan-25,01/26/2025,05-Feb-25,MetroLogix,South,East,South-East,Road,650,Capacity Constraint,Delivered,706.08,Economy
SHP000747,02-11-2025,14-02-2025,16-Feb-25,18-02-2025,SkyFreight,South,East,South-East,Road,150,Weather,Delivered,287.12,Economy
SHP005020,10-09-2025,12-Sep-25,14-09-2025,14-09-2025,SwiftShip,South,East,South-East,Road,430,,Delivered,672.79,Standard
SHP004131,12-Aug-25,14-08-2025,17-08-2025,08/18/2025,SkyFreight,North,South,North-South,Road,680,Capacity Constraint,Delivered,638.48,Standard
SHP006050,08-07-2025,07-09-2025,15-07-2025,16-07-2025,RoadRunner,Central,North,Central-North,Road,870,Capacity Constraint,Delivered,798.8,Express
SHP005522,05-02-2025,02-07-2025,15-02-2025,02/15/2025,SwiftShip,East,South,East-South,Road,1440,,Delivered,1106.66,Standard
SHP002023,06/14/2025,17-06-2025,06/20/2025,06/18/2025,ParcelPro,East,West,East-West,Air,2120,,Delivered,4033.95,Standard
SHP005411,12-03-2025,12-04-2025,08-Dec-25,07-Dec-25,SwiftShip,North,South,North-South,Rail,910,,Undelivered,934.44,Standard
SHP000196,25-Oct-25,10/26/2025,10/29/2025,11-01-2025,SwiftShip,West,Central,West-Central,Road,270,Warehouse Backlog,Delivered,407.4,Express
SHP005081,03-07-2025,10-Mar-25,13-Mar-25,12-03-2025,SwiftShip,West,Central,West-Central,Air,620,,Delivered,1229.83,Standard
SHP000085,21-10-2025,23-10-2025,10/27/2025,29-10-2025,SwiftShip,South,North,South-North,Road,950,Warehouse Backlog,Delivered,1018.66,Economy
SHP005786,16-Aug-25,19-Aug-25,08/21/2025,08/23/2025,RoadRunner,South,Central,South-Central,Rail,210,Traffic,Delivered,292.87,Express
SHP003880,05-09-2025,13-05-2025,05/22/2025,,SwiftShip,Central,South,Central-South,Road,2020,Vehicle Issue,Delivered,2716.76,Economy
SHP005658,23-Sep-25,09/25/2025,05-10-2025,05-Oct-25,SkyFreight,South,North,South-North,Road,2170,,Delivered,2621.85,Standard
SHP002784,01/27/2025,29-01-2025,08-Feb-25,02-11-2025,  SKYFREIGHT  ,South,East,South-East,Road,2140,Vehicle Issue,Delivered,2274.88,Economy
SHP003707,04-04-2025,04-05-2025,14-Apr-25,13-Apr-25,MetroLogix,East,West,Unknown-Route,Road,1710,,Delivered,1574.83,Economy
SHP003779,01-07-2025,09-01-2025,01-11-2025,10-01-2025,ParcelPro,West,South,West-South,Rail,240,,Delivered,289.32,Standard
SHP001624,07/14/2025,16-Jul-25,21-07-2025,20-Jul-25,SkyFreight,West,North,West-North,Air,1490,,Delivered,2680.5,Express
SHP003539,04/13/2025,04/14/2025,04/18/2025,19-Apr-25,RoadRunner,South,East,South-East,Road,820,Warehouse Backlog,Delivered,1080.06,Economy
SHP002310,05-11-2025,15-05-2025,19-May-25,21-05-2025,SkyFreight,Central,South,Central-South,Road,500,Warehouse Backlog,Delivered,598.39,Standard
SHP003485,23-Jun-25,24-Jun-25,07-03-2025,07-Jul-25,SwiftShip,South,Central,South-Central,Road,1940,Warehouse Backlog,Delivered,2512.23,Economy
SHP006147,18-Oct-25,19-10-2025,10/25/2025,01-Nov-25,RoadRunner,West,Central,West-Central,Rail,2040,Customs,Delivered,2278.23,Economy
SHP000292,08-04-2025,10-04-2025,13-Apr-25,12-04-2025,ParcelPro,West,North,West-North,Rail,640,,Delivered,706.11,Economy
SHP004926,29-Oct-25,31-10-2025,05-11-2025,05-11-2025,RoadRunner,West,Central,West-Central,Road,950,,Delivered,927.89,Express
SHP003777,04-10-2025,04-11-2025,15-04-2025,19-04-2025,RoadRunner,North,West,North-West,Road,580,Weather,Delivered,567.07,Standard
SHP005222,05-02-2025,04-05-2025,11-May-25,05/16/2025,MetroLogix,South,North,South-North,Road,1410,Warehouse Backlog,Delivered,1088.36,Express
SHP004751,26-09-2025,27-09-2025,10-05-2025,10-03-2025,RoadRunner,North,East,North-East,Road,1540,,Delivered,2204.48,Economy
SHP004900,01/18/2025,20-01-2025,01/27/2025,01/26/2025,SwiftShip,Central,East,Central-East,Road,1130,,Delivered,1487.29,Economy
SHP002588,11-06-2025,06/13/2025,21-06-2025,21-06-2025,SwiftShip,Central,South,Central-South,Rail,1830,,Delivered,1757.22,Economy
SHP005173,01/30/2025,01-02-2025,02-06-2025,13-02-2025,SkyFreight,East,Central,East-Central,Rail,1080,Vehicle Issue,Delivered,1172.94,Express
SHP002141,24-04-2025,26-Apr-25,05-05-2025,04-05-2025,SwiftShip,East,South,East-South,Road,1960,,Delivered,1825.91,Express
SHP002931,24-Nov-25,26-Nov-25,04-12-2025,12-04-2025,SkyFreight,West,North,West-North,Road,1480,,Delivered,1111.33,Economy
SHP000139,21-07-2025,07/23/2025,29-07-2025,30-07-2025,SwiftShip,West,East,West-East,Rail,1300,Traffic,Delivered,1099.41,Economy
SHP002577,29-Jun-25,01-Jul-25,07-04-2025,07-06-2025,RoadRunner,North,South,North-South,Road,740,Warehouse Backlog,Delivered,1102.74,Standard
SHP002690,29-Sep-25,02-Oct-25,06-Oct-25,06-10-2025,RoadRunner,South,Central,South-Central,Road,180,,Delivered,314.53,Economy
SHP006231,24-10-2025,26-10-2025,02-Nov-25,03-11-2025,RoadRunner,South,East,South-East,Road,1400,Customs,Delivered,1001.12,Economy
SHP004448,19-Feb-25,02/22/2025,02-03-2025,02-Mar-25,RoadRunner,Central,East,Central-East,Road,2000,,Delivered,2364.68,Express
SHP001654,09-02-2025,04-Sep-25,14-09-2025,17-09-2025,SwiftShip,South,East,South-East,Road,2130,Capacity Constraint,Delivered,1544.56,Express
SHP005005,16-May-25,20-May-25,23-05-2025,21-05-2025,ParcelPro,West,South,West-South,Rail,250,,Delivered,268.38,Economy
SHP004880,06-10-2025,12-06-2025,21-Jun-25,22-Jun-25,ParcelPro,South,West,South-West,Road,1930,Traffic,Delivered,2675.75,Economy
SHP001562,11-08-2025,13-Aug-25,17-08-2025,24-08-2025,SwiftShip,Central,West,Central-West,Air,2170,Customs,Delivered,2725.17,Express
SHP005768,16-Oct-25,18-10-2025,25-Oct-25,26-10-2025,MetroLogix,West,East,West-East,Road,1700,Warehouse Backlog,Delivered,1641.1,Economy
SHP000293,10-Sep-25,09-12-2025,09/17/2025,09/21/2025,SkyFreight,Central,East,Central-East,Road,920,Warehouse Backlog,Delivered,814.18,Standard
SHP005443,22-Apr-25,04/25/2025,02-May-25,05-02-2025,SkyFreight,South,West,South-West,Road,1320,,Delivered,1126.17,Standard
SHP003130,30-08-2025,01-09-2025,07-09-2025,06-Sep-25,MetroLogix,North,Central,North-Central,Road,1360,,Delivered,1311.11,Express
SHP005746,26-03-2025,28-Mar-25,04-07-2025,04/17/2025,MetroLogix,East,South,East-South,Road,1980,Warehouse Backlog,Delivered,2380.29,Standard
SHP003442,01-Jan-25,03-01-2025,01-09-2025,01-12-2025,ParcelPro,East,South,East-South,Road,1340,Weather,Delivered,1100.05,Standard
SHP001694,13-01-2025,16-01-2025,23-Jan-25,24-01-2025,SwiftShip,North,West,North-West,Road,1930,Warehouse Backlog,Delivered,2669.47,Economy
SHP001929,25-09-2025,27-09-2025,03-Oct-25,05-10-2025,SkyFreight,East,North,East-North,Road,1210,Traffic,Delivered,1304.78,Express
SHP000036,01/14/2025,01/15/2025,20-01-2025,01/20/2025,SkyFreight,South,West,South-West,Road,780,,Delivered,759.78,Express
SHP005451,05-12-2025,13-May-25,21-May-25,23-May-25,MetroLogix,East,West,East-West,Road,2010,Vehicle Issue,Delivered,1896.59,Standard
SHP002433,05-11-2025,06-11-2025,11-10-2025,11-Nov-25,SkyFreight,West,Central,West-Central,Road,700,Traffic,Delivered,583.66,Express
SHP004436,02-03-2025,02-06-2025,13-Feb-25,17-Feb-25,SkyFreight,Central,West,Central-West,Road,1080,Vehicle Issue,Delivered,964.4,Economy
SHP002474,08-01-2025,01-09-2025,16-Jan-25,18-Jan-25,RoadRunner,West,Central,West-Central,Road,1430,Weather,Delivered,1116.35,Economy
SHP003122,24-Mar-25,03/25/2025,03/30/2025,01-04-2025,SkyFreight,West,East,West-East,Rail,1100,Warehouse Backlog,Delivered,668.78,Economy
SHP002846,21-Nov-25,24-11-2025,29-Nov-25,04-12-2025,MetroLogix,North,South,North-South,Air,1970,Capacity Constraint,Delivered,2414.18,Economy
SHP001000,03-01-2025,04-01-2025,01-08-2025,,SkyFreight,South,East,South-East,Air,1150,,In Transit,2673.08,Standard
SHP004881,11/29/2025,12-01-2025,12-07-2025,07-12-2025,SwiftShip,South,East,South-East,Road,1190,,Delivered,1149.3,Standard
SHP003796,07-03-2025,06-Jul-25,13-Jul-25,16-Jul-25,ParcelPro,South,East,South-East,Road,1830,Capacity Constraint,Delivered,1497.38,Express
SHP001788,02-02-2025,05-02-2025,02-09-2025,02-12-2025,ParcelPro,North,Central,North-Central,Road,940,Vehicle Issue,Delivered,1000.2,Economy
SHP003645,11-Feb-25,13-02-2025,02/22/2025,26-02-2025,RoadRunner,West,East,West-East,Road,1700,Customs,Delivered,1474.76,Standard
SHP003785,11-02-2025,05-Nov-25,10-Nov-25,09-Nov-25,ParcelPro,South,North,South-North,Road,630,,Delivered,601.64,Express
SHP003848,01-06-2025,04-06-2025,06-06-2025,05-Jun-25,SwiftShip,South,West,South-West,Air,1160,,Delivered,1737.48,Express
SHP006211,04-11-2025,12-Apr-25,04/22/2025,27-04-2025,SkyFreight,East,West,East-West,Road,2250,Weather,Delivered,2616.63,Economy
SHP002499,10-06-2025,12-Jun-25,19-Jun-25,06/21/2025,SwiftShip,North,West,North-West,Road,1940,Vehicle Issue,Delivered,2313.85,Express
SHP005175,29-Jul-25,08-01-2025,08-Aug-25,08-08-2025,ParcelPro,Central,South,Central-South,Road,1400,,Delivered,1739.27,Economy
SHP004829,10-03-2025,12-Mar-25,03/15/2025,25-03-2025,ParcelPro,South,North,South-North, air ,710,Capacity Constraint,Delivered,1134.85,Standard
SHP003672,13-Feb-25,02/14/2025,18-02-2025,02/18/2025,SwiftShip,West,East,West-East,Air,2190,,Delivered,4426.95,Economy
SHP003463,29-05-2025,06-01-2025,06-05-2025,05-Jun-25,SwiftShip,Central,East,Central-East,Air,1740,,Delivered,2761.68,Economy
SHP005180,30-08-2025,01-09-2025,06-09-2025,09-06-2025,MetroLogix,Central,East,Central-East,Road,760,,Delivered,1108.58,Standard
SHP004886,06-Oct-25,09-10-2025,16-10-2025,15-10-2025,RoadRunner,South,Central,South-Central,Road,1470,,Delivered,1060.61,Standard
SHP000853,14-Jun-25,17-Jun-25,25-Jun-25,26-06-2025,SwiftShip,West,North,West-North,Rail,2120,Vehicle Issue,Delivered,2057.92,Economy
SHP005939,06-Jul-25,07-07-2025,07-10-2025,14-Jul-25,SwiftShip,West,North,West-North,Air,750,Vehicle Issue,Delivered,1203.65,Express
SHP005458,10-12-2025,12-12-2025,30-12-2024,12/21/2025,RoadRunner,East,Central,East-Central,Road,990,Customs,Delivered,1361.53,Standard
SHP004252,05/29/2025,05/30/2025,03-06-2025,07-Jun-25,MetroLogix,East,South,East-South,Air,1720,Customs,Delivered,2734.09,Economy
SHP004241,02/25/2025,02/27/2025,02-Mar-25,03-03-2025,RoadRunner,East,Central,East-Central,Road,560,Capacity Constraint,Delivered,599.56,Express
SHP000731,02-10-2025,13-02-2025,02/18/2025,18-02-2025,RoadRunner,West,East,West-East,Road,970,,Delivered,1234.7,Standard
SHP000835,05-Jul-25,07-07-2025,14-07-2025,15-07-2025,RoadRunner,Central,West,Central-West,Road,1860,Capacity Constraint,Delivered,2053.45,Express
SHP000674,02-01-2025,03-01-2025,06-Jan-25,01-05-2025,RoadRunner,Central,South,Central-South,Air,1880,,Delivered,4324.39,Express
SHP004197,07-10-2025,12-Jul-25,07/22/2025,21-Jul-25,MetroLogix,North,South,North-South,Road,2050,,Delivered,2299.38,Express
SHP004634,29-11-2025,01-12-2025,05-12-2025,08-12-2025,SkyFreight,North,West,North-West,Rail,770,Vehicle Issue,Delivered,513.76,Economy
SHP001412,06-07-2025,09-07-2025,07/18/2025,22-Jul-25,SwiftShip,East,North,East-North,Road,1820,Traffic,Delivered,1336.41,Express
SHP002405,05-06-2025,07-May-25,15-05-2025,15-May-25,SwiftShip,South,East,South-East,Road,1390,,Delivered,1392.15,Economy
SHP004109,28-Feb-25,03-03-2025,03-07-2025,17-03-2025,RoadRunner,North,Central,North-Central,Rail,200,Weather,Delivered,308.23,Express
SHP000008,07/17/2025,07/19/2025,23-07-2025,24-Jul-25,MetroLogix,South,North,South-North,Air,140,Warehouse Backlog,Delivered,305.42,Express
SHP001286,11-11-2025,11/13/2025,11/17/2025,16-Nov-25,MetroLogix,South,North,South-North,Air,360,,Delivered,496.94,Express
SHP002984,11-02-2025,02/13/2025,15-Feb-25,31-12-2024,SwiftShip,North,West,North-West,Air,520,,Delivered,967.38,Economy
SHP000372,09/18/2025,20-Sep-25,27-Sep-25,25-Sep-25,  ROADRUNNER  ,South,Central,South-Central,Road,1200,,Delivered,1321.56,Express
SHP004218,05/18/2025,19-05-2025,28-May-25,05/26/2025,SkyFreight,South,East,South-East,Road,1760,,Delivered,1609.01,Express
SHP000011,12-04-2025,06-Dec-25,14-Dec-25,21-12-2025,RoadRunner,Central,West,Central-West,Road,1670,Capacity Constraint,Delivered,2068.47,Express
SHP005823,08-03-2025,08-04-2025,11-Aug-25,11-08-2025,SkyFreight,West,Central,West-Central,Road,1180,,Delivered,1384.59,Economy
SHP003824,02-Sep-25,03-09-2025,06-Sep-25,06-09-2025,ParcelPro,West,North,West-North,Road,470,,Delivered,560.63,Express
SHP003598,06-Jan-25,07-Jan-25,09-Jan-25,01-09-2025,SwiftShip,East,West,East-West,Air,540,,Delivered,1263.34,Economy
SHP002862,08-09-2025,11-08-2025,18-Aug-25,08/18/2025,MetroLogix,South,Central,South-Central,Road,1880,,Delivered,1329.91,Express
SHP000147,10/16/2025,19-Oct-25,27-Oct-25,29-Oct-25,RoadRunner,West,East,West-East,Road,1610,Customs,Delivered,2142.79,Economy
SHP000117,10-06-2025,11-06-2025,06/21/2025,25-06-2025,MetroLogix,West,Central,West-Central,Road,2370,Traffic,Delivered,2667.39,Express
SHP005577,04/30/2025,03-05-2025,05-10-2025,09-May-25,SwiftShip,South,West,South-West,Road,1690,,Delivered,1938.49,Economy
SHP001135,30-09-2025,10-02-2025,07-10-2025,10-07-2025,SkyFreight,West,East,West-East,Road,780,,Delivered,949.14,Economy
SHP002898,19-Jul-25,07/20/2025,07/29/2025,28-07-2025,SkyFreight,Central,West,Central-West,Road,2330,,Delivered,2654.15,Standard
SHP003016,21-08-2025,22-Aug-25,24-Aug-25,26-Aug-25,ParcelPro,West,South,West-South, rail ,510,Traffic,Delivered,603.4,Standard
SHP001513,15-Oct-25,18-Oct-25,20-Oct-25,21-10-2025,SwiftShip,West,South,West-South,Road,300,Traffic,Delivered,489.66,Express
SHP006250,09-Jun-25,10-06-2025,06/16/2025,16-06-2025,ParcelPro,North,West,North-West,Road,920,,Delivered,1076.17,Economy
SHP002672,01/24/2025,01/26/2025,30-01-2025,01/30/2025,ParcelPro,East,Central,East-Central,Air,1260,,Delivered,1874.02,Express
SHP000567,08-08-2025,08-11-2025,16-08-2025,15-Aug-25,SkyFreight,South,East,South-East,Road,610,,Delivered,717.37,Express
SHP004813,29-03-2025,30-Mar-25,06-Apr-25,05-04-2025,SkyFreight,South,West,South-West,Road,1730,,Undelivered,1759.45,Economy
SHP000146,07/14/2025,07/16/2025,07/26/2025,07/26/2025,RoadRunner,North,South,North-South,Road,2370,,Delivered,3255.72,Standard
SHP000476,12-01-2025,13-01-2025,23-Jan-25,01/23/2025,SkyFreight,West,Central,West-Central,Road,2320,,Delivered,1686.6,Economy
SHP005640,14-Aug-25,08/16/2025,22-Aug-25,24-08-2025,SkyFreight,West,East,West-East,Road,1210,Customs,Delivered,1494.23,Economy
SHP002039,14-Dec-25,16-12-2025,25-12-2025,,RoadRunner,East,North,East-North,Road,1950,,In Transit,"$1,885.04",Standard
SHP001252,26-Sep-25,09/28/2025,03-10-2025,06-Oct-25,MetroLogix,Central,North,Central-North,Road,840,Warehouse Backlog,Delivered,775.49,Express
SHP001822,10-Dec-25,11-12-2025,17-Dec-25,17-12-2025,SkyFreight,North,South,North-South,Road,1210,,Delivered,1169.53,Economy
SHP001948,23-Jul-25,07/25/2025,30-Jul-25,08-04-2025,ParcelPro,East,South,East-South,Rail,1310,Weather,Delivered,935.96,Economy
SHP001881,14-05-2025,16-05-2025,05/24/2025,05/24/2025,SkyFreight,North,East,North-East,Road,1430,,Delivered,1837.67,Express
SHP000924,05-10-2025,10-07-2025,11-Oct-25,15-Oct-25,MetroLogix,South,East,South-East,Road,470,Vehicle Issue,Delivered,453.41,Economy
SHP003448,01-01-2025,01-05-2025,01-08-2025,,SwiftShip,South,North,South-North,Rail,850,,In Transit,887.96,Standard
SHP002024,05-12-2025,15-05-2025,23-05-2025,23-May-25,RoadRunner,South,Central,South-Central,Road,1950,,Delivered,2614.76,Standard
SHP000411,05-Sep-25,07-09-2025,12-09-2025,17-Sep-25,ParcelPro,North,East,North-East,Road,1280,Traffic,Delivered,1587.14,Standard
SHP005801,05/20/2025,22-05-2025,24-05-2025,05/26/2025,SkyFreight,South,West,South-West,Road,280,Traffic,Delivered,344.3,Economy
SHP005980,09/14/2025,15-Sep-25,21-09-2025,09/22/2025,MetroLogix,Central,North,Central-North,Road,980,Vehicle Issue,Delivered,1029.88,Express
SHP004733,30-08-2025,09-02-2025,09-09-2025,09/19/2025,SwiftShip,South,West,South-West,Road,1490,Vehicle Issue,Delivered,1277.86,Standard
SHP005703,09-06-2025,06-11-2025,17-06-2025,06/17/2025,RoadRunner,Central,East,Central-East,Road,940,,Delivered,1040.42,Express
SHP001096,24-Nov-25,11/26/2025,12-01-2025,01-Dec-25,ParcelPro,Central,West,Central-West,Rail,950,,Delivered,684.57,Express
SHP004112,19-06-2025,06/20/2025,06/30/2025,03-Jul-25,MetroLogix,East,West,East-West,Road,1970,Vehicle Issue,Delivered,2753.23,Express
SHP001296,17-10-2025,20-Oct-25,26-Oct-25,26-Oct-25,RoadRunner,West,South,West-South,Road,810,,Delivered,797.45,Standard
SHP002377,18-Nov-25,21-Nov-25,23-Nov-25,27-Nov-25,ParcelPro,South,East,South-East,Air,770,Customs,Delivered,1356.81,Express
SHP006323,01/31/2025,01-02-2025,05-Feb-25,09-Feb-25,ParcelPro,East,North,East-North,Road,540,Capacity Constraint,Delivered,761.27,Standard
SHP004474,10-03-2025,10-05-2025,09-10-2025,10/19/2025,ParcelPro,Central,South,Central-South,Road,870,Warehouse Backlog,Delivered,1150.47,Express
SHP004762,15-Apr-25,17-04-2025,28-04-2025,04/27/2025,SwiftShip,South,West,South-West,Road,2400,,Undelivered,2159.29,Economy
SHP006167,13-Jul-25,15-07-2025,17-07-2025,17-Jul-25,SwiftShip,South,Central,South-Central,Road,240,,Delivered,248.45,Express
SHP002130,12-04-2025,04/14/2025,04/17/2025,27-Apr-25,MetroLogix,North,Central,North-Central,Road,310,Capacity Constraint,Delivered,512.55,Express
SHP005549,10-06-2025,07-Oct-25,11-Oct-25,12-10-2025,ParcelPro,South,East,South-East,Rail,650,Warehouse Backlog,Delivered,779.04,Express
SHP000250,10/29/2025,30-Oct-25,02-11-2025,10/31/2025,MetroLogix,South,Central,South-Central,Rail,460,,Delivered,548.95,Economy
SHP003097,04-09-2025,11-04-2025,04/15/2025,04/20/2025,SwiftShip,Central,East,Central-East,Road,120,Warehouse Backlog,Delivered,212.11,Economy
SHP005787,03/20/2025,23-Mar-25,26-03-2025,26-Mar-25,MetroLogix,West,South,West-South,Road,480,,Delivered,511.84,Express
SHP002723,01/23/2025,01/25/2025,01-Feb-25,31-Jan-25,ParcelPro,East,South,East-South,Road,1590,,Delivered,2061.77,Standard
SHP005831,10/14/2025,16-10-2025,22-10-2025,22-10-2025,MetroLogix,North,Central,North-Central,Road,1370,,Delivered,1621.54,Standard
SHP002479,07/19/2025,21-07-2025,28-07-2025,29-07-2025,RoadRunner,Central,North,Central-North,Rail,2350,Weather,Delivered,2534.09,Economy
SHP004704,22-Oct-25,24-10-2025,10/30/2025,30-Oct-25,MetroLogix,South,Central,South-Central,Road,1030,,Delivered,1488.86,Standard
SHP006363,04-02-2025,02-06-2025,02-11-2025,09-02-2025,MetroLogix,North,East,North-East,Air,1890,,Delivered,2892.72,Express
SHP002378,16-Jul-25,18-07-2025,22-Jul-25,22-Jul-25,ParcelPro,North,South,North-South, air ,750,,Delivered,1250.38,Standard
SHP001716,29-Jul-25,01-Aug-25,08-06-2025,07-08-2025,MetroLogix,South,North,South-North,Air,1530,Customs,Delivered,3013.22,Express
SHP001454,24-01-2025,01/25/2025,28-01-2025,31-01-2025,SkyFreight,East,North,East-North,Road,220,Vehicle Issue,Delivered,318.4,Express
SHP001137,30-Apr-25,01-05-2025,04-05-2025,05-08-2025,RoadRunner,South,East,South-East,Road,750,Customs,Delivered,1016.11,Express
SHP002307,11-08-2025,08/14/2025,20-08-2025,23-Aug-25,MetroLogix,Central,North,Central-North,Rail,1660,Weather,Delivered,1415.55,Standard
SHP001444,19-04-2025,20-Apr-25,23-04-2025,25-Apr-25,SwiftShip,South,Central,South-Central,Road,460,Customs,Delivered,610.62,Economy
SHP004040,24-10-2025,10/26/2025,02-Nov-25,,MetroLogix,South,West,South-West,Road,1260,Customs,In Transit,1766.77,Economy
SHP001015,05/22/2025,24-May-25,05/29/2025,28-May-25,ParcelPro,East,Central,East-Central,Air,2390,,Delivered,3577.08,Express
SHP001004,10-12-2025,11-Dec-25,14-12-2025,16-Dec-25,ParcelPro,East,North,East-North,Air,1990,Weather,Delivered,2296.1,Economy
SHP000645,06/21/2025,22-Jun-25,06/30/2025,29-Jun-25,SkyFreight,West,Central,West-Central,Road,1530,,Delivered,1874.61,Economy
SHP004400,11-04-2025,04-12-2025,15-04-2025,04/14/2025,RoadRunner,Central,West,Central-West,Road,410,,Delivered,522.76,Standard
SHP006020,09-12-2025,15-09-2025,09/19/2025,09/23/2025,RoadRunner,West,East,West-East,Road,780,Customs,Delivered,825.35,Express
SHP005722,08-05-2025,07-08-2025,08-12-2025,13-Aug-25,ParcelPro,South,West,South-West,Road,790,Capacity Constraint,Delivered,755.25,Standard
SHP000865,01/13/2025,15-Jan-25,22-Jan-25,24-01-2025,MetroLogix,North,Central,North-Central,Road,1390,Weather,Delivered,1980.52,Economy
SHP000982,03/22/2025,03/24/2025,03-04-2025,04-03-2025,SwiftShip,North,East,North-East,Road,2300,,Delivered,2936.93,Express
SHP002511,19-Dec-25,21-Dec-25,23-Dec-25,23-Dec-25,ParcelPro,South,Central,South-Central,Air,950,,Delivered,1695.13,Standard
SHP001323,06/18/2025,21-Jun-25,27-06-2025,29-06-2025,RoadRunner,Central,North,Central-North,Rail,2190,Customs,Delivered,1870.46,Standard
SHP000876,01/30/2025,02-Feb-25,06-Feb-25,,ParcelPro,Central,East,Central-East,Air,210,Vehicle Issue,In Transit,494.69,Express
SHP005962,07/24/2025,07/26/2025,01-Aug-25,02-Aug-25,SkyFreight,Central,North,Central-North,Road,1550,Warehouse Backlog,Delivered,1941.16,Economy
SHP005811,11-06-2025,06-12-2025,06/16/2025,06/15/2025,MetroLogix,East,North,East-North,Road,240,,Delivered,323.76,Standard
SHP005680,05/20/2025,05/23/2025,27-05-2025,27-May-25,SkyFreight,North,South,North-South,Road,730,,Delivered,739.36,Express
SHP002457,13-08-2025,16-08-2025,21-08-2025,23-08-2025,SkyFreight,South,Central,South-Central,Road,460,Vehicle Issue,Delivered,652.32,Economy
SHP002068,09/23/2025,09/26/2025,29-09-2025,29-Sep-25,RoadRunner,West,East,West-East,Road,540,,Delivered,611.35,Economy
SHP003860,02-09-2025,11-Feb-25,15-Feb-25,19-Feb-25,RoadRunner,South,West,South-West,Air,680,Weather,Delivered,1174.36,Economy
SHP005057,11/24/2025,11/26/2025,29-Nov-25,12-03-2025,ParcelPro,Central,North,Central-North,Road,420,Customs,Delivered,538.5,Standard
SHP002721,09-10-2025,13-Sep-25,09/16/2025,23-09-2025,RoadRunner,East,West,East-West,Air,280,Customs,Delivered,546.02,Standard
SHP000787,09-09-2025,13-Sep-25,09/22/2025,20-Sep-25,SkyFreight,South,West,South-West,Road,2290,,Undelivered,2075.46,Economy
SHP000893,12/18/2025,12/19/2025,25-Dec-25,25-Dec-25,SkyFreight,East,West,East-West,Road,1470,,Undelivered,1824.17,Economy
SHP001028,07/13/2025,15-Jul-25,18-07-2025,28-07-2025,ParcelPro,West,Central,West-Central,Air,1420,Warehouse Backlog,Delivered,3080.6,Economy
SHP002812,06/25/2025,28-06-2025,07-01-2025,02-Jul-25,RoadRunner,North,West,North-West,Rail,140,Vehicle Issue,Delivered,187.38,Standard
SHP004124,09-05-2025,05-12-2025,16-05-2025,05/19/2025,RoadRunner,East,South,East-South,Road,780,Capacity Constraint,Delivered,1180.21,Standard
SHP002238,26-May-25,29-05-2025,06-03-2025,06-Jun-25,RoadRunner,West,South,West-South,Road,1000,Vehicle Issue,Delivered,1243.18,Express
SHP004809,10-Feb-25,11-Feb-25,16-Feb-25,19-Feb-25,MetroLogix,Central,East,Central-East,Road,1060,Vehicle Issue,Delivered,1050.01,Express
SHP001379,27-01-2025,29-01-2025,01-02-2025,31-Jan-25,SwiftShip,Central,South,Central-South,Air,730,,Delivered,1255.04,Standard
SHP005745,19-Jun-25,21-06-2025,29-Jun-25,30-Jun-25,RoadRunner,West,Central,West-Central,Road,1760,Customs,Delivered,1401.17,Standard
SHP002369,01-11-2025,05-11-2025,07-11-2025,11-10-2025,MetroLogix,West,North,West-North,Road,180,Weather,Delivered,221.57,Express
SHP000402,18-03-2025,21-03-2025,28-Mar-25,02-04-2025,SwiftShip,East,Central,East-Central,Road,1320,Capacity Constraint,Delivered,1395.92,Standard
SHP002756,29-01-2025,31-Jan-25,02-04-2025,04-02-2025,RoadRunner,Central,South,Central-South,Road,180,,Delivered,267.09,Economy
SHP003792,06-03-2025,06-06-2025,10-06-2025,06-12-2025,SwiftShip,Central,North,Central-North,Air,1350,Customs,Delivered,1630.72,Standard
SHP004305,27-01-2025,01/29/2025,02-Feb-25,02-12-2025,ParcelPro,East,Central,East-Central,Road,180,Capacity Constraint,Delivered,207.5,Economy
SHP006251,03-01-2025,03-Mar-25,08-Mar-25,03-11-2025,SwiftShip,North,Central,North-Central,Road,450,Capacity Constraint,Delivered,432.17,Standard
SHP003422,25-03-2025,26-03-2025,31-Mar-25,30-Mar-25,ParcelPro,East,North,East-North,Road,1050,,Delivered,949.26,Express
SHP005895,19-01-2025,01/21/2025,28-Jan-25,28-Jan-25,SkyFreight,South,North,South-North,Road,1730,,Delivered,1661.2,Standard
SHP002476,12-06-2025,14-Jun-25,21-06-2025,25-Jun-25,MetroLogix,North,East,North-East,Road,1280,Traffic,Delivered,1259.92,Economy
SHP000559,31-Dec-25,01-03-2026,11-Jan-26,10-Jan-26,MetroLogix,South,East,South-East,Rail,2360,,Delivered,2622.5,Express
SHP001922,06-08-2025,11-Jun-25,15-Jun-25,06/20/2025,SwiftShip,West,North,West-North,Road,180,Weather,Delivered,249.83,Economy
SHP004159,21-Sep-25,23-09-2025,09/28/2025,27-Sep-25,ParcelPro,North,Central,North-Central,Rail,1070,,Delivered,895.08,Standard
SHP000534,12/18/2025,12/21/2025,27-12-2025,30-Dec-25,RoadRunner,Central,North,Central-North,Road,1570,Vehicle Issue,Delivered,1786.24,Express
SHP000064,06-03-2025,05-06-2025,08-Jun-25,06-12-2025,SkyFreight,South,North,South-North,Air,620,Vehicle Issue,Delivered,1559.82,Express
SHP001413,02-05-2025,04-05-2025,08-05-2025,07-05-2025,MetroLogix,North,South,North-South,Road,200,,Delivered,257.09,Standard
SHP002781,03/21/2025,23-Mar-25,29-Mar-25,03/28/2025,SwiftShip,East,West,East-West,Road,900,,Delivered,847.82,Economy
SHP005244,01/28/2025,30-Jan-25,01-02-2025,03-Feb-25,SkyFreight,East,Central,East-Central,Air,170,Capacity Constraint,Delivered,289.72,Express
SHP006297,25-02-2025,28-02-2025,04-Mar-25,03-05-2025,RoadRunner,West,South,West-South,Air,2390,Customs,Delivered,3445.61,Standard
SHP006248,21-Jan-25,24-01-2025,26-Jan-25,01/26/2025,MetroLogix,South,West,South-West,Road,130,,Delivered,176.17,Standard
SHP002981,12/27/2025,28-12-2025,12/30/2025,01-06-2026,SkyFreight,Central,North,Central-North,Air,130,Weather,Delivered,382.21,Economy
SHP000461,10/14/2025,15-10-2025,20-10-2025,19-10-2025,ParcelPro,West,South,West-South,Road,980,,Delivered,918.4,Express
SHP003907,09-09-2025,10-Sep-25,12-Sep-25,09-11-2025,MetroLogix,Central,West,Central-West,Road,340 km,,Delivered,329.34,Economy
SHP002805,06/20/2025,06/22/2025,06/24/2025,24-06-2025,SwiftShip,North,East,North-East,Air,610,,Delivered,815.1,Economy
SHP000186,18-07-2025,21-07-2025,07/25/2025,30-07-2025,RoadRunner,Central,South,Central-South,Road,560,Weather,Delivered,564.12,Economy
SHP004222,10/30/2025,02-Nov-25,08-Nov-25,08-11-2025,SkyFreight,North,West,North-West,Road,820,,Delivered,1133.45,Express
SHP001140,02/19/2025,21-Feb-25,02/23/2025,,SkyFreight,South,North,South-North,Road,380,Capacity Constraint,In Transit,444.31,Economy
SHP003825,31-08-2025,03-Sep-25,09-08-2025,09-08-2025,ParcelPro,Central,West,Central-West,Road,1120,,Delivered,1522.95,Economy
SHP002711,04-Jun-25,06-06-2025,08-06-2025,09-Jun-25,SwiftShip,South,West,South-West,Air,1340,Capacity Constraint,Delivered,2358.61,Express
SHP003014,21-05-2025,22-05-2025,25-May-25,24-05-2025,SkyFreight,West,East,West-East,Road,250,,Delivered,343.47,Express
SHP005487,14-Sep-25,09/16/2025,22-Sep-25,09/20/2025,SwiftShip,Central,West,Central-West,Rail,1800,,Delivered,1025.91,Economy
SHP004130,11-05-2025,09-11-2025,13-11-2025,18-Nov-25,SkyFreight,North,West,North-West,Road,430,Traffic,Delivered,599.56,Standard
SHP003280,06-10-2025,07-10-2025,13-10-2025,17-10-2025,MetroLogix,East,West,East-West,Rail,2130,Weather,Delivered,1177.6,Economy
SHP001558,21-06-2025,23-Jun-25,06/26/2025,28-Jun-25,SkyFreight,West,North,West-North,Air,1080,Traffic,Delivered,1728.69,Express
SHP005377,13-04-2025,14-04-2025,19-04-2025,04/19/2025,ParcelPro,Central,South,Central-South,Air,2150,,Delivered,4518.9,Economy
SHP001367,27-May-25,29-05-2025,05-Jun-25,04-06-2025,SwiftShip,South,East,South-East,Road,1660,,Delivered,1275.14,Standard
SHP002447,09/22/2025,09/26/2025,28-Sep-25,10-03-2025,SwiftShip,South,East,South-East,Air,960,Customs,Delivered,1307.2,Standard
SHP003846,17-09-2025,09/18/2025,22-09-2025,24-Sep-25,MetroLogix,North,South,North-South,Air,2210,Capacity Constraint,Delivered,4002.82,Express
SHP003676,25-09-2025,27-Sep-25,03-10-2025,10-03-2025,ParcelPro,East,Central,East-Central,Road,890,,Delivered,1251.98,Economy
SHP004149,25-Feb-25,02/27/2025,03-02-2025,03-03-2025,RoadRunner,Central,South,Central-South,Air,1080,Weather,Delivered,2433.06,Express
SHP002028,03-Feb-25,05-Feb-25,09-Feb-25,02/19/2025,ParcelPro,East,Central,East-Central,Road,670,Vehicle Issue,Delivered,672.81,Economy
SHP002460,13-May-25,15-May-25,19-05-2025,,RoadRunner,East,South,East-South,Road,1030,,Cancelled,989.06,Express
SHP003597,17-Nov-25,18-11-2025,24-Nov-25,23-Nov-25,ParcelPro,Central,North,Central-North,Road,1000,,Delivered,857.61,Economy
SHP002612,07-05-2025,08-07-2025,07/16/2025,17-07-2025,SwiftShip,South,North,South-North,Road,1500,Vehicle Issue,Delivered,1849.26,Standard
SHP001091,10-03-2025,11-Mar-25,22-03-2025,03/20/2025,ParcelPro,East,North,East-North,Road,2360,,Delivered,2930.78,Express
SHP002668,01-10-2025,03-10-2025,12-Oct-25,15-10-2025,RoadRunner,South,West,South-West,Road,2000,Warehouse Backlog,Delivered,1871.69,Standard
SHP001318,09-03-2025,05-Sep-25,09-08-2025,18-Sep-25,MetroLogix,South,West,South-West,Air,1620,Vehicle Issue,Delivered,3068.98,Express
SHP000515,02-05-2025,05-05-2025,11-05-2025,12-05-2025,SwiftShip,Central,South,Central-South,Road,1600,Capacity Constraint,Delivered,2069.18,Express
SHP000433,05/20/2025,23-05-2025,26-May-25,26-05-2025,SkyFreight,South,North,South-North,Air,1150,,Delivered,1728.32,Standard
SHP003621,06-11-2025,13-06-2025,06/19/2025,06/19/2025,RoadRunner,West,South,West-South,Road,1010,,Delivered,812.95,Economy
SHP006493,30-Jun-25,03-07-2025,07-10-2025,12-Jul-25,SkyFreight,Central,West,Central-West,Rail,2130,Customs,Delivered,1797.36,Standard
SHP002947,03-06-2025,03-07-2025,10-03-2025,08-Mar-25,SwiftShip,West,Central,West-Central,Air,1440,,Delivered,3282.33,Express
SHP002093,04-Apr-25,06-Apr-25,08-Apr-25,04-09-2025,MetroLogix,Central,South,Central-South,Air,460,Capacity Constraint,Delivered,950.22,Economy
SHP002876,12-10-2025,10/15/2025,10/21/2025,20-Oct-25,  SKYFREIGHT  ,West,North,West-North, air ,2390,,Delivered,3045.62,Standard
SHP005105,30-09-2025,02-Oct-25,10-06-2025,10-06-2025,ParcelPro,North,East,North-East,Road,480,,Delivered,530.68,Economy
SHP000905,11-Feb-25,13-02-2025,02/21/2025,02/23/2025,SwiftShip,South,North,South-North,Road,2110,Weather,Delivered,1851.72,Express
SHP002464,26-06-2025,06/28/2025,07-02-2025,07-03-2025,MetroLogix,West,North,West-North,Road,740,Warehouse Backlog,Delivered,600.75,Economy
SHP005225,24-06-2025,26-Jun-25,01-Jul-25,07-01-2025,SwiftShip,East,South,East-South,Air,2300,,Delivered,3688.43,Standard
SHP004181,03-03-2025,04-03-2025,15-Mar-25,03/19/2025,MetroLogix,Central,West,Central-West,Road,2390,Traffic,Delivered,1708.43,Express
SHP006272,10/20/2025,24-Oct-25,28-Oct-25,,SkyFreight,Central,South,Central-South,Air,1590,,Cancelled,2662.55,Express
SHP002745,06-11-2025,13-Jun-25,18-06-2025,18-06-2025,RoadRunner,Central,North,Central-North,Rail,1530,,Delivered,1685.71,Economy
SHP002546,12-07-2025,10-Dec-25,13-12-2025,12/16/2025,ParcelPro,Central,South,Central-South,Air,2030,Capacity Constraint,Delivered,4352.68,Economy
SHP005034,18-Sep-25,22-09-2025,09/24/2025,26-09-2025,ParcelPro,Central,West,Central-West,Road,250,Warehouse Backlog,Delivered,357.16,Express
SHP005570,25-06-2025,06/28/2025,07-06-2025,08-07-2025,SwiftShip,West,North,West-North,Rail,1940,Warehouse Backlog,Delivered,1859.92,Economy
SHP001720,04-May-25,05-05-2025,13-May-25,05/13/2025,RoadRunner,Central,North,Central-North,Road,2050,,Delivered,2456.55,Express
SHP004822,06-09-2025,12-Jun-25,22-06-2025,22-06-2025,ParcelPro,West,North,West-North,Road,2040,,Delivered,2085.85,Standard
SHP000940,06-02-2025,02-07-2025,02-11-2025,10-Feb-25,SwiftShip,West,North,West-North,Road,300,,Delivered,366.39,Standard
SHP003479,05-11-2025,14-05-2025,24-May-25,24-05-2025,RoadRunner,East,South,East-South,Road,2290,,Delivered,2919.05,Express
SHP005578,24-Oct-25,26-10-2025,28-10-2025,27-10-2025,MetroLogix,East,Central,East-Central,Road,210,,Delivered,311.21,Standard
SHP003011,01-12-2025,13-Jan-25,16-01-2025,16-Jan-25,SwiftShip,West,East,West-East,Road,600,,Delivered,782.44,Express
SHP000383,05-10-2025,05-12-2025,05/17/2025,05/19/2025,  ROADRUNNER  ,East,Central,East-Central,Air,1890,Weather,Delivered,4051.08,Standard
SHP000784,06/16/2025,06/17/2025,06/21/2025,22-06-2025,MetroLogix,Central,North,Central-North,Air,1620,Vehicle Issue,Delivered,2588.46,Standard
SHP003998,06/23/2025,06/25/2025,07-01-2025,07-06-2025,RoadRunner,North,South,North-South,Road,940,Traffic,Delivered,733.37,Economy
SHP005882,23-Jan-25,01/26/2025,02-02-2025,31-Jan-25,SwiftShip,Central,North,Central-North,Road,1550,,Delivered,1592.32,Express
SHP003958,20-12-2025,22-12-2025,26-12-2025,28-12-2025,ParcelPro,South,East,South-East,Road,860,Vehicle Issue,Delivered,657.55,Economy
SHP006156,23-May-25,05/25/2025,04-Jun-25,04-06-2025,SkyFreight,East,South,East-South,Road,2170,,Delivered,1818.71,Standard
SHP005427,04-08-2025,05-Aug-25,10-08-2025,11-08-2025,RoadRunner,East,South,East-South,Road,1350,Warehouse Backlog,Delivered,1160.05,Economy
SHP003438,02-04-2025,04-04-2025,07-Apr-25,05-Apr-25,SwiftShip,West,Central,West-Central,Air,440,,Delivered,929.13,Standard
SHP001311,07-10-2025,10-Oct-25,10/18/2025,23-Oct-25,MetroLogix,Central,North,Central-North,Road,1840,Traffic,Delivered,2447.54,Standard
SHP006189,03/20/2025,21-Mar-25,03/25/2025,25-Mar-25,SwiftShip,East,Central,East-Central,Road,490,,Delivered,418.88,Standard
SHP005343,23-Jan-25,25-Jan-25,02-02-2025,02-02-2025,RoadRunner,West,North,West-North,Road,1620,,Delivered,1303.77,Economy
SHP000666,08-Feb-25,10-02-2025,14-Feb-25,02/24/2025,RoadRunner,Central,South,Central-South,Air,470,Vehicle Issue,Delivered,991.01,Economy
SHP002030,22-06-2025,25-06-2025,07-03-2025,07-07-2025,SwiftShip,North,South,North-South,Road,2080,Traffic,Delivered,2252.23,Express
SHP005853,11/17/2025,11/18/2025,21-11-2025,11/23/2025,RoadRunner,Central,North,Central-North,Air,770,Vehicle Issue,Delivered,1220.17,Economy
SHP003579,06-Sep-25,08-09-2025,17-Sep-25,09/16/2025,RoadRunner,East,North,East-North,Road,2150,,Delivered,1930.46,Express
SHP000810,07-01-2025,07-03-2025,07-10-2025,07-09-2025,RoadRunner,West,Central,West-Central,Road,1920,,Delivered,1372.1,Economy
SHP002138,10-May-25,13-May-25,18-May-25,05/25/2025,RoadRunner,East,North,East-North,Road,1050,Capacity Constraint,Delivered,1307.39,Express
SHP006320,23-06-2025,06/25/2025,28-06-2025,30-06-2025,RoadRunner,East,North,East-North,Road,310,Vehicle Issue,Delivered,312.93,Economy
SHP004591,01-Apr-25,04-02-2025,04-09-2025,08-Apr-25,MetroLogix,East,West,East-West,Road,1380,,Delivered,1230.74,Express
SHP003586,27-Dec-25,29-12-2025,01-Jan-26,31-Dec-25,ParcelPro,East,North,East-North,Road,330,,Delivered,516.92,Express
SHP005963,21-Oct-25,24-Oct-25,02-Nov-25,,SkyFreight,East,South,East-South,Road,1980,,Cancelled,1877.46,Standard
SHP004759,18-03-2025,20-Mar-25,26-03-2025,03/26/2025,ParcelPro,West,East,West-East,Rail,1690,,Delivered,1837.59,Economy
SHP006212,05/22/2025,25-05-2025,05/29/2025,29-05-2025,ParcelPro,South,East,South-East,Road,690,,Delivered,600.01,Express
SHP000124,12-Mar-25,14-Mar-25,18-Mar-25,18-Mar-25,SkyFreight,Central,North,Central-North,Road,920,,Delivered,1220.67,Economy
SHP002944,29-05-2025,06-01-2025,05-Jun-25,04-Jun-25,ParcelPro,East,Central,East-Central,Road,990,,Delivered,883.72,Standard
SHP000280,07-Nov-25,11-08-2025,11-10-2025,15-Nov-25,MetroLogix,South,East,South-East,Road,420,Weather,Delivered,567.51,Standard
SHP004629,06-Dec-25,10-Dec-25,14-Dec-25,16-12-2025,SwiftShip,North,West,North-West,Road,440,Warehouse Backlog,Delivered,597.18,Standard
SHP001213,07/20/2025,07/21/2025,26-07-2025,07/30/2025,ParcelPro,Central,East,Central-East,Rail,1190,Warehouse Backlog,Delivered,1279.09,Express
SHP000902,01-07-2025,11-Jan-25,01/15/2025,18-Jan-25,RoadRunner,West,South,West-South,Air,1210,Warehouse Backlog,Delivered,2760.14,Standard
SHP002058,23-07-2025,25-Jul-25,03-Aug-25,08-04-2025,ParcelPro,West,East,West-East,Road,2020,Warehouse Backlog,Delivered,1740.36,Standard
SHP001199,04-06-2025,08-Apr-25,11-04-2025,18-04-2025,ParcelPro,Central,West,Central-West,Air,900,Vehicle Issue,Delivered,1822.52,Express
SHP005942,06-Oct-25,09-Oct-25,17-Oct-25,17-10-2025,RoadRunner,East,Central,East-Central,Road,1990,,Delivered,2713.69,Express
SHP005992,13-10-2025,16-10-2025,20-Oct-25,19-10-2025,SwiftShip,South,North,South-North,Air,2310,,Delivered,4957.99,Express
SHP003548,28-04-2025,05-01-2025,05-May-25,05-May-25,SwiftShip,South,East,South-East,Road,1040,,Delivered,1145.38,Standard
SHP003514,24-Feb-25,28-Feb-25,04-Mar-25,03-06-2025,ParcelPro,North,South,North-South,Road,900,Warehouse Backlog,Delivered,779.07,Express
SHP002715,05-08-2025,10-May-25,20-05-2025,05/30/2025,SkyFreight,East,South,East-South,Road,2240,Warehouse Backlog,Delivered,1634.35,Standard
SHP000331,16-Mar-25,18-03-2025,03/26/2025,,RoadRunner,West,North,West-North,Road,1980,Warehouse Backlog,In Transit,1397.39,Express
SHP004046,11-10-2025,12-Oct-25,10/20/2025,20-10-2025,MetroLogix,South,North,South-North,Road,1910,,Delivered,1576.06,Express
SHP001889,29-01-2025,30-Jan-25,02-03-2025,03-02-2025,SwiftShip,West,North,West-North,Road,850,,Delivered,760.09,Economy
SHP002169,06-12-2025,07-Dec-25,12-11-2025,14-Dec-25,SkyFreight,North,Central,Unknown-Route,Road,250,Warehouse Backlog,Delivered,361.35,Economy
SHP004391,04-02-2025,05-Apr-25,12-04-2025,12-Apr-25,SkyFreight,Central,North,Central-North,Road,1620,,Delivered,1232.51,Economy
SHP005793,01/29/2025,30-01-2025,08-Feb-25,08-Feb-25,SkyFreight,West,Central,West-Central,Road,1930,,Delivered,2765,Economy
SHP001623,06-May-25,08-May-25,13-May-25,05/20/2025,MetroLogix,North,West,North-West,Air,1560,Traffic,Delivered,2683.7,Economy
SHP006097,06/25/2025,27-06-2025,07-05-2025,03-Jul-25,MetroLogix,North,Central,North-Central,Road,2160,,Delivered,2706.73,Express
SHP003343,25-09-2025,09/29/2025,10-08-2025,08-Oct-25,SkyFreight,Central,South,Central-South,Road,1890,,Delivered,2651,Economy
SHP005868,01-05-2025,01-06-2025,08-Jan-25,01-10-2025,RoadRunner,North,East,North-East,Air,1050,Weather,Delivered,1902.99,Express
SHP001968,03-Aug-25,08-05-2025,08-08-2025,08-Aug-25,ParcelPro,Central,North,Central-North,Air,810,,Delivered,1833.88,Express
SHP000511,02-03-2025,04-02-2025,02-06-2025,02/13/2025,MetroLogix,Central,West,Central-West,Air,820,Vehicle Issue,Delivered,1707.75,Economy
SHP006004,21-Dec-25,22-Dec-25,25-Dec-25,04-Jan-26,RoadRunner,Central,North,Central-North,Road,420,Capacity Constraint,Delivered,636.59,Economy
SHP000259,09-10-2025,11-Oct-25,10/21/2025,10/20/2025,ParcelPro,North,West,North-West,Road,"2,130 km",,Delivered,"$1,827.86",Express
SHP000267,26-Jun-25,27-06-2025,07-05-2025,15-Jul-25,ParcelPro,Central,West,Central-West,Road,1690,Weather,Delivered,1773.15,Economy
SHP002506,24-Mar-25,25-03-2025,03/30/2025,30-Mar-25,RoadRunner,Central,North,Central-North,Road,640,,Delivered,900.96,Standard
SHP004105,23-Feb-25,24-Feb-25,03-Mar-25,03-Mar-25,SkyFreight,Central,West,Central-West,Road,1900,,Delivered,1616.63,Express
SHP004939,05-Sep-25,09-07-2025,09/18/2025,09/16/2025,SwiftShip,East,Central,East-Central,Road,2310,,Delivered,2144.52,Standard
SHP002131,12/27/2025,12/29/2025,02-Jan-26,02-Jan-26,RoadRunner,North,East,North-East,Rail,1350,,Delivered,1515.71,Standard
SHP005753,24-Mar-25,26-03-2025,28-Mar-25,03/27/2025,SkyFreight,Central,East,Central-East,Air,880,,Delivered,1435.76,Economy
SHP002319,15-May-25,05/17/2025,22-05-2025,05/22/2025,RoadRunner,South,North,South-North,Road,940,,Delivered,951.61,Express
SHP004800,18-05-2025,21-05-2025,05/25/2025,27-05-2025,ParcelPro,North,South,North-South,Rail,490,Capacity Constraint,Delivered,499.31,Economy
SHP006032,05-08-2025,07-08-2025,08-10-2025,11-Aug-25,ParcelPro,North,South,North-South,Air,710,Traffic,Delivered,1020.76,Standard
SHP000450,23-05-2025,26-May-25,30-May-25,28-May-25,SkyFreight,West,South,West-South,Air,2220,,Delivered,4417.52,Standard
SHP004406,01-09-2025,02-09-2025,09-10-2025,09/14/2025,SkyFreight,Central,South,Central-South,Road,1830,Warehouse Backlog,Undelivered,1506.14,Standard
SHP004997,12-Dec-25,13-Dec-25,21-12-2025,12/24/2025,ParcelPro,North,Central,North-Central,Road,2130,Vehicle Issue,Delivered,2902.74,Standard
SHP002118,22-Aug-25,08/24/2025,08/29/2025,03-09-2025,SkyFreight,West,North,West-North,Rail,1610,Traffic,Delivered,1122.06,Economy
SHP005698,01/23/2025,01/26/2025,02-03-2025,04-02-2025,SwiftShip,West,North,West-North,Road,1980,Warehouse Backlog,Delivered,2818.18,Express
SHP004518,07-01-2025,07-03-2025,13-07-2025,13-07-2025,SwiftShip,East,Central,East-Central,Road,2190,,Delivered,1711.84,Express
SHP002572,08/17/2025,08/19/2025,08/26/2025,26-08-2025,SkyFreight,Central,South,Central-South,Road,1100,,Delivered,998.03,Economy
SHP002886,04/24/2025,26-04-2025,02-May-25,,SkyFreight,South,Central,South-Central,Rail,1040,,Cancelled,924.58,Economy
SHP002268,26-05-2025,28-05-2025,06-03-2025,06-01-2025,SwiftShip,North,East,North-East,Rail,1860,,Delivered,1299.67,Express
SHP005966,13-07-2025,07/14/2025,18-07-2025,17-07-2025,SwiftShip,Central,North,Central-North,Road,650,,Delivered,837.68,Standard
SHP005002,27-03-2025,30-Mar-25,01-Apr-25,01-04-2025,SwiftShip,South,East,South-East,Road,410,,Undelivered,505.48,Standard
SHP005540,20-06-2025,06/23/2025,26-Jun-25,06-Jul-25,MetroLogix,North,Central,North-Central,Air,830,Capacity Constraint,Delivered,1829.69,Express
SHP003689,10/29/2025,02-Nov-25,11-07-2025,11-11-2025,MetroLogix,West,North,West-North,Air,2030,Warehouse Backlog,Delivered,3870.94,Express
SHP002568,01-05-2025,05-03-2025,06-May-25,05/16/2025,MetroLogix,West,Central,West-Central,Road,380,Capacity Constraint,Delivered,422.59,Economy
SHP003974,16-Nov-25,11/18/2025,11/23/2025,11/26/2025,RoadRunner,South,North,South-North,Road,670,Traffic,Delivered,770.19,Economy
SHP002009,06/14/2025,17-06-2025,19-06-2025,19-06-2025,SwiftShip,Central,East,Central-East,Road,160,,Delivered,233.13,Economy
SHP000287,29-Apr-25,01-05-2025,03-May-25,05/13/2025,ParcelPro,East,South,East-South,Air,520,Customs,Delivered,1053.17,Economy
SHP000619,04-02-2025,04-Apr-25,04/13/2025,13-04-2025,SkyFreight,North,West,North-West,Road,1820,,Delivered,1643.04,Express
SHP004877,08/23/2025,08/25/2025,28-08-2025,29-Aug-25,SwiftShip,Central,East,Central-East,Road,360,Weather,Delivered,547.5,Economy
SHP003290,05-12-2025,15-May-25,05/22/2025,,SkyFreight,South,East,South-East,Road,1640,Capacity Constraint,Cancelled,1773.62,Express
SHP001748,18-Jul-25,07/20/2025,23-Jul-25,07/23/2025,ParcelPro,West,East,West-East,Air,670,,Delivered,1174.58,Economy
SHP002551,01-01-2025,01-04-2025,01-11-2025,11-Jan-25,ParcelPro,North,Central,North-Central,Road,1800,,Delivered,2194.56,Economy
SHP006497,19-May-25,21-May-25,05/30/2025,05/30/2025,SkyFreight,East,North,East-North,Road,2110,,Delivered,1776.41,Economy
SHP003550,11-Aug-25,13-Aug-25,22-08-2025,20-08-2025,MetroLogix,North,East,North-East,Road,2220,,Delivered,1674.43,Economy
SHP001849,01-10-2025,13-Jan-25,01/17/2025,16-Jan-25,SkyFreight,North,West,North-West,Air,1580,,Delivered,2638.16,Express
SHP002256,03-12-2025,04-12-2025,12-09-2025,12-09-2025,MetroLogix,West,East,West-East,Rail,690,,Delivered,644.35,Express
SHP002027,23-07-2025,25-07-2025,28-Jul-25,08-01-2025,ParcelPro,Central,West,Central-West,Rail,750,Capacity Constraint,Delivered,699.68,Express
SHP003074,06-06-2025,06-07-2025,14-Jun-25,24-Jun-25,MetroLogix,East,West,East-West,Road,1170,Vehicle Issue,Delivered,1658.52,Standard
SHP000556,03-01-2025,04-01-2025,01-10-2025,17-Jan-25,SkyFreight,Central,North,Central-North,Road,1180,Capacity Constraint,Delivered,920.04,Economy
SHP002485,12/19/2025,22-12-2025,30-Dec-25,01-Jan-26,ParcelPro,North,East,North-East,Road,1650,Traffic,Delivered,2350.85,Standard
SHP001796,13-Oct-25,10/14/2025,10/20/2025,10/19/2025,SkyFreight,East,Central,East-Central,Road,930,,Delivered,875.73,Express
SHP006182,23-Feb-25,25-02-2025,03-05-2025,03/15/2025,SkyFreight,Central,North,Central-North,Road,1520,Vehicle Issue,Delivered,1371.42,Economy
SHP003293,21-05-2025,23-May-25,26-May-25,,SwiftShip,West,East,West-East,Road,370,,Delivered,412.05,Standard
SHP005757,25-May-25,05/26/2025,06-06-2025,06-06-2025,RoadRunner,West,North,West-North,Road,2260,,Delivered,2686.49,Economy
SHP003714,22-03-2025,24-03-2025,04-01-2025,02-Apr-25,RoadRunner,East,North,East-North,Road,1700,Customs,Delivered,1457.94,Standard
SHP005956,28-Aug-25,30-08-2025,08-Sep-25,,RoadRunner,South,East,South-East,Road,2330,,Cancelled,2271.38,Standard
SHP000222,11-07-2025,14-07-2025,21-07-2025,20-07-2025,SwiftShip,Central,West,Central-West,Road,1410,,Delivered,1190.23,Standard
SHP003104,03-Jul-25,04-07-2025,07-12-2025,12-Jul-25,ParcelPro,North,Central,North-Central,Rail,1850,,Delivered,1915.57,Economy
SHP003172,03-Mar-25,03-05-2025,08-03-2025,11-03-2025,RoadRunner,South,North,South-North,Road,490,Capacity Constraint,Delivered,706.21,Economy
SHP003506,06-Nov-25,11-08-2025,11/15/2025,20-Nov-25,SkyFreight,Central,,Central-East,Road,1330,Warehouse Backlog,Delivered,1702.44,Express
SHP000700,03-07-2025,04-Jul-25,07-09-2025,14-Jul-25,SwiftShip,West,South,West-South,Road,730,Weather,Delivered,946.39,Express
SHP006273,06-12-2025,15-06-2025,24-Jun-25,01-Jul-25,RoadRunner,South,Central,South-Central,Road,2150,Weather,Delivered,2193.31,Standard
SHP003386,08-Aug-25,10-Aug-25,15-08-2025,13-08-2025,SkyFreight,Central,West,Central-West,Road,750,,Delivered,837.19,Economy
SHP004399,02-Apr-25,04-Apr-25,13-Apr-25,04/13/2025,MetroLogix,East,West,East-West,Road,2250,,Delivered,2627.47,Economy
SHP004625,07-04-2025,06-07-2025,14-Jul-25,07/13/2025,SwiftShip,North,South,North-South,Road,1390,,Delivered,1822.25,Express
SHP004291,27-01-2025,28-Jan-25,06-02-2025,02-05-2025,SwiftShip,Central,East,Central-East,Road,1970,,Delivered,2298.04,Express
SHP000126,04-Mar-25,03-06-2025,09-Mar-25,03-09-2025,SkyFreight,Central,South,Central-South,Air,2090,,Delivered,4861.7,Express
SHP000145,20-06-2025,22-Jun-25,06/26/2025,06-Jul-25,ParcelPro,East,North,East-North,Rail,420,Vehicle Issue,Delivered,353.19,Express
SHP005915,09-Mar-25,10-03-2025,14-Mar-25,14-Mar-25,SkyFreight,West,South,West-South,Road,170,,Delivered,306.87,Express
SHP003682,05/13/2025,14-May-25,22-May-25,27-May-25,SwiftShip,East,Central,East-Central,Road,1540,Vehicle Issue,Delivered,1839.66,Standard
SHP002340,26-Mar-25,03/28/2025,02-Apr-25,04-03-2025,SwiftShip,North,Central,North-Central,Road,820,Customs,Delivered,1021.83,Express
SHP001283,01/22/2025,25-Jan-25,01/30/2025,02-Feb-25,,West,Central,West-Central,Road,1340,Customs,Delivered,1364.74,Economy
SHP001503,11-12-2025,11/13/2025,11/18/2025,19-11-2025,RoadRunner,West,South,West-South,Road,880,Vehicle Issue,Delivered,1189.8,Standard
SHP004756,24-05-2025,27-May-25,05/30/2025,30-May-25,SkyFreight,North,South,North-South,Air,2230,,Delivered,2768.71,Economy
SHP003184,05/20/2025,21-05-2025,05/24/2025,24-May-25,ParcelPro,Central,South,Central-South,Air,1340,,Delivered,1668.8,Standard
SHP006035,06-07-2025,07-07-2025,11-Jul-25,07-10-2025,SkyFreight,West,South,West-South,Air,2350,,Delivered,5325.43,Standard
SHP000320,12-Nov-25,14-11-2025,19-Nov-25,17-11-2025,RoadRunner,East,West,East-West,Road,670,,Delivered,622.54,Economy
SHP001124,03-Sep-25,05-Sep-25,07-09-2025,06-Sep-25,ParcelPro,West,North,West-North,Air,1230,,Delivered,2382.45,Economy
SHP006075,10/25/2025,28-10-2025,02-Nov-25,11-01-2025,SwiftShip,West,East,West-East,Rail,980,,Delivered,754.16,Standard
SHP003211,02-07-2025,05-Jul-25,09-07-2025,07-Jul-25,SkyFreight,East,North,East-North,Road,260,,Delivered,404.21,Standard
SHP006108,31-07-2025,03-08-2025,06-08-2025,06-08-2025,MetroLogix,East,West,East-West,Air,1110,,Delivered,2424.54,Standard
SHP005713,22-12-2025,23-Dec-25,31-12-2025,01-Jan-26,  METROLOGIX  ,East,West,East-West,Road,2110,Warehouse Backlog,Delivered,1986.32,Standard
SHP005421,07-06-2025,10-06-2025,14-Jun-25,15-06-2025,SwiftShip,West,Central,West-Central,Road,590,Vehicle Issue,Delivered,690.72,Express
SHP004976,05/21/2025,24-05-2025,28-05-2025,31-05-2025,SwiftShip,North,South,North-South,Rail,880,Weather,Delivered,916.68,Standard
SHP005971,11-11-2025,13-Nov-25,19-Nov-25,11/23/2025,SkyFreight,East,South,East-South,Rail,1330,Vehicle Issue,Undelivered,1490.96,Economy
SHP003926,24-Jul-25,26-07-2025,08-01-2025,08-02-2025,SwiftShip,East,Central,East-Central,Road,1100,Customs,Delivered,827.66,Economy
SHP006436,01/30/2025,31-Jan-25,,07-02-2025,ParcelPro,West,South,West-South,Road,1090,,Delivered,1398.75,Standard
SHP004370,23-03-2025,03/25/2025,04-03-2025,04/13/2025,SkyFreight,South,,South-North,Road,2040,Warehouse Backlog,Delivered,2131.75,Express
SHP001057,03-01-2025,04-Mar-25,09-03-2025,09-03-2025,SwiftShip,South,West,South-West,Road,610,,Delivered,918.99,Economy
SHP004868,21-07-2025,23-07-2025,07/28/2025,07/30/2025,MetroLogix,West,East,West-East,Road,740,Customs,Delivered,577.18,Economy
SHP003106,20-Jun-25,23-Jun-25,02-07-2025,01-07-2025,SwiftShip,South,North,South-North,Road,1750,,Delivered,1535.21,Economy
SHP003068,18-Mar-25,03/20/2025,23-03-2025,03/22/2025,RoadRunner,North,South,North-South,Air,1420,,Delivered,2837.02,Express
SHP002227,12-07-2025,10-Dec-25,15-12-2025,14-12-2025,RoadRunner,Central,North,Central-North,Road,670,,Delivered,596.09,Express
SHP002900,18-07-2025,21-Jul-25,24-Jul-25,25-07-2025,ParcelPro,Central,South,Central-South,Rail,260,Vehicle Issue,Delivered,289.06,Express
SHP005524,16-05-2025,17-May-25,26-05-2025,26-May-25,MetroLogix,North,West,North-West,Road,2000,,Delivered,2310.64,Economy
SHP004572,01-03-2025,03-03-2025,08-Mar-25,15-03-2025,ParcelPro,North,Central,North-Central,Air,1430,Capacity Constraint,Delivered,-100,Express
SHP006093,01-Feb-25,03-02-2025,02-07-2025,07-Feb-25,SwiftShip,North,Central,North-Central,Road,510,,Delivered,567.51,Standard
SHP002425,08-Aug-25,11-Aug-25,15-Aug-25,15-Aug-25,MetroLogix,South,North,South-North,Air,1910,,Delivered,4035.91,Express
SHP000226,21-May-25,05/23/2025,29-May-25,30-05-2025,SkyFreight,South,North,South-North,Road,1310,Weather,Delivered,1444.06,Economy
SHP001248,01/26/2025,27-01-2025,02-04-2025,06-Feb-25,SkyFreight,South,Central,South-Central,Road,1510,Customs,Delivered,1581.28,Standard
SHP003292,30-Mar-25,04-02-2025,04-12-2025,04/22/2025,RoadRunner,South,Central,South-Central,Road,1990,Vehicle Issue,Delivered,2847.31,Economy
SHP004665,04/25/2025,04/26/2025,30-04-2025,05-03-2025,SkyFreight,Central,East,Central-East,Road,490,Capacity Constraint,Delivered,611.6,Standard
SHP005961,12-01-2025,13-01-2025,01/15/2025,16-Jan-25,MetroLogix,West,East,West-East,Air,210,Warehouse Backlog,Delivered,560.1,Standard
SHP005184,15-Oct-25,16-10-2025,20-10-2025,21-10-2025,RoadRunner,Central,North,Central-North,Road,990,Weather,Delivered,966.42,Express
SHP004921,04/29/2025,02-05-2025,06-05-2025,05-05-2025,SkyFreight,North,Central,North-Central,Road,160,,Delivered,251.42,Express
SHP003495,21-02-2025,22-02-2025,27-02-2025,02/27/2025,MetroLogix,Central,East,Central-East,Road,1300,,Delivered,1788.78,Express
SHP003287,01-02-2025,01-03-2025,01-10-2025,15-Jan-25,ParcelPro,South,East,South-East,Road,1750,Customs,Delivered,-100,Economy
SHP005270,08-11-2025,14-Aug-25,08/18/2025,,SkyFreight,West,Central,West-Central,Rail,500,Customs,In Transit,515.6,Standard
SHP001066,23-Sep-25,26-09-2025,05-10-2025,07-10-2025,MetroLogix,South,West,South-West,Road,2000,Customs,Delivered,2702.1,Economy
SHP005057,11/24/2025,11/26/2025,29-Nov-25,12-03-2025,ParcelPro,Central,North,Central-North,Road,420,Customs,Delivered,538.5,Standard
SHP001036,15-04-2025,18-04-2025,22-04-2025,22-04-2025,ParcelPro,West,South,West-South,Air,770,,Delivered,1732.83,Economy
SHP003453,08/20/2025,21-Aug-25,08/26/2025,26-Aug-25,SwiftShip,South,Central,South-Central,Road,1100,,Delivered,1095.26,Express
SHP001599,07-11-2025,09-Nov-25,13-11-2025,15-11-2025,SwiftShip,North,East,North-East,Road,210,Weather,Delivered,285.25,Standard
SHP004542,10/27/2025,10/30/2025,11-02-2025,11-07-2025,MetroLogix,Central,North,Central-North,Air,290,Vehicle Issue,Delivered,435.18,Express
SHP003897,29-Oct-25,31-10-2025,11-03-2025,04-Nov-25,RoadRunner,West,North,West-North,Road,750,Warehouse Backlog,Delivered,1016.48,Standard
SHP000236,01/20/2025,01/22/2025,28-Jan-25,02-04-2025,MetroLogix,North,East,North-East,Rail,1810,Customs,Delivered,1138.54,Standard
SHP004329,10-09-2025,11-09-2025,19-09-2025,09/26/2025,ParcelPro,East,South,East-South,Road,1800,Warehouse Backlog,Delivered,2542.43,Express
SHP003038,11-Jan-25,13-01-2025,19-Jan-25,01/19/2025,MetroLogix,South,East,South-East,Road,1630,,Delivered,1197.15,Economy
SHP004616,20-Jul-25,07/22/2025,07/31/2025,30-07-2025,SwiftShip,West,East,West-East,Road,2290,,Delivered,2767.33,Standard
SHP004846,23-07-2025,24-Jul-25,07/29/2025,07/27/2025,SwiftShip,Central,North,Central-North,Rail,750,,Delivered,590.63,Standard
SHP002760,24-Sep-25,09/26/2025,29-Sep-25,29-09-2025,SwiftShip,South,North,South-North,Air,970,,Delivered,1903.77,Economy
SHP001930,12-01-2025,14-01-2025,17-Jan-25,22-Jan-25,RoadRunner,West,Central,West-Central,Air,290,Traffic,Delivered,556.71,Economy
SHP000925,16-Mar-25,18-03-2025,26-Mar-25,29-Mar-25,MetroLogix,Central,West,Central-West,Road,2200,Weather,Delivered,2417.59,Standard
SHP003009,07-05-2025,09-05-2025,16-05-2025,19-05-2025,MetroLogix,West,South,West-South,Road,1830,Weather,Delivered,2031.06,Standard
SHP000055,15-Apr-25,17-04-2025,21-Apr-25,19-Apr-25,SkyFreight,West,South,West-South,Rail,1360,,Delivered,905.53,Express
SHP001255,10/26/2025,29-Oct-25,11-02-2025,04-11-2025,ParcelPro,North,East,North-East,Road,140,Customs,Delivered,231.29,Standard
SHP002332,19-07-2025,07/21/2025,31-07-2025,03-08-2025,,East,South,East-South,Road,2160,Capacity Constraint,Delivered,2842.28,Economy
SHP006409,07/25/2025,26-Jul-25,29-07-2025,29-Jul-25,SwiftShip,North,Central,North-Central,Air,540,,Delivered,730.82,Express
SHP005117,21-12-2025,12/22/2025,31-Dec-25,12/31/2025,SwiftShip,Central,South,Central-South,Road,2370,,Delivered,3006.18,Economy
SHP002253,04-Jul-25,07-05-2025,07-Jul-25,07-09-2025,RoadRunner,East,West,East-West,Air,120,Warehouse Backlog,Delivered,273.7,Express
SHP004854,09-Mar-25,10-03-2025,03/14/2025,15-Mar-25,RoadRunner,South,North,South-North,Road,780,Warehouse Backlog,Delivered,597.68,Standard
SHP002594,29-May-25,30-May-25,06-Jun-25,07-Jun-25,SkyFreight,East,South,East-South,Road,1800,Capacity Constraint,Delivered,1979.81,Economy
SHP005363,19-12-2025,12/20/2025,27-12-2025,12/25/2025,RoadRunner,West,South,West-South,Road,1780,,Delivered,2104.05,Standard
SHP001750,02-Jul-25,04-Jul-25,07-08-2025,13-Jul-25,SkyFreight,South,West,South-West,Rail,1110,Weather,Delivered,1051.64,Express
SHP004561,10/24/2025,10/26/2025,31-10-2025,03-Nov-25,RoadRunner,Central,West,Central-West,Road,560,Vehicle Issue,Delivered,457.7,Standard
SHP002997,04-03-2025,05-Apr-25,12-04-2025,04/22/2025,SwiftShip,North,Central,North-Central,Rail,2080,Traffic,Delivered,1269.51,Economy
SHP001354,26-02-2025,02/28/2025,02-Mar-25,06-Mar-25,MetroLogix,South,North,South-North,Air,450,Capacity Constraint,Delivered,1122.73,Economy
SHP001360,12-02-2025,15-02-2025,02/19/2025,24-Feb-25,SkyFreight,Central,South,Central-South,Rail,1110,Vehicle Issue,Delivered,832.85,Standard
SHP006429,18-Aug-25,19-08-2025,28-08-2025,,RoadRunner,East,Central,East-Central,Road,1800,Warehouse Backlog,Cancelled,1390.77,Standard
SHP001392,30-Apr-25,05-02-2025,10-05-2025,13-05-2025,SwiftShip,East,West,East-West,Road,2210,Warehouse Backlog,Delivered,2339.64,Express
SHP005506,23-Feb-25,26-02-2025,07-03-2025,07-Mar-25,SkyFreight,East,Central,East-Central,Road,2010,,Delivered,2335.25,Economy
SHP000290,23-06-2025,06/27/2025,06/30/2025,29-06-2025,MetroLogix,South,Central,South-Central,Air,1350,,Delivered,2746.89,Express
SHP001282,10-02-2025,04-10-2025,10-Oct-25,10-10-2025,SwiftShip,South,North,South-North,Road,1610,,Delivered,1509.98,Standard
SHP001708,25-07-2025,28-07-2025,31-Jul-25,08-01-2025,MetroLogix,South,Central,South-Central,Road,180,Vehicle Issue,Delivered,307.9,Standard
SHP002566,30-03-2025,02-04-2025,07-04-2025,04-07-2025,MetroLogix,North,East,North-East,Road,1170,,Delivered,1340.12,Economy
SHP006357,29-04-2025,04/30/2025,06-05-2025,05-05-2025,SkyFreight,North,Central,North-Central, road ,800,,Delivered,758.68,Express
SHP003681,10-08-2025,09-10-2025,13-10-2025,15-10-2025,ParcelPro,Central,East,Central-East,Air,930,Capacity Constraint,Delivered,1387.58,Express
SHP006252,12/24/2025,27-Dec-25,12/31/2025,01-05-2026,SkyFreight,West,Central,West-Central,Road,330,Capacity Constraint,Delivered,342.92,Express
SHP003260,07/17/2025,20-Jul-25,24-07-2025,26-Jul-25,SkyFreight,Central,North,Central-North,Air,730,Traffic,Undelivered,1148.07,Economy
SHP005865,01/20/2025,22-Jan-25,27-01-2025,31-Jan-25,RoadRunner,West,North,West-North,Road,830,Capacity Constraint,Delivered,1120.61,Standard
SHP000209,17-01-2025,18-Jan-25,24-Jan-25,27-Jan-25,MetroLogix,North,West,North-West,Road,1390,Traffic,Undelivered,1916.45,Economy
SHP005285,16-May-25,05/19/2025,25-05-2025,25-05-2025,RoadRunner,Central,East,Central-East,Road,1480,,Delivered,1719.43,Express
SHP000156,19-08-2025,08/21/2025,29-08-2025,29-08-2025,SkyFreight,North,Central,North-Central,Road,1610,,Delivered,1997.58,Express
SHP005856,21-06-2025,06/25/2025,01-07-2025,29-06-2025,ParcelPro,Central,South,Central-South,Road,940,,Delivered,962.2,Economy
SHP005278,05-May-25,08-05-2025,15-05-2025,15-05-2025,SkyFreight,Central,North,Central-North,Road,1070,,Delivered,907.64,Economy
SHP006243,03-07-2025,04-Jul-25,07/14/2025,07/13/2025,RoadRunner,East,West,East-West,Road,2320,,Delivered,2901.57,Standard
SHP001182,31-Dec-25,01-02-2026,01-06-2026,01-06-2026,ParcelPro,North,West,North-West,Air,1450,,Delivered,2329.35,Express
SHP000766,13-May-25,14-05-2025,05/21/2025,21-May-25,SwiftShip,North,,North-East,Road,1730,,Delivered,1704.84,Economy
SHP003383,05-10-2025,05-12-2025,17-05-2025,,SwiftShip,North,Central,North-Central,Road,1090,,In Transit,837.17,Economy
SHP002525,11-Mar-25,14-03-2025,03/17/2025,27-Mar-25,SkyFreight,Central,East,Central-East,Air,1650,Vehicle Issue,Delivered,3609.77,Economy
SHP003331,07-Mar-25,03-10-2025,03/13/2025,11-03-2025,SkyFreight,North,Central,North-Central,Road,220,,Delivered,284.21,Standard
SHP002265,16-10-2025,18-Oct-25,10/22/2025,22-10-2025,SwiftShip,South,East,South-East,Air,420,,Delivered,728.83,Economy
SHP003617,09/19/2025,20-Sep-25,28-Sep-25,26-Sep-25,MetroLogix,West,Central,West-Central,Road,1990,,Delivered,2216.2,Economy
SHP003020,30-04-2025,01-May-25,05-May-25,,MetroLogix,Central,South,Central-South,Air,1610,Weather,In Transit,2567.69,Economy
SHP006244,28-Feb-25,02-03-2025,10-Mar-25,13-03-2025,  METROLOGIX  ,Central,West,Central-West,Road,1750,Customs,Delivered,1236.82,Economy
SHP005452,25-07-2025,07/27/2025,03-08-2025,06-Aug-25,ParcelPro,North,South,North-South,Road,1550,Customs,Delivered,1619.96,Economy
SHP000041,11/30/2025,02-12-2025,12-12-2025,12-12-2025,SkyFreight,Central,South,Central-South,Road,1990,,Delivered,1799.8,Economy
SHP005630,04/21/2025,23-Apr-25,01-05-2025,03-May-25,RoadRunner,East,North,East-North,Road,1840,Traffic,Delivered,2035.91,Express
SHP001540,21-08-2025,08/24/2025,08/29/2025,29-Aug-25,SwiftShip,West,,West-South,Road,950,,Delivered,1323.83,Economy
SHP003112,25-02-2025,28-Feb-25,02-Mar-25,03-05-2025,RoadRunner,West,North,West-North,Road,380,Traffic,Delivered,430.15,Express
SHP002100,11/19/2025,11/21/2025,26-11-2025,,SkyFreight,South,North,South-North,Rail,930,Customs,Cancelled,631.95,Standard
SHP005024,30-07-2025,08-02-2025,08-08-2025,08-12-2025,ParcelPro,East,Central,East-Central,Road,1000,Customs,Delivered,1071.27,Express
SHP002120,30-08-2025,02-Sep-25,09-06-2025,09-06-2025,SwiftShip,South,North,South-North,Road,680,,Undelivered,737.13,Express
SHP001375,13-07-2025,15-07-2025,07/23/2025,07/26/2025,SwiftShip,East,North,East-North, road ,1750,Traffic,Delivered,1564.52,Economy
SHP000050,08/21/2025,22-Aug-25,25-Aug-25,27-08-2025,MetroLogix,West,South,West-South,Air,620,Traffic,Delivered,822.24,Economy
SHP002558,25-Apr-25,27-Apr-25,06-May-25,05-08-2025,SkyFreight,North,Central,North-Central,Road,1970,Capacity Constraint,Delivered,1500.77,Economy
SHP002956,05/31/2025,06-03-2025,06-06-2025,08-Jun-25,SkyFreight,North,East,North-East,Road,480,Weather,Delivered,548.55,Economy
SHP001952,12-07-2025,11-Dec-25,15-Dec-25,25-12-2025,SkyFreight,Central,East,Unknown-Route,Road,910,Capacity Constraint,Delivered,720.26,Standard
SHP001044,07-03-2025,03-09-2025,13-03-2025,16-03-2025,ParcelPro,East,West,East-West,Rail,260,Vehicle Issue,Delivered,346.26,Economy
SHP000746,14-Jun-25,06/16/2025,21-Jun-25,23-06-2025,  SWIFTSHIP  ,Central,South,Central-South,Road,650,Capacity Constraint,Delivered,669.4,Economy
SHP004833,09/26/2025,27-09-2025,06-10-2025,04-Oct-25,RoadRunner,North,South,North-South,Road,2100,,Delivered,2714.37,Economy
SHP002148,29-10-2025,10/31/2025,04-Nov-25,04-Nov-25,ParcelPro,North,East,North-East,Rail,750,,Delivered,691.83,Standard
SHP002360,10-09-2025,12-09-2025,09/19/2025,09/23/2025,SwiftShip,Central,East,Central-East,Road,1720,Traffic,Delivered,1389.41,Standard
SHP000592,11-Mar-25,13-Mar-25,18-Mar-25,03/16/2025,SkyFreight,Central,East,Central-East,Road,600,,Delivered,589.9,Economy
SHP000232,03-04-2025,06-04-2025,08-Apr-25,04/18/2025,ParcelPro,South,North,South-North,Road,260,Traffic,Delivered,412.12,Express
SHP002754,10/14/2025,10/17/2025,10/24/2025,03-Nov-25,RoadRunner,Central,North,Central-North,Road,1470,Warehouse Backlog,Delivered,1317.47,Economy
SHP005546,30-10-2025,02-11-2025,06-Nov-25,06-11-2025,MetroLogix,Central,West,Unknown-Route,Road,300,,Delivered,442.01,Economy
SHP001090,26-11-2025,28-Nov-25,03-Dec-25,02-12-2025,RoadRunner,East,North,East-North,Air,2010,,Delivered,3658.61,Standard
SHP002002,04-09-2025,13-04-2025,16-04-2025,04/14/2025,SkyFreight,West,Central,West-Central,Air,2080,,Delivered,4259.97,Standard
SHP005495,01/30/2025,01/31/2025,02-04-2025,11-Feb-25,SkyFreight,East,South,East-South,Rail,630,Weather,Delivered,534.47,Standard
SHP002151,11/14/2025,15-11-2025,18-Nov-25,18-Nov-25,MetroLogix,West,East,West-East,Road,420,,Delivered,610.55,Standard
SHP001242,10/17/2025,20-Oct-25,10/28/2025,26-10-2025,SkyFreight,North,South,North-South,Road,1570,,Delivered,1806.33,Express
SHP003073,03/24/2025,26-03-2025,04-Apr-25,02-04-2025,SkyFreight,North,Central,North-Central,Road,2070,,Delivered,"$2,200.26",Express
SHP003237,24-Jun-25,28-06-2025,04-Jul-25,03-07-2025,SwiftShip,Central,East,Central-East,Air,2330,,Delivered,4145.76,Economy
SHP001899,24-Apr-25,25-04-2025,05-03-2025,07-05-2025,RoadRunner,South,North,South-North,Road,1600,Traffic,Delivered,1860.15,Economy
SHP004302,07-Apr-25,04-09-2025,13-04-2025,04/13/2025,SwiftShip,Central,North,Central-North,Road,980,,Delivered,1065.95,Standard
SHP003338,06/29/2025,02-07-2025,04-Jul-25,02-Jul-25,SkyFreight,South,North,South-North,Air,1340,,Delivered,3010.31,Economy
SHP006293,22-Aug-25,08/24/2025,08/26/2025,08/26/2025,MetroLogix,Central,South,Central-South,Air,510,,Delivered,920.97,Express
SHP005912,07-07-2025,09-07-2025,07/15/2025,16-07-2025,SkyFreight,West,Central,West-Central,Rail,1030,Warehouse Backlog,Delivered,1067.68,Express
SHP000350,15-Jun-25,17-06-2025,20-Jun-25,06/30/2025,SkyFreight,South,East,South-East,Air,280,Vehicle Issue,Delivered,586.7,Standard
SHP000343,30-May-25,01-Jun-25,07-06-2025,11-Jun-25,SkyFreight,North,South,North-South,Road,870,Customs,Delivered,950.23,Standard
SHP003080,04-10-2025,06-10-2025,10-10-2025,,SwiftShip,West,Central,West-Central,Air,1020,,Cancelled,2229.2,Economy
SHP004317,12/19/2025,23-Dec-25,28-12-2025,28-Dec-25,SwiftShip,North,East,North-East,Road,1270,,Delivered,1150.77,Standard
SHP001427,27-07-2025,07/28/2025,02-08-2025,04-08-2025,ParcelPro,North,Central,North-Central,Road,600,Weather,Delivered,836.81,Express
SHP004292,12-Jan-25,14-01-2025,01/18/2025,01/20/2025,ParcelPro,North,East,North-East,Air,1970,Customs,Delivered,2417.48,Express
SHP003491,07/14/2025,07/15/2025,19-07-2025,07/24/2025,SwiftShip,Central,South,Central-South,Road,610,Weather,Delivered,$906.11,Economy
SHP003468,07-02-2025,11-02-2025,15-Feb-25,02/15/2025,RoadRunner,East,Central,East-Central,Air,830,,Delivered,1119.74,Economy
SHP003350,17-Feb-25,02/19/2025,24-Feb-25,,SkyFreight,South,West,South-West,Road,1010,,In Transit,1148.95,Express
SHP000375,27-Mar-25,28-03-2025,04-05-2025,04-05-2025,MetroLogix,Central,North,Central-North,Road,1730,,Delivered,2264.04,Express
SHP003563,22-Nov-25,25-Nov-25,28-11-2025,11/28/2025,MetroLogix,Central,South,Central-South,Rail,460,,Delivered,519.57,Economy
SHP001790,16-04-2025,04/18/2025,20-04-2025,27-Apr-25,SwiftShip,Central,West,Central-West,Air,1130,Customs,Delivered,2259.72,Standard
SHP005375,11-07-2025,10-Nov-25,16-11-2025,16-Nov-25,MetroLogix,West,North,West-North,Road,1430,,Delivered,1410.28,Standard
SHP005126,26-Jan-25,28-Jan-25,02-02-2025,06-Feb-25,SkyFreight,East,South,East-South,Road,460,Capacity Constraint,Delivered,585.28,Economy
SHP002649,10/13/2025,16-10-2025,25-10-2025,10/25/2025,SwiftShip,Central,West,Central-West,Road,1900,,Delivered,2021.05,Express
SHP001355,17-11-2025,18-11-2025,24-Nov-25,,ParcelPro,West,South,West-South,Road,800,,Cancelled,912.5,Economy
SHP005919,08-09-2025,08-11-2025,17-Aug-25,20-Aug-25,ParcelPro,East,West,East-West,Road,1340,Capacity Constraint,Delivered,1464.56,Economy
SHP001574,12-Jun-25,14-06-2025,23-06-2025,30-Jun-25,MetroLogix,North,West,North-West,Road,1880,Vehicle Issue,Delivered,2564.4,Express
SHP000502,18-09-2025,09/21/2025,28-Sep-25,28-09-2025,RoadRunner,South,East,South-East,Road,1300,,Delivered,1825.89,Economy
SHP002736,11-10-2025,14-10-2025,22-Oct-25,11-01-2025,SkyFreight,East,South,East-South,Road,1370,Warehouse Backlog,Delivered,1097.21,Standard
SHP000113,10-Oct-25,12-10-2025,17-10-2025,16-Oct-25,MetroLogix,North,East,North-East,Air,1630,,Delivered,2592.81,Standard
SHP002807,10-02-2025,02-12-2025,19-Feb-25,20-Feb-25,MetroLogix,North,East,North-East,Road,1750,Warehouse Backlog,Delivered,1763.41,Standard
SHP003084,31-Aug-25,03-09-2025,09-07-2025,09-08-2025,ParcelPro,West,Central,West-Central,Road,170,Weather,Delivered,254.71,Standard
SHP001777,01-09-2025,01-12-2025,01/20/2025,01/20/2025,MetroLogix,East,South,East-South,Road,2140,,Delivered,2903.69,Economy
SHP002092,26-Feb-25,27-02-2025,03-03-2025,04-Mar-25,SwiftShip,South,East,South-East,Road,430,Traffic,Delivered,567.7,Standard
SHP004969,28-Dec-25,12/30/2025,03-Jan-26,02-Jan-26,SkyFreight,Central,South,Central-South,Road,570,,Delivered,657.58,Standard
SHP000459,23-08-2025,24-Aug-25,30-08-2025,29-Aug-25,RoadRunner,South,West,South-West,Rail,1130,,Delivered,832.29,Standard
SHP004412,09-02-2025,05-Sep-25,13-09-2025,11-Sep-25,RoadRunner,East,West,East-West,Road,1490,,Delivered,1311.44,Express
SHP000464,23-Aug-25,25-08-2025,04-Sep-25,09-Sep-25,RoadRunner,West,East,West-East,Road,2340,Vehicle Issue,Delivered,2638.86,Economy
SHP001243,05-04-2025,06-04-2025,04-11-2025,21-04-2025,SwiftShip,East,North,East-North,Road,1230,Weather,Delivered,1561.97,Standard
SHP000044,25-10-2025,10/27/2025,02-11-2025,02-11-2025,SkyFreight,Central,North,Central-North,Rail,1520,,Delivered,967.93,Economy
SHP005521,05-09-2025,11-05-2025,17-05-2025,,SwiftShip,East,West,East-West,Road,1030,,Delivered,1479.14,Standard
SHP001846,29-07-2025,30-07-2025,08-03-2025,13-Aug-25,MetroLogix,East,Central,East-Central,Road,880,Vehicle Issue,Delivered,666.38,Standard
SHP001108,27-05-2025,29-May-25,04-Jun-25,04-Jun-25,RoadRunner,East,North,East-North,Rail,1010,,Delivered,989.17,Economy
SHP002718,07/18/2025,20-07-2025,24-07-2025,24-Jul-25,SwiftShip,North,Central,North-Central,Air,2060,,Delivered,2784.86,Express
SHP003318,01-03-2025,05-01-2025,08-Jan-25,07-Jan-25,SkyFreight,North,South,North-South,Air,1320,,Delivered,2937.15,Standard
SHP000319,04/24/2025,04/26/2025,30-Apr-25,30-Apr-25,ParcelPro,East,West,East-West,Air,2390,,Delivered,5590.01,Standard
SHP002632,11-08-2025,12-08-2025,14-08-2025,08/24/2025,SwiftShip,West,Central,West-Central,Air,650,Customs,Delivered,1502.64,Express
SHP006102,11-Aug-25,14-08-2025,08/19/2025,17-Aug-25,SkyFreight,East,West,East-West,Road,810,,Delivered,1025.36,Economy
SHP002124,24-09-2025,09/27/2025,03-Oct-25,10-10-2025,SwiftShip,North,East,North-East,Rail,1800,Traffic,Delivered,1193.53,Standard
SHP003664,10/15/2025,17-Oct-25,10/23/2025,10/28/2025,RoadRunner,East,West,East-West,Road,1610,Warehouse Backlog,Delivered,1342.57,Economy
SHP001905,13-Jan-25,14-Jan-25,23-Jan-25,23-01-2025,RoadRunner,East,South,East-South,Road,2190,,Delivered,1895.15,Express
SHP001035,08-Jul-25,09-07-2025,07/13/2025,14-07-2025,RoadRunner,Central,West,Central-West,Road,460,Warehouse Backlog,Delivered,488.95,Standard
SHP001978,01-07-2025,11-Jan-25,19-01-2025,19-Jan-25,RoadRunner,West,Central,West-Central,Rail,2140,,Delivered,2005.75,Economy
SHP001185,08-04-2025,06-Aug-25,15-Aug-25,15-Aug-25,MetroLogix,South,North,South-North,Road,2020,,Delivered,2912.63,Standard
SHP002616,03/22/2025,26-Mar-25,05-Apr-25,12-Apr-25,MetroLogix,South,Central,South-Central,Road,2200,Customs,Delivered,2217.44,Standard
SHP002166,04-Aug-25,06-08-2025,08-12-2025,08/14/2025,ParcelPro,South,East,South-East,Road,1620,Customs,Delivered,1463.16,Express
SHP004659,09/19/2025,20-09-2025,29-Sep-25,29-09-2025,SkyFreight,South,East,South-East,Rail,2380,,Delivered,1342.85,Economy
SHP002937,06-01-2025,06-02-2025,06-06-2025,06-Jun-25,RoadRunner,South,Central,South-Central,Road,210,,Delivered,263.53,Standard
SHP003832,01-03-2025,05-01-2025,01-09-2025,07-01-2025,SkyFreight,South,East,South-East,Road,370,,Delivered,567.61,Economy
SHP002597,08-Aug-25,08-11-2025,19-08-2025,08/26/2025,RoadRunner,East,West,East-West,Road,1730,Capacity Constraint,Delivered,1785.98,Standard
SHP005859,07-Sep-25,09-09-2025,09/14/2025,09/19/2025,ParcelPro,Central,North,Central-North,Air,1520,Traffic,Delivered,3373.84,Express
SHP000568,11-12-2025,12/15/2025,21-Dec-25,21-Dec-25,SkyFreight,South,West,South-West,Rail,1350,,Delivered,1327.2,Standard
SHP005734,06-07-2025,06-10-2025,06/16/2025,06/23/2025,SwiftShip,North,Central,North-Central,Road,890,Traffic,Delivered,1010.9,Economy
SHP005761,11-Jan-25,14-Jan-25,21-01-2025,21-Jan-25,SwiftShip,North,Central,North-Central,Road,1840,,Delivered,1916.29,Standard
SHP001008,28-06-2025,30-Jun-25,07-03-2025,10-07-2025,ParcelPro,West,Central,West-Central,Air,820,Customs,Delivered,1014.03,Express
SHP001374,01/19/2025,21-Jan-25,01/25/2025,24-01-2025,MetroLogix,East,South,East-South,Road,890,,Delivered,873.82,Economy
SHP006416,26-Feb-25,28-Feb-25,03-03-2025,02-Mar-25,MetroLogix,Central,East,Central-East,Road,370,,Delivered,548.1,Standard
SHP000091,23-Mar-25,03/25/2025,03/30/2025,03/28/2025,SkyFreight,North,Central,North-Central,Air,1850,,Delivered,2357.17,Express
SHP002559,15-04-2025,17-Apr-25,04/27/2025,27-Apr-25,MetroLogix,West,East,West-East,Road,2320,,Delivered,3107.43,Standard
SHP003277,01/21/2025,01/22/2025,01/26/2025,01/28/2025,SwiftShip,East,Central,East-Central,Air,2380,Vehicle Issue,Delivered,3027.42,Economy
SHP004786,23-Nov-25,11/26/2025,12-05-2025,12-05-2025,SkyFreight,North,East,North-East,Road,1950,,Delivered,1461,Express
SHP002990,09-02-2025,02-11-2025,15-02-2025,02/22/2025,SkyFreight,Central,South,Central-South,Air,320,Capacity Constraint,Delivered,563.76,Express
SHP000026,12-Aug-25,14-Aug-25,18-Aug-25,16-Aug-25,SkyFreight,Central,East,Central-East,Rail,600,,Delivered,635.29,Standard
SHP002239,30-Dec-25,02-Jan-26,09-01-2026,14-Jan-26,ParcelPro,Central,North,Central-North,Road,1800,Customs,Delivered,1518.8,Express
SHP001264,11-Mar-25,12-Mar-25,15-03-2025,03/17/2025,MetroLogix,North,Central,North-Central,Rail,670,Customs,Delivered,602.53,Economy
SHP003877,01/21/2025,01/23/2025,02-Feb-25,02-02-2025,SkyFreight,Central,East,Central-East,Road,1980,,Delivered,1483.12,Standard
SHP000628,05-04-2025,04-08-2025,17-04-2025,04/17/2025,SkyFreight,Central,East,Central-East,Road,1790,,Delivered,2121.62,Standard
SHP006380,09-12-2025,11-12-2025,17-12-2025,22-12-2025,RoadRunner,North,South,North-South,Road,1140,Customs,Delivered,1633.3,Standard
SHP006389,04-Jun-25,06-06-2025,16-Jun-25,06/14/2025,ParcelPro,South,East,South-East,Road,2230,,Delivered,3061.8,Standard
SHP000668,16-Apr-25,18-Apr-25,25-Apr-25,04/25/2025,SwiftShip,East,Central,East-Central,Road,1830,,Delivered,1565.89,Express
SHP002913,25-Jan-25,28-01-2025,31-01-2025,04-02-2025,ParcelPro,East,West,East-West,Air,1690,Weather,Delivered,3659.39,Express
SHP001754,23-Jul-25,07/25/2025,07/29/2025,,ParcelPro,Central,West,Central-West,Air,1960,,Cancelled,3089.3,Standard
SHP003129,05-01-2025,03-May-25,07-May-25,06-05-2025,MetroLogix,West,North,West-North,Road,890,,Undelivered,956.45,Economy
SHP003829,04-02-2025,05-02-2025,15-02-2025,15-Feb-25,MetroLogix,Central,West,Central-West,Road,2320,,Delivered,1701.17,Economy
SHP000268,04-Feb-25,06-Feb-25,02/15/2025,02/16/2025,RoadRunner,West,Central,West-Central,Road,1830,Warehouse Backlog,Delivered,1898.01,Economy
SHP001649,01-12-2025,03-12-2025,12-05-2025,06-Dec-25,SwiftShip,South,West,South-West,Air,270,Traffic,Delivered,683.56,Economy
SHP002961,11/25/2025,11/27/2025,07-Dec-25,06-12-2025,SwiftShip,North,East,North-East,Road,2380,,Delivered,2502.18,Express
SHP001551,27-Nov-25,30-11-2025,03-Dec-25,04-Dec-25,ParcelPro,North,East,North-East,Air,880,Capacity Constraint,Delivered,1348.67,Express
SHP000633,29-05-2025,31-05-2025,06-09-2025,06-07-2025,SkyFreight,South,East,South-East,Road,1680,,Delivered,1304.73,Economy
SHP002363,01/22/2025,01/25/2025,01-Feb-25,01-Feb-25,SwiftShip,East,North,East-North,Road,1310,,Delivered,1152.84,Standard
SHP002419,11/25/2025,29-Nov-25,12-03-2025,07-Dec-25,MetroLogix,East,North,East-North,Air,260,Weather,Delivered,541.49,Standard
SHP003400,10-Jun-25,06-12-2025,17-06-2025,06/17/2025,SwiftShip,South,North,South-North,Road,900,,Delivered,777.25,Economy
SHP001838,28-08-2025,29-08-2025,09-05-2025,09-05-2025,ParcelPro,West,Central,West-Central,Road,1390,,Delivered,1066.22,Standard
SHP004820,10-Aug-25,11-08-2025,14-08-2025,17-08-2025,SkyFreight,Central,North,Central-North,Air,500,Warehouse Backlog,Delivered,1056.02,Economy
SHP000978,05/30/2025,01-Jun-25,04-06-2025,04-Jun-25,MetroLogix,Central,East,Central-East,Road,280,,Delivered,380.13,Economy
SHP001875,01-11-2025,03-11-2025,11-07-2025,05-Nov-25,ParcelPro,East,South,East-South,Air,1890,,Delivered,2269.88,Express
SHP005776,01/24/2025,25-Jan-25,,28-Jan-25,,East,Central,East-Central,Rail,830,,Delivered,860.67,Express
SHP003357,09/16/2025,17-Sep-25,23-09-2025,25-09-2025,ParcelPro,West,North,West-North,Road,1290,Warehouse Backlog,Delivered,1598.22,Economy
SHP002867,29-Apr-25,30-04-2025,05-03-2025,04-May-25,SkyFreight,Central,South,Central-South,Air,1520,Warehouse Backlog,Delivered,2985.24,Standard
SHP000652,21-Nov-25,23-11-2025,11/26/2025,11/25/2025,ParcelPro,North,West,North-West,Air,680,,Delivered,1509.33,Standard
SHP004441,31-Oct-25,03-Nov-25,11-07-2025,11-09-2025,ParcelPro,North,East,North-East,Air,2260,Customs,Undelivered,2649.72,Standard
SHP000422,09/29/2025,01-Oct-25,04-Oct-25,04-Oct-25,  PARCELPRO  ,East,North,East-North,Air,1650,,Delivered,3595.99,Economy
SHP001594,11-03-2025,04-Nov-25,11/13/2025,11/15/2025,RoadRunner,East,West,East-West,Road,1720,Capacity Constraint,Delivered,1476.59,Standard
SHP002189,04-Jan-25,06-Jan-25,01-11-2025,09-01-2025,SwiftShip,South,North,South-North,Road,1210,,Delivered,975.18,Express
SHP001417,29-Jan-25,01/30/2025,05-Feb-25,05-02-2025,SkyFreight,West,Central,West-Central,Road,1350,,Delivered,1356.23,Standard
SHP004536,03/27/2025,28-03-2025,03/30/2025,03/31/2025,MetroLogix,North,South,North-South,Rail,450,Capacity Constraint,Delivered,334.61,Economy
SHP002726,10-Aug-25,12-Aug-25,15-08-2025,20-08-2025,MetroLogix,West,East,West-East,Air,2160,Warehouse Backlog,Delivered,2506.19,Standard
SHP003403,07-08-2025,08-10-2025,17-Aug-25,08/17/2025,SwiftShip,East,Central,East-Central,Rail,1780,,Delivered,1331.33,Express
SHP003082,09/26/2025,09/28/2025,09/30/2025,,MetroLogix,Central,East,Central-East,Air,1140,Traffic,In Transit,2058.48,Standard
SHP005016,22-Nov-25,11/24/2025,11/28/2025,28-11-2025,RoadRunner,West,North,West-North,Road,370,,Delivered,344.88,Standard
SHP002029,10-10-2025,11-Oct-25,10/19/2025,22-Oct-25,SkyFreight,West,,West-North,Road,1990,Warehouse Backlog,Delivered,2634.91,Economy
SHP002779,30-11-2025,01-12-2025,04-Dec-25,12-05-2025,ParcelPro,West,South,West-South,Rail,820,Weather,Delivered,915.08,Standard
SHP004691,24-11-2025,25-Nov-25,01-Dec-25,02-Dec-25,SwiftShip,South,East,South-East,Road,810,Weather,Delivered,874.72,Economy
SHP003968,07-Feb-25,09-02-2025,13-02-2025,13-Feb-25,MetroLogix,Central,East,Central-East,Road,240,,Delivered,313.81,Economy
SHP004396,05-Jul-25,08-Jul-25,13-Jul-25,23-Jul-25,  METROLOGIX  ,North,Central,North-Central,Air,1730,Capacity Constraint,Delivered,3262.23,Economy
SHP005984,08-03-2025,11-03-2025,19-03-2025,24-Mar-25,RoadRunner,Central,South,Central-South, road ,1630,Warehouse Backlog,Delivered,1629.19,Economy
SHP006443,12/24/2025,27-Dec-25,31-12-2025,01-01-2026,SkyFreight,South,West,South-West,Road,280,Capacity Constraint,Delivered,366.83,Express
SHP001328,01-Oct-25,04-Oct-25,10-06-2025,06-10-2025,SwiftShip,Central,East,Central-East,Road,270,,Delivered,448.92,Standard
SHP006390,18-04-2025,21-Apr-25,04/30/2025,05-02-2025,RoadRunner,Central,North,Central-North,Road,2040,Capacity Constraint,Delivered,1423.96,Express
SHP003935,25-03-2025,03/28/2025,05-04-2025,04-09-2025,ParcelPro,South,West,South-West,Road,2190,Vehicle Issue,Delivered,2822.03,Express
SHP004981,28-Sep-25,30-Sep-25,02-Oct-25,10-06-2025,SkyFreight,South,East,South-East,Road,420,Vehicle Issue,Delivered,641.12,Standard
SHP006176,10-01-2025,04-10-2025,07-10-2025,10-08-2025,MetroLogix,West,East,West-East,Road,210,Capacity Constraint,Delivered,265.49,Economy
SHP004336,06-09-2025,07-09-2025,13-Sep-25,18-09-2025,ParcelPro,North,West,North-West,Rail,1450,Vehicle Issue,Delivered,1329.18,Economy
SHP001751,05/16/2025,19-05-2025,23-05-2025,26-May-25,RoadRunner,North,South,North-South,Air,850,Customs,Delivered,1527.45,Express
SHP004386,05-07-2025,07-07-2025,11-07-2025,11-Jul-25,SkyFreight,North,East,North-East,Air,1620,,Delivered,3900.43,Economy
SHP005934,30-03-2025,04-01-2025,10-Apr-25,04/13/2025,MetroLogix,Central,East,Central-East,Road,1680,Weather,Delivered,1827.65,Economy
SHP002629,07/30/2025,08-03-2025,07-08-2025,08-Aug-25,SkyFreight,Central,West,Unknown-Route,Air,1040,Warehouse Backlog,Delivered,1562.76,Standard
SHP002165,06-07-2025,08-Jul-25,11-Jul-25,07/15/2025,MetroLogix,North,South,North-South,Air,1180,Weather,Delivered,2035.38,Express
SHP001378,27-06-2025,30-06-2025,09-Jul-25,09-Jul-25,ParcelPro,East,West,East-West,Road,2200,,Delivered,1827.71,Express
SHP005419,07-03-2025,03-09-2025,13-03-2025,23-03-2025,SwiftShip,East,North,East-North,Air,170,Warehouse Backlog,Delivered,404.01,Standard
SHP002195,19-Jun-25,21-Jun-25,06/24/2025,26-Jun-25,MetroLogix,East,Central,East-Central,Road,490,Customs,Delivered,505.91,Economy
SHP006381,02-02-2025,02-05-2025,02-12-2025,12-Feb-25,SkyFreight,Central,North,Central-North,Road,1130,,Delivered,1155.14,Economy
SHP005664,20-01-2025,23-Jan-25,31-01-2025,30-01-2025,ParcelPro,South,East,South-East,Road,1690,,Delivered,1381.31,Standard
SHP001963,23-Feb-25,25-02-2025,02/27/2025,02-03-2025,SkyFreight,Central,East,Central-East,Air,1300,Traffic,Delivered,1619.02,Express
SHP006076,05/27/2025,05/30/2025,05-06-2025,08-Jun-25,SwiftShip,Central,North,Central-North,Rail,2010,Weather,Delivered,1409.54,Standard
SHP005159,05/31/2025,02-Jun-25,06-06-2025,06-Jun-25,RoadRunner,North,South,North-South,Air,1630,,Delivered,2669.73,Standard
SHP005282,24-May-25,05/26/2025,04-Jun-25,06-08-2025,MetroLogix,West,Central,West-Central,Road,2000,Customs,Delivered,1478.95,Standard
SHP005130,08-03-2025,08-06-2025,10-08-2025,08/13/2025,MetroLogix,Central,East,Central-East,Road,230,Traffic,Delivered,324.37,Express
SHP005316,08-Mar-25,09-Mar-25,03-12-2025,12-03-2025,SkyFreight,South,East,South-East,Rail,410,,Delivered,406.38,Express
SHP002123,27-Mar-25,03/29/2025,31-03-2025,03-04-2025,SkyFreight,East,Central,East-Central,Air,1130,Weather,Undelivered,1630.24,Express
SHP004280,11/14/2025,11/16/2025,19-Nov-25,19-Nov-25,ParcelPro,West,Central,West-Central,Road,360,,Delivered,474.6,Express
SHP002709,14-03-2025,03/15/2025,18-03-2025,20-03-2025,SwiftShip,East,South,East-South,Air,140,Warehouse Backlog,Delivered,385.13,Standard
SHP000880,19-Oct-25,10/20/2025,10/29/2025,10/29/2025,SkyFreight,Central,North,Central-North,Road,2070,,Delivered,1604.18,Economy
SHP006060,07-01-2025,07-03-2025,08-07-2025,06-Jul-25,ParcelPro,South,East,South-East,Road,1180,,Delivered,1542.94,Express
SHP004752,09/30/2025,01-Oct-25,10-12-2025,15-10-2025,MetroLogix,West,South,West-South,Road,2400,Warehouse Backlog,Delivered,3446.23,Standard
SHP003413,21-Nov-25,23-Nov-25,01-12-2025,11/30/2025,MetroLogix,East,West,East-West,Road,1920,,Delivered,1467.19,Standard
SHP003996,20-Sep-25,22-09-2025,25-Sep-25,29-Sep-25,SkyFreight,South,East,South-East,Air,1780,Warehouse Backlog,Delivered,3891.22,Economy
SHP005511,02-06-2025,02-10-2025,14-Feb-25,02/14/2025,MetroLogix,Central,North,Central-North,Air,1890,,Delivered,2306.13,Standard
SHP001532,01-Aug-25,03-Aug-25,06-08-2025,06-08-2025,SkyFreight,Central,East,Central-East,Rail,720,,Delivered,644.71,Standard
SHP005445,12/31/2025,01-03-2026,06-01-2026,16-Jan-26,MetroLogix,Central,North,Central-North,Rail,300,Warehouse Backlog,Delivered,253.15,Express
SHP003970,29-07-2025,01-Aug-25,08-08-2025,12-08-2025,MetroLogix,South,East,South-East,Road,1090,Customs,Delivered,1360.56,Express
SHP006296,04-10-2025,06-10-2025,10-10-2025,10-09-2025,ParcelPro,South,Central,South-Central,Air,1980,,Delivered,4204.3,Economy
SHP006335,04-Mar-25,06-03-2025,03-09-2025,09-Mar-25,ParcelPro,South,North,South-North,Air,620,,Delivered,1201.48,Express
SHP005139,15-01-2025,18-Jan-25,01/25/2025,01/23/2025,RoadRunner,West,North,West-North,Road,1200,,Delivered,1152.52,Standard
SHP005227,10/27/2025,31-10-2025,11-03-2025,03-11-2025,RoadRunner,North,East,North-East,Road,620,,Delivered,913.39,Standard
SHP003137,11-09-2025,13-Sep-25,09/17/2025,19-Sep-25,ParcelPro,North,East,North-East,Air,820,Customs,Delivered,1473.66,Economy
SHP005394,01/16/2025,01/18/2025,01/24/2025,22-01-2025,RoadRunner,West,North,West-North,Air,2390,,Delivered,4907.76,Economy
SHP004593,27-03-2025,29-Mar-25,05-04-2025,04-07-2025,SkyFreight,South,Central,South-Central,Road,1080,Customs,Delivered,1078.21,Express
SHP001428,19-10-2025,10/21/2025,10/29/2025,29-10-2025,SwiftShip,Central,East,Central-East,Road,1790,,Delivered,1803.8,Standard
SHP004851,03/27/2025,30-Mar-25,03-04-2025,,MetroLogix,South,East,South-East,Air,710,,Cancelled,1276.33,Standard
SHP002772,03-Oct-25,10-06-2025,10/13/2025,10/17/2025,MetroLogix,North,South,North-South,Road,1550,Weather,Delivered,1938.73,Standard
SHP000440,01-11-2025,13-Jan-25,19-Jan-25,19-Jan-25,  ROADRUNNER  ,Central,East,Central-East,Road,1110,,Delivered,982.92,Express
SHP005694,02-Nov-25,05-Nov-25,11/14/2025,11/14/2025,MetroLogix,Central,West,Central-West,Road,2210,,Delivered,2359.89,Standard
SHP002836,28-Sep-25,09/29/2025,03-Oct-25,03-10-2025,ParcelPro,East,South,East-South,Air,2340,,Delivered,5279.96,Standard
SHP001747,07/13/2025,07/15/2025,20-07-2025,07/30/2025,SwiftShip,East,North,East-North,Air,1760,Customs,Delivered,2820.82,Standard
SHP003049,09-Jun-25,12-Jun-25,14-Jun-25,14-Jun-25,SwiftShip,Central,North,Central-North,Air,780,,Delivered,1130.97,Standard
SHP006014,16-12-2025,12/19/2025,12/22/2025,21-Dec-25,ParcelPro,Central,South,Central-South,Road,390,,Delivered,595.05,Express
SHP004229,02-12-2025,05-12-2025,11-Dec-25,12-12-2025,SwiftShip,East,Central,East-Central,Rail,1040,Weather,Delivered,1030.32,Economy
SHP005004,15-01-2025,17-01-2025,21-Jan-25,01/21/2025,MetroLogix,West,South,West-South,Road,530,,Delivered,587.37,Express
SHP003221,04-May-25,07-May-25,14-May-25,14-May-25,ParcelPro,Central,North,Central-North,Rail,2330,,Delivered,2126.37,Standard
SHP000516,09-Nov-25,11-11-2025,11/16/2025,16-Nov-25,SwiftShip,East,West,East-West,Road,870,,Delivered,1169.33,Express
SHP004933,10/25/2025,27-Oct-25,30-Oct-25,30-Oct-25,SwiftShip,West,East,West-East,Air,1510,,Delivered,2735.03,Economy
SHP001151,16-08-2025,19-08-2025,27-08-2025,29-08-2025,SkyFreight,East,South,East-South,Road,1950,Customs,Delivered,1572.89,Standard
SHP005383,11-03-2025,07-11-2025,11/15/2025,,ParcelPro,East,South,East-South,Road,1770,Customs,Cancelled,2194.97,Economy
SHP002428,15-09-2025,09/18/2025,22-09-2025,22-09-2025,SwiftShip,West,Central,West-Central,Air,1040,,Delivered,1469.63,Express
SHP000898,06-10-2025,06-12-2025,20-06-2025,06/20/2025,MetroLogix,West,North,West-North,Road,1880,,Delivered,1965.71,Standard
SHP001272,30-05-2025,06-01-2025,10-06-2025,09-Jun-25,RoadRunner,West,North,West-North,Road,1700,,Delivered,2324.33,Standard
SHP000032,07-08-2025,08-10-2025,08/13/2025,12-Aug-25,ParcelPro,Central,South,Central-South,Air,1330,,Delivered,2381.41,Standard
SHP000312,12-04-2025,14-04-2025,20-Apr-25,04/18/2025,  SWIFTSHIP  ,East,North,East-North,Road,1230,,Delivered,1617.49,Economy
SHP003477,19-Jul-25,22-Jul-25,25-07-2025,07/26/2025,SwiftShip,East,Central,East-Central,Road,390,Customs,Delivered,576.38,Economy
SHP000527,04-02-2025,04-04-2025,04-11-2025,12-04-2025,SkyFreight,North,Central,North-Central,Road,1600,Traffic,Delivered,2203.86,Standard
SHP002085,05-12-2025,07-12-2025,15-12-2025,20-12-2025,MetroLogix,East,North,East-North,Road,2030,Customs,Delivered,2612,Standard
SHP005641,22-08-2025,24-08-2025,08/27/2025,,ParcelPro,West,Central,West-Central,Air,1480,,Cancelled,2945.74,Express
SHP003285,23-09-2025,09/25/2025,28-09-2025,29-09-2025,RoadRunner,West,South,West-South,Road,240,Warehouse Backlog,Delivered,422.92,Express
SHP004191,10-Aug-25,13-Aug-25,17-Aug-25,31-12-2024,RoadRunner,West,North,West-North,Air,790,,Delivered,1297.69,Economy
SHP001120,09-Jun-25,13-Jun-25,06/16/2025,06/16/2025,SwiftShip,Central,East,Central-East,Air,240,,Delivered,366.63,Economy
,11/23/2025,24-Nov-25,29-Nov-25,28-Nov-25,SkyFreight,South,East,South-East,Air,1910,,Delivered,2381.35,Express
SHP006330,04/23/2025,04/25/2025,03-05-2025,07-05-2025,MetroLogix,North,East,North-East,Rail,2100,Customs,Delivered,2310.9,Standard
SHP003163,16-01-2025,18-Jan-25,,22-01-2025,MetroLogix,West,East,West-East,Air,1680,,Delivered,3370.39,Standard
SHP002245,02/19/2025,21-02-2025,02/27/2025,25-02-2025,SwiftShip,West,South,West-South,Rail,1920,,Delivered,1818.82,Express
SHP000362,02-Apr-25,04-05-2025,09-04-2025,10-Apr-25,MetroLogix,Central,South,Central-South,Road,970,Customs,Delivered,816.38,Express
SHP000939,05-Jun-25,08-Jun-25,11-Jun-25,10-06-2025,ParcelPro,West,South,West-South,Air,2170,,Delivered,2964.89,Economy
SHP005977,10-11-2025,11-12-2025,20-11-2025,21-Nov-25,RoadRunner,West,East,West-East,Road,2050,Customs,Delivered,1966.86,Standard
SHP002569,08-06-2025,11-06-2025,16-Jun-25,14-06-2025,SkyFreight,South,North,Unknown-Route,Road,1040,,Delivered,846.11,Express
SHP004855,02-May-25,03-May-25,07-05-2025,05-07-2025,MetroLogix,West,North,West-North,Road,910,,Delivered,818.26,Express
SHP000529,28-Aug-25,30-Aug-25,01-Sep-25,09-02-2025,RoadRunner,North,Central,North-Central,Road,180,Weather,Delivered,320.75,Standard
SHP000218,17-Mar-25,20-Mar-25,27-Mar-25,27-03-2025,SwiftShip,North,South,North-South,Road,1540,,Delivered,1999.47,Express
SHP005789,09-09-2025,09-10-2025,09/13/2025,14-Sep-25,MetroLogix,South,North,South-North,Rail,720,Customs,Delivered,727.2,Express
SHP001401,16-Mar-25,18-Mar-25,03/23/2025,03/26/2025,SwiftShip,Central,South,Central-South,Rail,950,Weather,Delivered,678.27,Express
SHP005523,11-04-2025,08-11-2025,11/13/2025,11-12-2025,ParcelPro,West,Central,West-Central,Road,460,,Delivered,588.01,Standard
SHP002386,19-Oct-25,20-10-2025,29-10-2025,28-10-2025,RoadRunner,West,East,West-East,Rail,2200,,Delivered,1238.49,Express
SHP005982,08-04-2025,09-04-2025,04-12-2025,04/22/2025,RoadRunner,North,Central,North-Central,Road,120,Vehicle Issue,Delivered,198.2,Express
SHP000762,27-08-2025,29-Aug-25,08/31/2025,01-09-2025,SwiftShip,East,Central,East-Central, road ,350,Weather,Delivered,524.54,Express
SHP000002,10/15/2025,16-10-2025,20-10-2025,24-10-2025,ParcelPro,Central,South,Central-South,Road,830,Traffic,Delivered,1225.37,Express
SHP000415,10-Apr-25,12-Apr-25,19-Apr-25,20-04-2025,ParcelPro,West,South,West-South,Road,1490,Customs,Undelivered,1606.6,Standard
SHP003830,30-09-2025,01-Oct-25,10-09-2025,10-09-2025,SkyFreight,West,South,West-South,Rail,1840,,Delivered,1093.19,Express
SHP000213,07/29/2025,31-07-2025,08-02-2025,02-08-2025,RoadRunner,Central,North,Central-North,Road,360,,Delivered,421.42,Economy
SHP003981,05-Feb-25,06-Feb-25,02-10-2025,02-08-2025,SwiftShip,North,East,North-East,Road,330,,Delivered,418.29,Economy
SHP005305,07-03-2025,08-Mar-25,03/15/2025,25-03-2025,SkyFreight,West,East,West-East,Road,1080,Vehicle Issue,Delivered,809.21,Economy
SHP002850,03/14/2025,17-03-2025,03/24/2025,03/24/2025,SwiftShip,North,Central,North-Central,Rail,2240,,Delivered,1719.17,Express
SHP005460,07-11-2025,14-Jul-25,07/21/2025,07/20/2025,SwiftShip,West,South,West-South,Road,1880,,Undelivered,1715.54,Express
SHP001482,13-Apr-25,14-Apr-25,18-Apr-25,04/22/2025,RoadRunner,West,Central,West-Central,Road,170,Customs,Delivered,205.93,Express
SHP000564,06-Sep-25,08-09-2025,09/18/2025,,RoadRunner,North,Central,North-Central,Road,2390,Capacity Constraint,In Transit,2357.76,Express
SHP003100,20-06-2025,22-Jun-25,30-06-2025,31-12-2024,MetroLogix,Central,West,Central-West,Road,1860,,Delivered,2414.06,Standard
SHP003700,05/21/2025,23-05-2025,28-05-2025,,SwiftShip,East,South,East-South,Road,990,Warehouse Backlog,Cancelled,981.67,Economy
SHP004100,07-05-2025,07-Jul-25,12-Jul-25,07-12-2025,SwiftShip,East,North,East-North,Rail,1780,,Delivered,1656.43,Standard
SHP002115,20-04-2025,21-Apr-25,04/25/2025,24-Apr-25,SwiftShip,Central,South,Central-South,Air,1860,,Delivered,4357.52,Economy
SHP001097,03-04-2025,06-Mar-25,12-Mar-25,15-Mar-25,ParcelPro,South,Central,South-Central,Road,1120,Warehouse Backlog,Delivered,1499.04,Economy
SHP000431,02-05-2025,02-08-2025,16-Feb-25,17-02-2025,ParcelPro,South,North,South-North,Road,1840,Capacity Constraint,Delivered,1450.52,Economy
SHP005369,05-05-2025,09-May-25,05/13/2025,05/16/2025,SkyFreight,West,East,West-East,Road,580,Warehouse Backlog,Delivered,873.34,Economy
SHP002763,13-Oct-25,10/15/2025,10/23/2025,26-10-2025,ParcelPro,Central,West,Central-West,Road,2170,Customs,Delivered,1752.98,Economy
SHP001520,09/26/2025,09/28/2025,,06-10-2025,MetroLogix,Central,South,Central-South,Air,860,Warehouse Backlog,Delivered,1209.06,Standard
SHP002049,22-Feb-25,26-Feb-25,01-Mar-25,11-03-2025,SwiftShip,Central,West,Central-West,Air,1290,Customs,Delivered,3093.78,Economy
SHP006044,07-09-2025,09-09-2025,09/13/2025,09/18/2025,MetroLogix,South,Central,South-Central,Road,170,Traffic,Delivered,234.72,Standard
SHP003214,05-06-2025,06-08-2025,06-12-2025,12-Jun-25,  SKYFREIGHT  ,East,South,East-South,Road,650,,Delivered,954.72,Express
SHP005569,06-Jul-25,08-07-2025,12-Jul-25,19-Jul-25,SkyFreight,West,South,West-South,Air,880 km,Weather,Delivered,1219.51,Standard
SHP003012,01-02-2025,03-Feb-25,02-11-2025,02-11-2025,ParcelPro,South,East,South-East,Road,2060,,Delivered,2970.02,Economy
SHP004281,06-Jul-25,08-Jul-25,11-Jul-25,16-Jul-25,RoadRunner,East,West,East-West,Air,860,Traffic,Delivered,1307.81,Standard
SHP000694,11/27/2025,29-11-2025,04-12-2025,12-07-2025,MetroLogix,South,West,South-West,Air,1410,Vehicle Issue,Delivered,2698.82,Standard
SHP003703,08/25/2025,08/27/2025,01-Sep-25,09-02-2025,ParcelPro,North,Central,North-Central,Road,1310,Weather,Delivered,1126.89,Express
SHP001709,22-Apr-25,24-04-2025,03-05-2025,07-05-2025,SwiftShip,North,Central,North-Central,Road,2130,Traffic,Delivered,1948.73,Express
SHP005780,25-03-2025,03/27/2025,03-04-2025,04-05-2025,MetroLogix,South,North,South-North,Rail,1820,Customs,Delivered,1652.52,Standard
SHP002471,08/15/2025,08/16/2025,08/21/2025,08/25/2025,ParcelPro,Central,South,Central-South,Road,490,Vehicle Issue,Delivered,741.9,Economy
SHP002962,23-09-2025,25-Sep-25,30-09-2025,30-Sep-25,SwiftShip,West,North,West-North,Road,1230,,Delivered,1153.47,Express
SHP003303,09/17/2025,20-Sep-25,09/28/2025,29-09-2025,SkyFreight,East,Central,East-Central,Road,1970,Warehouse Backlog,Delivered,1896.14,Express
SHP003476,20-08-2025,22-08-2025,24-08-2025,23-08-2025,ParcelPro,Central,West,Central-West,Road,130,,Delivered,193.82,Express
SHP002739,07-09-2025,12-07-2025,17-Jul-25,15-Jul-25,RoadRunner,East,North,East-North,Road,1310,,Delivered,1688.96,Express
SHP001734,12/13/2025,12/14/2025,23-12-2025,27-Dec-25,RoadRunner,Central,West,Central-West,Road,1790,Traffic,Delivered,2253.23,Standard
SHP000253,18-Apr-25,04/20/2025,25-Apr-25,25-04-2025,ParcelPro,North,South,North-South,Rail,1780,,Delivered,1784.66,Economy
SHP005050,22-01-2025,23-01-2025,27-Jan-25,,RoadRunner,South,Central,South-Central,Rail,1040,,Cancelled,1077.07,Express
SHP005985,23-Nov-25,26-11-2025,12-06-2025,,MetroLogix,North,West,North-West,Road,2200,,Cancelled,2298.87,Economy
SHP001079,27-Mar-25,31-03-2025,07-Apr-25,07-04-2025,MetroLogix,West,Central,West-Central,Road,1890,,Delivered,1635.39,Economy
SHP002639,01-Mar-25,03-02-2025,07-Mar-25,,RoadRunner,Central,North,Central-North,Rail,1180,,In Transit,994.52,Express
SHP000778,26-08-2025,08/28/2025,09-08-2025,09-09-2025,SkyFreight,East,Central,East-Central,Road,2390,Warehouse Backlog,Delivered,2616.38,Express
SHP006410,03-01-2025,03-02-2025,03-08-2025,13-Mar-25,MetroLogix,East,Central,Unknown-Route,Road,1540,Weather,Delivered,1602.97,Express
SHP000885,23-03-2025,25-03-2025,31-Mar-25,04-01-2025,ParcelPro,South,North,South-North,Rail,1810,Customs,Delivered,1409.37,Economy
SHP003196,07-09-2025,07-11-2025,07/18/2025,07/17/2025,MetroLogix,West,Central,West-Central,Road,1700,,Delivered,2090.36,Economy
SHP004556,07-01-2025,09-01-2025,01-12-2025,12-Jan-25,RoadRunner,North,Central,North-Central,Road,220,,Delivered,389.09,Economy
SHP004696,12-05-2025,14-05-2025,05/21/2025,24-05-2025,SwiftShip,West,North,West-North,Rail,1850,Capacity Constraint,Delivered,1294.35,Economy
SHP002259,16-Jun-25,06/17/2025,06/22/2025,06/22/2025,SwiftShip,South,West,South-West,Road,830,,Delivered,680.02,Standard
SHP005678,14-07-2025,15-Jul-25,19-07-2025,20-Jul-25,RoadRunner,North,West,North-West,Air,1090,Weather,Undelivered,1507.33,Standard
SHP003300,10/17/2025,10/19/2025,30-12-2024,30-10-2025,ParcelPro,South,Central,South-Central,Road,2250,,Delivered,3022.88,Standard
SHP000826,11-Jul-25,14-Jul-25,16-Jul-25,26-07-2025,  SWIFTSHIP  ,North,South,North-South,Air,960,Customs,Delivered,1811.12,Standard
SHP002109,08/31/2025,02-Sep-25,12-09-2025,12-09-2025,ParcelPro,North,South,North-South,Road,2080,,Delivered,2610.42,Express
SHP000738,02-Oct-25,03-10-2025,07-Oct-25,10-05-2025,ParcelPro,East,South,East-South,Road,170,,Delivered,316.81,Standard
SHP001865,20-Aug-25,22-Aug-25,26-Aug-25,08/28/2025,RoadRunner,West,South,West-South,Road,250,Vehicle Issue,Delivered,364.75,Standard
SHP005583,14-Jan-25,17-Jan-25,22-Jan-25,01/21/2025,MetroLogix,East,West,East-West,Road,910,,Delivered,741.33,Economy
SHP004956,20-Feb-25,22-02-2025,03-01-2025,03-01-2025,MetroLogix,North,West,North-West,Road,1150,,Delivered,1063.56,Express
SHP000790,08-03-2025,07-Aug-25,12-08-2025,08/13/2025,SwiftShip,South,West,South-West,Road,470,Capacity Constraint,Delivered,728.78,Standard
SHP004668,06-04-2025,06-06-2025,10-Jun-25,08-Jun-25,ParcelPro,East,Central,East-Central,Road,880,,Delivered,1098.35,Express
SHP001611,25-03-2025,27-03-2025,04-04-2025,04/14/2025,SwiftShip,North,Central,North-Central,Road,2070,Vehicle Issue,Delivered,1992.59,Economy
SHP002576,09/30/2025,03-Oct-25,09-Oct-25,10-09-2025,MetroLogix,North,East,North-East,Road,1240,,Delivered,1086.64,Economy
SHP003533,10-08-2025,09-Oct-25,18-Oct-25,19-Oct-25,SkyFreight,West,Central,West-Central,Rail,2400,Customs,Delivered,2184.29,Economy
SHP003540,01-08-2025,03-Aug-25,06-08-2025,05-08-2025,SkyFreight,South,North,South-North,Road,420,,Delivered,657.38,Standard
SHP004597,01-09-2025,03-09-2025,09-05-2025,07-09-2025,SwiftShip,Central,South,Central-South,Air,370,Customs,Undelivered,589.25,Standard
SHP001667,10-06-2025,10-08-2025,10-12-2025,11-10-2025,SwiftShip,North,East,North-East,Air,1130,,Delivered,1603.86,Economy
SHP002972,10/15/2025,16-10-2025,10/21/2025,20-10-2025,SkyFreight,East,North,East-North,Air,1700,,Delivered,3403.83,Economy
SHP003498,04-May-25,05-06-2025,05-08-2025,15-05-2025,SkyFreight,North,South,North-South,Air,840,Capacity Constraint,Delivered,1944.91,Economy
SHP004782,11-07-2025,10-11-2025,13-11-2025,11/16/2025,SwiftShip,East,Central,East-Central,Road,510,Customs,Delivered,750.58,Express
SHP000332,30-08-2025,08/31/2025,09-Sep-25,09-Sep-25,ParcelPro,West,North,West-North,Road,2040,,Undelivered,2485.1,Economy
SHP001364,19-12-2025,12/21/2025,12/30/2025,01-03-2026,MetroLogix,West,North,West-North,Road,2080,Vehicle Issue,Delivered,2223.24,Economy
SHP006010,13-Jun-25,14-06-2025,06/22/2025,06/29/2025,SkyFreight,North,Central,North-Central,Road,1850,Vehicle Issue,Delivered,2405.4,Express
SHP004357,16-03-2025,17-Mar-25,19-Mar-25,20-Mar-25,SkyFreight,South,East,South-East,Road,330,Capacity Constraint,Delivered,458.89,Standard
SHP000594,14-Dec-25,15-Dec-25,20-12-2025,19-12-2025,RoadRunner,Central,East,Central-East,Road,870,,Delivered,1257.79,Express
SHP004682,09-07-2025,09-08-2025,11-Sep-25,09/13/2025,RoadRunner,West,North,West-North,Air,1680,Warehouse Backlog,Delivered,2908.26,Standard
SHP000254,08-12-2025,12-11-2025,14-Dec-25,12-12-2025,SkyFreight,Central,North,Central-North,Air,1450,,Delivered,2185.83,Express
SHP002408,04-12-2025,04/13/2025,04/15/2025,15-Apr-25,ParcelPro,South,East,South-East,Air,290,,Delivered,754.98,Express
SHP002335,18-10-2025,20-Oct-25,10/23/2025,30-10-2025,SkyFreight,North,South,North-South,Air,340,Capacity Constraint,Delivered,891.84,Economy
SHP002681,13-Oct-25,10/15/2025,18-Oct-25,10/28/2025,MetroLogix,North,South,North-South,Road,730,Weather,Delivered,705.06,Express
SHP001508,28-11-2025,01-12-2025,07-12-2025,12-06-2025,MetroLogix,South,North,South-North,Road,1280,,Delivered,1719.19,Economy
SHP000469,08/17/2025,08/20/2025,23-Aug-25,25-08-2025,MetroLogix,South,North,South-North,Road,350,Customs,Delivered,328.11,Standard
SHP002704,05-05-2025,07-May-25,15-05-2025,05/25/2025,RoadRunner,South,West,South-West,Road,1730,Traffic,Undelivered,1830.68,Express
SHP000078,02/17/2025,19-Feb-25,02/27/2025,02-Mar-25,MetroLogix,North,West,North-West,Road,1550,Customs,Delivered,1157.31,Express
SHP005869,12-Feb-25,02/14/2025,19-02-2025,19-Feb-25,MetroLogix,West,South,West-South,Rail,1270,,Delivered,797.23,Standard
SHP001707,09/13/2025,14-09-2025,19-09-2025,19-09-2025,SwiftShip,South,Central,South-Central,Air,1840,,Delivered,3494.8,Economy
SHP002741,20-Nov-25,23-11-2025,12-01-2025,12-05-2025,SwiftShip,North,South,North-South,Road,1600,Traffic,Delivered,1618.6,Economy
SHP006475,29-06-2025,07-01-2025,07-03-2025,06-07-2025,RoadRunner,South,Central,South-Central,Air,540,Weather,Delivered,1138.25,Economy
SHP000082,26-Jan-25,28-Jan-25,03-Feb-25,02-03-2025,SkyFreight,North,Central,North-Central,Road,1250,,Delivered,1006.46,Express
SHP003641,03/27/2025,03/29/2025,04-06-2025,16-Apr-25,RoadRunner,West,North,West-North,Road,1510,Vehicle Issue,Undelivered,1876.55,Express
SHP001682,17-08-2025,08/18/2025,26-Aug-25,27-08-2025,MetroLogix,South,West,South-West,Road,1740,Vehicle Issue,Delivered,1303.78,Express
SHP003631,06-Jul-25,10-07-2025,07/19/2025,21-Jul-25,SkyFreight,South,East,South-East,Road,1780,Customs,Delivered,2198.74,Standard
SHP005609,06-07-2025,08-07-2025,12-07-2025,10-07-2025,SwiftShip,Central,West,Central-West,Air,1500,,Delivered,2019.33,Economy
,20-10-2025,22-Oct-25,10/28/2025,28-Oct-25,  SKYFREIGHT  ,East,North,East-North,Road,810,,Delivered,853.94,Economy
SHP001911,28-Oct-25,30-Oct-25,04-Nov-25,06-11-2025,RoadRunner,West,South,West-South,Road,1140,Weather,Delivered,1633.56,Express
SHP001553,10/22/2025,10/25/2025,11-03-2025,03-Nov-25,ParcelPro,Central,South,Central-South,Road,2400,,Delivered,2329.6,Standard
SHP004195,11-11-2025,13-Nov-25,11/20/2025,20-11-2025,RoadRunner,West,South,West-South,Road,1490,,Delivered,1711.04,Economy
SHP000178,08/21/2025,25-08-2025,08/29/2025,08/30/2025,SwiftShip,North,East,North-East,Air,1290,Vehicle Issue,Delivered,1873.73,Express
SHP002994,03-Feb-25,02-04-2025,14-Feb-25,02/21/2025,RoadRunner,South,East,South-East,Road,2280,Vehicle Issue,Undelivered,3156.21,Express
SHP002620,14-02-2025,02/17/2025,02/21/2025,19-Feb-25,SwiftShip,Central,East,Central-East,Air,2100,,Delivered,3428.1,Standard
SHP002409,05-03-2025,06-May-25,05-11-2025,11-May-25,SkyFreight,North,Central,North-Central,Road,1010,,Delivered,830.45,Standard
SHP000324,20-04-2025,23-04-2025,05-01-2025,05-04-2025,MetroLogix,East,South,East-South,Road,1580,Warehouse Backlog,Delivered,2171.21,Express
SHP002488,12-05-2025,06-Dec-25,08-Dec-25,12-09-2025,RoadRunner,Central,East,Central-East,Road,440,Customs,Delivered,471.35,Standard
SHP003987,08-Jul-25,07-09-2025,07/13/2025,13-Jul-25,ParcelPro,West,South,West-South,Air,1010,,Delivered,1895.54,Express
SHP001116,02/24/2025,25-02-2025,27-02-2025,03-03-2025,RoadRunner,East,West,East-West,Air,1300,Weather,Delivered,2707.67,Express
SHP001703,18-07-2025,20-Jul-25,07/24/2025,24-Jul-25,SkyFreight,South,West,South-West,Air,720,,Delivered,1325.22,Economy
SHP004193,29-Mar-25,31-03-2025,04-03-2025,08-04-2025,RoadRunner,Central,East,Central-East,Air,690,Warehouse Backlog,Delivered,870.85,Economy
SHP003005,16-10-2025,10/19/2025,22-Oct-25,,MetroLogix,North,Central,North-Central,Road,230,Traffic,Cancelled,396.03,Economy
SHP004256,29-09-2025,10-02-2025,05-10-2025,04-10-2025,SwiftShip,West,Central,West-Central,Air,150,,Delivered,278.74,Express
SHP002444,25-Mar-25,28-03-2025,03-Apr-25,04-02-2025,ParcelPro,West,Central,West-Central,Road,760,,Delivered,584.55,Economy
SHP004117,01-Jun-25,03-Jun-25,12-06-2025,15-Jun-25,SkyFreight,East,West,East-West,Road,2210,Customs,Delivered,2873.27,Standard
SHP003556,25-01-2025,27-01-2025,02-02-2025,02-02-2025,MetroLogix,West,North,West-North,Road,1540,,Delivered,1612.97,Standard
SHP002939,26-Mar-25,27-03-2025,01-Apr-25,30-Mar-25,SwiftShip,East,West,East-West,Road,530,,Delivered,720.7,Standard
SHP000142,31-07-2025,08-02-2025,08-05-2025,10-Aug-25,SkyFreight,East,North,East-North,Road,240,Warehouse Backlog,Delivered,320.94,Standard
SHP004042,10/16/2025,10/19/2025,24-10-2025,10/31/2025,MetroLogix,South,East,South-East,Rail,1240,Capacity Constraint,Delivered,1216.39,Standard
SHP001353,04-Aug-25,05-Aug-25,12-08-2025,12-Aug-25,SwiftShip,South,Central,South-Central,Rail,1400,,Delivered,988.76,Economy
SHP003140,25-Mar-25,03/27/2025,03-04-2025,04-03-2025,SkyFreight,East,Central,East-Central,Road,1480,,Delivered,2064.91,Express
SHP002422,01/27/2025,29-Jan-25,03-Feb-25,04-02-2025,RoadRunner,South,East,South-East,Road,1310,Customs,Delivered,1786.06,Express
SHP004620,08-Oct-25,10-Oct-25,15-Oct-25,15-10-2025,SwiftShip,Central,South,Central-South,Rail,650,,Delivered,696.1,Standard
SHP003657,06/29/2025,07-01-2025,05-Jul-25,07-07-2025,SwiftShip,East,North,East-North,Road,970,Traffic,Delivered,1250.75,Standard
SHP004013,29-07-2025,31-07-2025,04-08-2025,07-08-2025,SkyFreight,West,North,West-North,Road,770,Vehicle Issue,Delivered,605.06,Express
SHP001858,11-Nov-25,14-11-2025,19-Nov-25,23-11-2025,RoadRunner,East,North,East-North,Rail,1770,Customs,Delivered,1636.08,Express
SHP000632,12/16/2025,12/18/2025,21-12-2025,26-Dec-25,ParcelPro,East,North,East-North,Air,1790,Capacity Constraint,Delivered,3554.6,Express
SHP006356,11-05-2025,07-11-2025,15-Nov-25,11/14/2025,MetroLogix,Central,West,Central-West,Road,1900,,Delivered,2392.12,Express
SHP004571,07/17/2025,20-Jul-25,07/29/2025,07/28/2025,SkyFreight,South,Central,South-Central,Road,2400,,Delivered,2496.95,Standard
SHP000413,01/13/2025,15-Jan-25,17-Jan-25,24-Jan-25,SkyFreight,South,West,South-West,Rail,510,Capacity Constraint,Delivered,436.75,Standard
SHP003580,21-Apr-25,23-Apr-25,04/29/2025,01-05-2025,RoadRunner,East,West,East-West,Road,1010,Customs,Delivered,1199.92,Economy
SHP005742,19-Dec-25,12/21/2025,25-12-2025,12/27/2025,SkyFreight,South,West,South-West,Air,1820,Vehicle Issue,Delivered,2501.46,Standard
SHP005950,18-Feb-25,02/19/2025,02/26/2025,27-Feb-25,MetroLogix,East,South,East-South,Road,1690,Capacity Constraint,Delivered,2397.17,Economy
SHP000682,06/29/2025,02-07-2025,06-Jul-25,05-07-2025,SwiftShip,Central,West,Central-West,Air,480,,Delivered,640.07,Economy
SHP000976,04-Oct-25,10-06-2025,09-Oct-25,08-Oct-25,SwiftShip,East,North,East-North,Road,570,,Delivered,852.98,Economy
SHP000781,15-07-2025,17-Jul-25,07/19/2025,07/26/2025,RoadRunner,East,South,East-South,Road,170,Weather,Delivered,323.56,Express
SHP004996,22-Oct-25,24-Oct-25,10/27/2025,27-Oct-25,RoadRunner,East,West,East-West,Road,710,,Delivered,668.14,Economy
SHP003080,04-10-2025,06-10-2025,10-10-2025,,SwiftShip,West,Central,West-Central,Air,1020,,Cancelled,2229.2,Economy
SHP002614,20-08-2025,21-Aug-25,30-Aug-25,30-Aug-25,ParcelPro,West,Central,West-Central,Road,1960,,Delivered,2530.43,Express
SHP001763,15-Apr-25,16-04-2025,04/19/2025,04/18/2025,SwiftShip,West,South,West-South,Road,600,,Delivered,827.6,Standard
SHP005457,14-Jul-25,16-07-2025,07/24/2025,07/25/2025,SwiftShip,West,East,West-East,Rail,2400,Customs,Delivered,2190.52,Express
SHP004525,17-04-2025,04/19/2025,21-Apr-25,23-04-2025,MetroLogix,East,West,East-West,Air,1250,Customs,Delivered,2016.76,Economy
SHP001267,25-Oct-25,10/28/2025,11-01-2025,11-03-2025,SkyFreight,East,West,East-West,Air,530,Weather,Delivered,1225.93,Economy
SHP005642,04/24/2025,04/25/2025,06-May-25,05-May-25,RoadRunner,South,East,South-East,Road,2310,,Delivered,2970.18,Express
SHP003168,22-07-2025,25-Jul-25,07/28/2025,29-07-2025,SwiftShip,South,East,South-East,Road,660,Vehicle Issue,Delivered,807.56,Express
SHP000365,08/25/2025,27-Aug-25,08/31/2025,31-Aug-25,MetroLogix,South,West,South-West,Road,520,,Delivered,596.15,Economy
SHP001576,15-Jun-25,17-06-2025,06/26/2025,25-06-2025,MetroLogix,North,Central,North-Central,Road,2030,,Delivered,2008.29,Economy
SHP005325,08-04-2025,06-08-2025,13-Aug-25,,ParcelPro,East,Central,East-Central,Road,1520,Vehicle Issue,In Transit,1496.82,Express
SHP003606,16-Nov-25,11/17/2025,11/23/2025,,ParcelPro,South,West,South-West,Road,980,,Cancelled,1411.24,Standard
SHP001853,30-06-2025,01-Jul-25,04-07-2025,04-Jul-25,MetroLogix,West,North,West-North,Road,120,,Delivered,198.64,Express
SHP002388,04-08-2025,07-08-2025,11-Aug-25,12-Aug-25,SwiftShip,Central,South,Central-South,Air,1080,Warehouse Backlog,Delivered,1424.46,Express
SHP001006,14-04-2025,04/17/2025,04/28/2025,05-01-2025,SkyFreight,West,North,West-North,Road,2340,Warehouse Backlog,Delivered,1696.88,Standard
SHP003139,03/30/2025,04-03-2025,11-Apr-25,04-11-2025,SwiftShip,Central,West,Central-West,Road,1590,,Delivered,1185.83,Economy
SHP000458,11-04-2025,05-Nov-25,13-Nov-25,11-11-2025,SkyFreight,North,West,North-West,Road,2140,,Delivered,2937.26,Economy
SHP005670,02-01-2025,04-Feb-25,11-Feb-25,02-12-2025,RoadRunner,North,West,North-West,Road,1430,Warehouse Backlog,Delivered,1038.35,Express
SHP005592,14-10-2025,10/17/2025,10/20/2025,22-Oct-25,MetroLogix,East,North,East-North,Air,220,Traffic,Delivered,591.94,Standard
SHP000279,16-Nov-25,18-Nov-25,11/25/2025,23-11-2025,RoadRunner,North,West,North-West,Rail,1640,,Delivered,1115.61,Standard
SHP003775,01-Aug-25,08-02-2025,08-05-2025,08-03-2025,ParcelPro,North,South,North-South,Air,1370,,Delivered,2380.04,Standard
SHP000125,16-May-25,18-May-25,05/22/2025,05/24/2025,RoadRunner,West,North,West-North,Road,690,Customs,Delivered,786.8,Express
SHP000711,21-Apr-25,04/24/2025,04/27/2025,,SkyFreight,North,Central,North-Central,Air,2000,Capacity Constraint,Cancelled,3032.92,Economy
SHP000829,04-Dec-25,05-Dec-25,07-Dec-25,12/14/2025,RoadRunner,East,Central,East-Central,Rail,380,Capacity Constraint,Delivered,431.24,Express
SHP006221,30-Dec-25,31-Dec-25,01-03-2026,03-Jan-26,RoadRunner,East,North,East-North,Rail,900,,Delivered,840.6,Economy
SHP001989,08/17/2025,20-08-2025,26-08-2025,31-12-2024,MetroLogix,South,Central,South-Central,Rail,1460,Vehicle Issue,Delivered,1584.8,Express
SHP005949,10-11-2025,11-12-2025,18-Nov-25,11/18/2025,ParcelPro,West,Central,West-Central,Rail,1330,,Delivered,933.51,Standard
SHP000651,23-Mar-25,26-Mar-25,30-03-2025,04-Apr-25,SwiftShip,West,East,West-East,Road,140,Weather,Delivered,221.15,Express
SHP004064,07-Dec-25,12-09-2025,15-Dec-25,12/14/2025,SwiftShip,North,South,North-South,Rail,2140,,Delivered,1596.75,Economy
SHP006481,23-12-2025,26-Dec-25,30-Dec-25,12/31/2025,SwiftShip,South,North,South-North,Air,1920,Capacity Constraint,Delivered,2977.59,Express
SHP002626,20-09-2025,23-09-2025,28-09-2025,,SwiftShip,South,West,South-West,Road,1300,,In Transit,1083.86,Economy
SHP001617,08-07-2025,10-07-2025,15-Jul-25,16-Jul-25,SwiftShip,Central,North,Central-North,Air,1600,Warehouse Backlog,Delivered,3497.75,Standard
SHP000595,11/13/2025,16-11-2025,21-11-2025,28-11-2025,SwiftShip,East,South,East-South,Road,960,Warehouse Backlog,Delivered,786.96,Economy
SHP005662,07-01-2025,04-07-2025,11-Jul-25,15-Jul-25,RoadRunner,Central,West,Central-West,Road,1590,Warehouse Backlog,Delivered,1410.34,Express
SHP000851,28-11-2025,01-Dec-25,05-Dec-25,05-Dec-25,RoadRunner,West,East,West-East,Road,170,,Delivered,225.01,Express
SHP001724,12-Jun-25,06/13/2025,16-Jun-25,06/14/2025,ParcelPro,North,Central,North-Central,Air,1660,,Delivered,3027.67,Standard
SHP005344,28-06-2025,01-Jul-25,07-06-2025,07-05-2025,MetroLogix,South,Central,South-Central,Rail,910,,Delivered,1008.6,Standard
SHP004384,10/17/2025,10/18/2025,10/23/2025,24-10-2025,ParcelPro,West,North,West-North,Road,860,Traffic,Delivered,763.75,Express
SHP001028,07/13/2025,15-Jul-25,18-07-2025,28-07-2025,ParcelPro,West,Central,West-Central,Air,1420,Warehouse Backlog,Delivered,3080.6,Economy
SHP002280,11-May-25,12-05-2025,16-05-2025,05/15/2025,RoadRunner,West,South,West-South,Air,1020,,Delivered,1295.71,Economy
SHP002727,05-Jul-25,06-07-2025,09-Jul-25,,MetroLogix,West,South,West-South,Road,680,,In Transit,675,Economy
SHP004988,10/27/2025,10/30/2025,06-11-2025,05-11-2025,MetroLogix,East,North,East-North,Road,1910,,Delivered,2206.43,Standard
SHP005791,30-Dec-25,31-12-2025,01-07-2026,,ParcelPro,West,East,West-East,Road,1530,Warehouse Backlog,Cancelled,1963.53,Standard
SHP004245,26-Feb-25,28-Feb-25,03-03-2025,03-06-2025,RoadRunner,West,South,West-South,Road,330,Vehicle Issue,Delivered,526.99,Economy
SHP006308,17-Jan-25,01/19/2025,01/24/2025,23-01-2025,MetroLogix,South,East,South-East,Rail,870,,Delivered,923.41,Economy
SHP002504,12-Jan-25,14-Jan-25,01/18/2025,19-01-2025,MetroLogix,East,Central,East-Central,Air,770,Warehouse Backlog,Delivered,945.54,Standard
SHP005223,11-11-2025,13-11-2025,23-11-2025,,MetroLogix,South,West,South-West,Road,2170,Traffic,In Transit,1556.68,Express
SHP002707,02-10-2025,13-02-2025,02/20/2025,19-Feb-25,SkyFreight,Central,South,Central-South,Road,1360,,Delivered,1059.13,Express
SHP003374,05-05-2025,08-05-2025,,05/13/2025,SwiftShip,East,South,East-South,Road,730,,Delivered,846.86,Express
SHP000281,24-12-2025,26-12-2025,01-05-2026,09-01-2026,SkyFreight,West,Central,West-Central,Road,2170,Customs,Delivered,1914.73,Economy
SHP002764,09/14/2025,17-09-2025,09/19/2025,,SkyFreight,West,Central,West-Central,Rail,270,,Delivered,235.07,Economy
SHP003439,20-10-2025,10/22/2025,10/31/2025,05-Nov-25,ParcelPro,South,North,South-North,Road,2200,Capacity Constraint,Delivered,1688.48,Express
SHP002530,13-05-2025,05/16/2025,25-May-25,27-May-25,RoadRunner,North,Central,North-Central,Road,2350,Vehicle Issue,Delivered,1787.67,Economy
SHP002840,26-07-2025,07/27/2025,29-Jul-25,30-Jul-25,ParcelPro,South,Central,South-Central,Rail,520,Capacity Constraint,Delivered,644.43,Standard
SHP002982,18-05-2025,21-May-25,24-May-25,24-05-2025,SkyFreight,East,South,East-South,Air,520,,Delivered,1296.2,Standard
SHP002579,22-08-2025,24-08-2025,01-Sep-25,04-Sep-25,MetroLogix,South,East,South-East,Road,1520,Vehicle Issue,Delivered,1691.17,Standard
SHP002469,18-02-2025,21-02-2025,25-02-2025,26-02-2025,RoadRunner,North,South,North-South,Road,280,Traffic,Delivered,326.87,Express
SHP001211,24-Aug-25,26-Aug-25,29-08-2025,08/30/2025,MetroLogix,Central,East,Central-East,Road,450,Weather,Undelivered,612.89,Express
SHP003031,28-10-2025,30-Oct-25,11-07-2025,08-Nov-25,RoadRunner,East,South,East-South,Road,2230,Traffic,Delivered,1861.19,Economy
SHP000996,11-09-2025,13-09-2025,09/17/2025,09/17/2025,SwiftShip,Central,North,Central-North,Road,200,,Delivered,225.84,Economy
SHP003046,11-Oct-25,10/13/2025,22-10-2025,10/27/2025,MetroLogix,West,East,West-East,Road,1790,Traffic,Delivered,1281.21,Standard
SHP003094,06-08-2025,11-Jun-25,13-06-2025,15-06-2025,SwiftShip,Central,East,Central-East,Air,610,Vehicle Issue,Delivered,1256.96,Express
SHP003940,06-Jun-25,08-Jun-25,06-12-2025,,ParcelPro,North,South,North-South,Road,330,Weather,In Transit,482.06,Standard
SHP001564,27-Jul-25,29-Jul-25,07-08-2025,10-08-2025,RoadRunner,North,Central,North-Central,Road,2060,Weather,Delivered,2763.45,Standard
SHP004070,29-Dec-25,12/31/2025,01-02-2026,,ParcelPro,South,Central,South-Central,Air,400,Weather,Cancelled,702.65,Standard
SHP003725,10-04-2025,10-07-2025,11-Oct-25,12-Oct-25,SkyFreight,North,South,North-South,Rail,1330,Warehouse Backlog,Delivered,1307.39,Standard
SHP003230,10/16/2025,18-10-2025,27-Oct-25,28-10-2025,SkyFreight,North,East,North-East,Rail,2290,Weather,Delivered,2204.38,Standard
SHP004832,23-Jun-25,24-Jun-25,04-07-2025,07-08-2025,RoadRunner,North,Central,North-Central,Road,2320,Capacity Constraint,Delivered,3086.85,Economy
SHP003120,29-Jun-25,07-02-2025,07-06-2025,,RoadRunner,Central,East,Central-East,Road,350,,Cancelled,414.11,Standard
SHP001512,12-05-2025,05/15/2025,23-May-25,24-May-25,SwiftShip,East,North,East-North,Road,1520,Weather,Delivered,2066.41,Express
SHP006346,20-Dec-25,23-Dec-25,12/27/2025,,MetroLogix,North,East,North-East,Road,620,,In Transit,889.05,Economy
SHP002795,15-02-2025,17-Feb-25,02/22/2025,02/22/2025,ParcelPro,South,Central,South-Central,Rail,1340,,Delivered,1094.11,Express
SHP004065,08-07-2025,10-07-2025,15-Jul-25,15-07-2025,SwiftShip,West,South,West-South,Road,1240,,Delivered,-100,Standard
SHP001148,24-03-2025,03/27/2025,05-Apr-25,04-05-2025,ParcelPro,East,North,East-North,Road,2070,,Delivered,1917.73,Standard
SHP006145,20-Nov-25,23-Nov-25,11/26/2025,11/29/2025,ParcelPro,South,Central,South-Central,Air,1910,Traffic,Delivered,3641.89,Economy
SHP000768,31-10-2025,02-Nov-25,06-11-2025,11-06-2025,SkyFreight,South,Central,South-Central,Air,760,,Delivered,968.68,Express
SHP003849,27-Jun-25,30-06-2025,03-Jul-25,07-02-2025,RoadRunner,South,West,South-West,Road,420,,Delivered,572.21,Express
SHP004821,22-09-2025,23-Sep-25,10-01-2025,,RoadRunner,West,South,West-South,Road,1780,,In Transit,2115.56,Economy
SHP001957,06/26/2025,28-Jun-25,07-01-2025,,SwiftShip,East,North,East-North, road ,410,,Cancelled,438.13,Express
SHP006143,13-09-2025,14-09-2025,17-09-2025,16-09-2025,SkyFreight,South,Central,South-Central,Road,520,,Delivered,740.99,Standard
SHP005023,22-08-2025,24-08-2025,26-Aug-25,25-08-2025,ParcelPro,East,South,East-South,Air,370,,Delivered,926.99,Standard
SHP005174,05-May-25,09-May-25,05/14/2025,05/14/2025,MetroLogix,West,Central,West-Central,Air,1940,,Delivered,4052.75,Standard
SHP002142,07-04-2025,07-06-2025,10-Jul-25,14-Jul-25,MetroLogix,Central,South,Central-South,Road,630,Warehouse Backlog,Delivered,964.18,Standard
SHP003077,05-Jul-25,07-07-2025,16-Jul-25,14-Jul-25,RoadRunner,South,North,South-North,Road,2230,,Delivered,2803.89,Express
SHP004973,24-Feb-25,27-Feb-25,07-Mar-25,11-03-2025,SwiftShip,North,West,North-West,Road,1420,Vehicle Issue,Delivered,1878.56,Standard
SHP000553,17-09-2025,09/18/2025,09/21/2025,09/20/2025,ParcelPro,South,North,South-North,Air,740,,Delivered,1820.75,Standard
SHP003155,27-07-2025,07/29/2025,02-Aug-25,03-Aug-25,ParcelPro,South,West,South-West,Air,1840,Customs,Delivered,2913.3,Economy
SHP000948,04-Feb-25,02-05-2025,12-Feb-25,15-02-2025,SkyFreight,North,Central,North-Central,Rail,1520,Warehouse Backlog,Delivered,1733.46,Standard
SHP002451,25-02-2025,26-Feb-25,07-Mar-25,08-Mar-25,RoadRunner,East,South,East-South,Road,1810,Warehouse Backlog,Delivered,1358.49,Standard
SHP006023,29-Jul-25,31-Jul-25,02-Aug-25,01-Aug-25,SwiftShip,East,North,East-North,Air,290,,Delivered,731.75,Economy
SHP002275,25-Oct-25,28-10-2025,30-Oct-25,10/30/2025,ParcelPro,North,East,North-East,Air,460,,Delivered,898.1,Economy
SHP005711,05/26/2025,05/28/2025,06-02-2025,06-06-2025,SkyFreight,Central,North,Central-North,Rail,1060,Customs,Delivered,1059.17,Standard
SHP002604,04-03-2025,05-04-2025,04-10-2025,14-04-2025,SwiftShip,North,East,North-East,Road,950,Customs,Delivered,787.09,Standard
SHP002404,07-12-2025,15-07-2025,18-07-2025,07/17/2025,MetroLogix,North,West,North-West,Road,300,,Delivered,298.4,Express
SHP005196,31-Aug-25,03-09-2025,10-09-2025,10-Sep-25,SwiftShip,West,Central,West-Central,Road,1650,,Delivered,2032.94,Standard
SHP004086,11-08-2025,10-Nov-25,18-Nov-25,11/22/2025,SwiftShip,East,North,East-North,Road,1840,Warehouse Backlog,Delivered,2569.03,Standard
SHP001600,06/27/2025,06/29/2025,03-07-2025,02-07-2025,RoadRunner,North,West,North-West,Rail,1250,,Delivered,1302.57,Economy
SHP005144,29-11-2025,02-12-2025,04-Dec-25,04-12-2025,ParcelPro,Central,South,Central-South,Air,1310,,Delivered,1953.54,Standard
SHP003803,13-08-2025,16-Aug-25,08/19/2025,08/19/2025,ParcelPro,North,,North-West,Air,1480,,Delivered,1875.53,Express
SHP004743,05/25/2025,28-05-2025,05/31/2025,05/29/2025,SwiftShip,West,East,West-East,Road,670,,Delivered,539.54,Standard
SHP005574,09/20/2025,23-Sep-25,26-Sep-25,09/27/2025,ParcelPro,East,Central,East-Central,Air,440,Vehicle Issue,Delivered,692.96,Express
SHP001705,28-02-2025,02-03-2025,07-Mar-25,10-03-2025,SwiftShip,North,South,North-South,Air,1830,Customs,Delivered,3346.64,Standard
SHP003589,23-Dec-25,27-Dec-25,29-12-2025,02-01-2026,ParcelPro,South,West,South-West,Rail,530,Customs,Delivered,499.16,Express
SHP003366,21-10-2025,24-10-2025,01-Nov-25,11-01-2025,SwiftShip,West,North,West-North,Road,1890,,Delivered,1517.36,Standard
SHP001616,02-01-2025,02-02-2025,04-Feb-25,07-Feb-25,MetroLogix,East,North,East-North,Air,1220,Capacity Constraint,Delivered,1874.84,Economy
SHP003997,15-07-2025,07/17/2025,22-07-2025,20-07-2025,RoadRunner,West,Central,West-Central,Air,1580,,Delivered,2901.94,Economy
SHP004371,09-Dec-25,11-Dec-25,19-Dec-25,,SwiftShip,West,East,West-East,Road,1370,,In Transit,1867.66,Economy
SHP005043,27-09-2025,28-Sep-25,02-10-2025,10-02-2025,SkyFreight,West,North,West-North,Air,2400,,Delivered,4071.63,Economy
SHP005981,02/24/2025,25-Feb-25,30-12-2024,08-03-2025,RoadRunner,North,Central,North-Central,Air,680,Customs,Delivered,1201.91,Economy
SHP002281,05-10-2025,12-05-2025,18-05-2025,23-05-2025,SkyFreight,South,West,South-West,Rail,1040,Warehouse Backlog,Delivered,692.95,Standard
SHP005199,05/19/2025,21-05-2025,23-May-25,05/23/2025,ParcelPro,Central,West,Central-West,Air,410 km,,Delivered,701.09,Express
SHP005655,25-09-2025,28-Sep-25,04-10-2025,04-Oct-25,SkyFreight,South,North,South-North,Road,1470,,Delivered,1567.8,Standard
SHP003994,23-11-2025,11/24/2025,02-Dec-25,12-06-2025,SkyFreight,East,Central,East-Central,Road,1390,Capacity Constraint,Delivered,1939.79,Express
SHP004500,29-Jul-25,30-07-2025,02-Aug-25,08-01-2025,MetroLogix,West,Central,West-Central,Road,620,,Delivered,899.83,Express
SHP000915,11-04-2025,13-04-2025,04/15/2025,04/15/2025,SwiftShip,North,Central,North-Central,Air,1270,,Delivered,1824.63,Standard
SHP000492,20-Feb-25,21-Feb-25,02/26/2025,26-Feb-25,SwiftShip,South,Central,South-Central,Road,1200,,Delivered,1232.48,Express
SHP004122,23-Jul-25,25-Jul-25,30-Jul-25,31-Jul-25,SkyFreight,North,South,North-South,Air,1730,Vehicle Issue,Delivered,3268.55,Standard
SHP000630,18-May-25,19-05-2025,05/23/2025,05/26/2025,MetroLogix,Central,East,Central-East,Rail,1350,Warehouse Backlog,Delivered,1531.61,Express
SHP004072,08-06-2025,08-09-2025,14-08-2025,21-Aug-25,RoadRunner,East,Central,East-Central,Road,630,Customs,Delivered,629.59,Economy
SHP003884,25-Oct-25,27-10-2025,31-10-2025,10-Nov-25,SkyFreight,West,South,West-South,Air,1910,Warehouse Backlog,Delivered,3934.68,Express
SHP006315,10-09-2025,12-10-2025,10/16/2025,10/17/2025,SwiftShip,West,Central,West-Central,Rail,650,Customs,Delivered,658.93,Standard
SHP001975,03-Sep-25,09-05-2025,09-08-2025,09-07-2025,SkyFreight,East,West,East-West,Air,260,,Delivered,619.96,Economy
SHP006183,02/28/2025,01-Mar-25,03-Mar-25,03-03-2025,SkyFreight,East,West,East-West,Road,310,,Delivered,387.65,Standard
SHP004807,11-Mar-25,03/13/2025,03/17/2025,17-Mar-25,MetroLogix,East,South,East-South,Air,1420,,Delivered,3449.54,Standard
SHP001589,03-01-2025,04-Jan-25,09-01-2025,01-09-2025,RoadRunner,Central,East,Central-East,Road,450,,Delivered,697.69,Express
SHP003421,21-10-2025,23-10-2025,28-10-2025,30-10-2025,SkyFreight,West,South,West-South,Road,1030,Vehicle Issue,Delivered,1272.8,Standard
SHP002666,01-02-2025,02-03-2025,02/13/2025,23-02-2025,  SKYFREIGHT  ,Central,North,Central-North,Road,2270,Weather,Delivered,2111.79,Economy
SHP003513,18-Sep-25,09/20/2025,09/23/2025,09/24/2025,SkyFreight,East,South,East-South,Air,2180,Capacity Constraint,Delivered,4073.97,Standard
SHP002587,12-10-2025,11-12-2025,12/17/2025,17-Dec-25,SkyFreight,North,Central,North-Central,Road,1290,,Delivered,1843.37,Economy
SHP004917,24-03-2025,27-03-2025,30-03-2025,31-12-2024,ParcelPro,West,South,West-South,Air,1210,Vehicle Issue,Delivered,2732.44,Standard
SHP006172,03-May-25,05-05-2025,16-May-25,15-May-25,ParcelPro,Central,North,Central-North,Road,2400,,Delivered,2690.19,Standard
SHP002995,05-Aug-25,07-Aug-25,09-Aug-25,07-08-2025,ParcelPro,North,East,North-East,Road,350,,Delivered,346.16,Standard
SHP000426,09-08-2025,10-Aug-25,15-08-2025,18-08-2025,MetroLogix,East,West,East-West,Road,1320,Weather,Delivered,1858.9,Standard
SHP004758,22-06-2025,06/24/2025,28-Jun-25,07-01-2025,ParcelPro,East,North,East-North,Air,1750,Warehouse Backlog,Delivered,3805.09,Standard
SHP000132,05-04-2025,04-09-2025,14-Apr-25,14-Apr-25,ParcelPro,South,North,South-North,Road,1100,,Delivered,1401.38,Express
SHP005029,13-Jun-25,14-Jun-25,06/22/2025,,RoadRunner,East,Central,East-Central,Road,1560,Traffic,In Transit,1771.42,Express
SHP003478,16-Jan-25,19-01-2025,29-01-2025,02-02-2025,ParcelPro,Central,South,Central-South,Road,2080,Vehicle Issue,Delivered,2337.59,Express
SHP006205,06-Aug-25,08-07-2025,11-08-2025,11-08-2025,MetroLogix,West,Central,West-Central,Road,340,,Delivered,388.06,Express
SHP002013,11/27/2025,12-01-2025,03-12-2025,12-04-2025,SkyFreight,West,East,West-East,Air,360,Warehouse Backlog,Delivered,623.39,Standard
SHP000818,01-11-2025,13-Jan-25,01/15/2025,14-01-2025,MetroLogix,North,East,North-East,Air,160,,Delivered,386.01,Economy
SHP003496,11/16/2025,19-11-2025,11/30/2025,,ParcelPro,Central,North,Central-North,Road,2390,,In Transit,3320.58,Express
SHP000219,27-Feb-25,01-Mar-25,03-04-2025,03-07-2025,SwiftShip,West,East,West-East,Road,370,Warehouse Backlog,Delivered,512.2,Standard
SHP003938,01/14/2025,01/16/2025,01/25/2025,26-01-2025,SwiftShip,East,South,East-South,Road,1750,Warehouse Backlog,Delivered,1293.23,Express
SHP005589,26-03-2025,03/30/2025,05-Apr-25,12-04-2025,MetroLogix,Central,South,Central-South,Road,1490,Customs,Delivered,1640.36,Express
SHP001331,03-01-2025,02-03-2025,07-03-2025,,SkyFreight,North,West,North-West,Rail,1690,Customs,In Transit,1427.47,Economy
SHP005429,30-03-2025,01-04-2025,05-04-2025,07-Apr-25,SwiftShip,West,North,West-North,Air,320,Vehicle Issue,Delivered,767.4,Express
SHP003990,10-10-2025,12-10-2025,16-10-2025,10/20/2025,RoadRunner,Central,North,Central-North,Air,1640,Customs,Delivered,2656.12,Standard
SHP001940,25-Jul-25,26-07-2025,28-Jul-25,26-Jul-25,RoadRunner,East,Central,East-Central,Road,160,,Delivered,300.91,Economy
SHP004345,02/17/2025,02/18/2025,02/24/2025,28-Feb-25,SwiftShip,Central,West,Central-West,Road,1110,Customs,Delivered,1429.57,Express
SHP004360,06/21/2025,22-Jun-25,26-06-2025,26-06-2025,ParcelPro,Central,North,Central-North,Road,660,,Delivered,646.98,Economy
SHP002857,11/30/2025,02-Dec-25,12-05-2025,12-05-2025,SwiftShip,North,Central,North-Central,Road,270,,Delivered,341.64,Express
SHP004239,21-Jun-25,23-06-2025,27-Jun-25,04-07-2025,ParcelPro,Central,North,Central-North,Air,670,Customs,Delivered,1045.43,Express
SHP000837,01-11-2025,05-Nov-25,11/13/2025,,ParcelPro,East,Central,East-Central,Road,2220,Traffic,Cancelled,2184.41,Express
SHP004488,11-05-2025,05/13/2025,21-05-2025,25-May-25,ParcelPro,East,South,East-South,Rail,2190,Warehouse Backlog,Delivered,2423.61,Economy
SHP004994,06-09-2025,07-Sep-25,15-Sep-25,22-Sep-25,RoadRunner,North,South,North-South,Road,1480,Weather,Delivered,1186.02,Economy
SHP004713,16-02-2025,18-02-2025,21-02-2025,02/21/2025,SwiftShip,Central,North,Central-North,Air,1060,,Delivered,2379.57,Economy
SHP001117,04-Jul-25,08-Jul-25,07/13/2025,07/14/2025,RoadRunner,North,Central,North-Central,Road,1140,Traffic,Delivered,1285.6,Express
SHP000571,02/14/2025,02/15/2025,02/18/2025,23-Feb-25,SwiftShip,North,West,North-West,Road,440,Weather,Delivered,552.75,Express
SHP000157,12/31/2025,01-03-2026,05-Jan-26,10-01-2026,RoadRunner,West,Central,Unknown-Route,Road,350,Weather,Delivered,340.42,Economy
SHP004777,07-12-2025,13-07-2025,17-07-2025,20-Jul-25,MetroLogix,East,North,East-North,Road,420,Weather,Delivered,403.38,Standard
SHP002685,10-Sep-25,09/13/2025,21-09-2025,01-Oct-25,,Central,West,Central-West,Road,1950,Warehouse Backlog,Delivered,2687.63,Standard
SHP000686,25-10-2025,27-10-2025,10/29/2025,11-08-2025,SwiftShip,West,South,West-South,Air,1120,Vehicle Issue,Delivered,2525.97,Economy
SHP000484,20-02-2025,21-02-2025,02/25/2025,03-04-2025,ParcelPro,North,South,North-South,Road,630,Customs,Delivered,634.99,Express
SHP000709,14-Aug-25,08/16/2025,08/19/2025,19-08-2025,SwiftShip,South,East,South-East,Road,200,,Delivered,228.96,Standard
SHP005644,15-04-2025,16-04-2025,23-04-2025,21-Apr-25,RoadRunner,West,Central,West-Central,Road,1290,,Delivered,1269.03,Economy
SHP004028,07-Jan-25,09-Jan-25,01/19/2025,21-Jan-25,ParcelPro,Central,North,Central-North,Road,2360,Vehicle Issue,Delivered,1690.01,Economy
SHP006460,25-05-2025,27-05-2025,05-06-2025,07-Jun-25,SkyFreight,South,East,South-East,Road,1870,Warehouse Backlog,Delivered,1418.18,Standard
SHP002022,24-Jul-25,07/26/2025,08-06-2025,05-Aug-25,SkyFreight,North,East,North-East,Road,2310,,Delivered,1791,Standard
SHP004286,24-Dec-25,27-12-2025,01-01-2026,30-Dec-25,ParcelPro,Central,South,Central-South,Air,1420,,Delivered,2992.81,Standard
SHP000159,24-09-2025,25-Sep-25,30-Sep-25,03-10-2025,ParcelPro,South,West,South-West,Road,800,Customs,Delivered,826.67,Express
SHP003795,23-Aug-25,26-08-2025,30-Aug-25,28-08-2025,SwiftShip,South,West,South-West,Air,250,,Delivered,451.85,Economy
SHP004716,08-08-2025,08-10-2025,14-08-2025,13-Aug-25,RoadRunner,South,East,South-East,Air,1800,,Delivered,2869.2,Express
SHP002312,06-10-2025,06-12-2025,06/14/2025,06/21/2025,  SKYFREIGHT  ,East,West,East-West,Air,430,Capacity Constraint,Delivered,1084.93,Express
SHP001686,26-Sep-25,28-Sep-25,01-10-2025,10-01-2025,MetroLogix,West,North,West-North,Air,1010,,Delivered,2463.92,Economy
SHP003258,04-Oct-25,05-10-2025,09-10-2025,,SkyFreight,East,Central,East-Central,Road,1030,,In Transit,1478.87,Express
SHP003454,05-Aug-25,08-09-2025,16-Aug-25,17-08-2025,ParcelPro,South,East,South-East,Road,1610,Vehicle Issue,Delivered,2151.62,Express
SHP003504,01/15/2025,01/19/2025,01/21/2025,25-01-2025,SwiftShip,South,West,South-West,Air,670,Traffic,Undelivered,1024.63,Express
SHP003618,03-05-2025,04-May-25,07-05-2025,07-May-25,SwiftShip,East,Central,East-Central,Road,670,,Delivered,738.47,Express
SHP004602,02-Apr-25,04-Apr-25,04/14/2025,04/14/2025,SkyFreight,South,North,South-North,Road,1960,,Delivered,2375.6,Express
SHP004342,09-Jul-25,10-07-2025,17-Jul-25,17-07-2025,ParcelPro,Central,West,Central-West,Road,1700,,Delivered,2237.5,Standard
SHP005866,17-Jun-25,18-Jun-25,06/22/2025,27-06-2025,RoadRunner,Central,South,Central-South,Road,920,Vehicle Issue,Delivered,1221.17,Express
SHP001991,12/24/2025,26-Dec-25,28-12-2025,12/27/2025,ParcelPro,North,Central,North-Central,Road,180,,Undelivered,313.33,Express
SHP005705,01/20/2025,22-01-2025,30-Jan-25,01/28/2025,SwiftShip,South,West,South-West,Road,1750,,Delivered,1795.33,Standard
SHP006324,21-Sep-25,22-Sep-25,26-09-2025,30-09-2025,MetroLogix,North,Central,North-Central,Air,1970,Warehouse Backlog,Delivered,2856.58,Economy
SHP006466,07-05-2025,07-Jul-25,13-Jul-25,13-Jul-25,ParcelPro,North,Central,North-Central,Road,1360,,Delivered,1167.96,Standard
SHP004136,26-May-25,27-May-25,02-Jun-25,12-06-2025,MetroLogix,South,East,South-East,Rail,1850,Weather,Delivered,1115.31,Standard
SHP006191,15-Jun-25,16-Jun-25,06/19/2025,06/22/2025,RoadRunner,East,Central,East-Central,Road,330,Warehouse Backlog,Delivered,451.9,Economy
SHP003435,21-Feb-25,22-Feb-25,01-Mar-25,03-Mar-25,SwiftShip,Central,South,Central-South,Road,1760,Weather,Delivered,1593.75,Economy
SHP000817,07-Feb-25,10-Feb-25,21-Feb-25,20-Feb-25,SkyFreight,South,North,South-North,Road,2370,,Delivered,2234.51,Express
SHP001361,02/19/2025,22-Feb-25,27-02-2025,02/27/2025,SwiftShip,West,Central,West-Central,Rail,1450,,Delivered,1414.09,Economy
SHP002478,11/23/2025,24-11-2025,03-12-2025,02-12-2025,ParcelPro,North,South,North-South,Road,1740,,Delivered,2397.49,Express
SHP002522,01-11-2025,13-01-2025,15-Jan-25,20-Jan-25,  SKYFREIGHT  ,Central,South,Central-South,Air,400,Warehouse Backlog,Delivered,724.12,Express
SHP003052,23-02-2025,25-Feb-25,03-03-2025,03-01-2025,ParcelPro,South,North,South-North,Rail,1700,,Delivered,987.48,Standard
SHP005217,08/24/2025,27-08-2025,09-01-2025,01-Sep-25,SkyFreight,North,South,North-South,Air,2080,,Delivered,3154.59,Express
SHP005272,30-08-2025,31-Aug-25,06-09-2025,09-09-2025,MetroLogix,South,North,South-North,Air,2380,Weather,Delivered,4196.9,Express
SHP006026,17-Sep-25,20-09-2025,27-09-2025,,SwiftShip,Central,South,Central-South,Road,1390,Vehicle Issue,In Transit,1195.47,Standard
SHP004862,03-Mar-25,03-07-2025,13-Mar-25,16-Mar-25,RoadRunner,East,West,East-West,Road,1290,Customs,Delivered,1480.05,Standard
SHP003210,20-Dec-25,12/22/2025,12/30/2025,28-Dec-25,SkyFreight,East,North,East-North,Road,2070,,Delivered,2140.15,Express
SHP005193,14-06-2025,06/17/2025,26-06-2025,25-06-2025,ParcelPro,East,South,East-South,Road,1750,,Delivered,1751.86,Express
SHP002314,08-06-2025,10-Jun-25,06/13/2025,06/15/2025,SkyFreight,South,Central,South-Central,Air,1140,Warehouse Backlog,Delivered,2763.47,Standard
SHP004038,16-08-2025,17-08-2025,08/23/2025,08/26/2025,SkyFreight,West,East,West-East,Road,1060,Vehicle Issue,Delivered,949.04,Express
SHP003346,12/13/2025,15-Dec-25,12/19/2025,21-12-2025,RoadRunner,West,Central,West-Central,Road,740,Capacity Constraint,Delivered,743.78,Standard
SHP003528,09/24/2025,25-09-2025,10-01-2025,11-10-2025,ParcelPro,Central,West,Central-West,Road,1510,Customs,Delivered,1822.33,Express
SHP000154,15-03-2025,18-Mar-25,23-Mar-25,03/26/2025,RoadRunner,South,East,South-East,Road,730,Warehouse Backlog,Delivered,978.2,Standard
SHP004154,03-Feb-25,05-Feb-25,10-Feb-25,10-02-2025,RoadRunner,South,North,South-North,Road,920,,Delivered,1237.16,Standard
SHP004333,01-10-2025,12-01-2025,15-01-2025,22-01-2025,MetroLogix,South,West,South-West,Air,1370,Customs,Delivered,3228.83,Economy
SHP005567,01/31/2025,01-Feb-25,10-Feb-25,02-11-2025,SwiftShip,South,Central,South-Central,Road,2030,Capacity Constraint,Delivered,1420.06,Standard
SHP001780,02-07-2025,02-08-2025,12-Feb-25,13-Feb-25,ParcelPro,East,Central,East-Central,Rail,470,Traffic,Delivered,433.37,Express
SHP000936,22-Dec-25,12/24/2025,12/29/2025,12/29/2025,SkyFreight,Central,East,Central-East,Road,830,,Delivered,1175.92,Express
SHP002543,07/13/2025,14-Jul-25,25-Jul-25,04-Aug-25,MetroLogix,West,Central,West-Central,Road,2250,Capacity Constraint,Delivered,2034.05,Economy
SHP000444,05/18/2025,05/21/2025,05/25/2025,24-May-25,MetroLogix,Central,South,Central-South,Air,270,,Delivered,624.27,Express
SHP002518,17-07-2025,19-Jul-25,07/23/2025,07/30/2025,ParcelPro,North,South,North-South,Road,920,Warehouse Backlog,Delivered,693.8,Standard
SHP001064,14-Mar-25,17-03-2025,21-03-2025,20-03-2025,SwiftShip,North,East,North-East,Road,840,,Delivered,886.97,Express
SHP002330,07-Jan-25,09-01-2025,01/14/2025,01/13/2025,ParcelPro,East,North,East-North, air ,1910,,Delivered,3356.6,Express
SHP001389,02-06-2025,05-Jun-25,07-Jun-25,17-06-2025,SwiftShip,South,East,South-East,Road,140,Warehouse Backlog,Delivered,210.62,Economy
SHP002810,02-07-2025,09-Feb-25,13-02-2025,,MetroLogix,West,Central,West-Central,Road,170,,Cancelled,206.87,Express
SHP002746,25-Feb-25,27-Feb-25,03-Mar-25,04-03-2025,SkyFreight,Central,South,Central-South,Air,730,Traffic,Delivered,1653.29,Economy
SHP005275,07-11-2025,10-11-2025,11/13/2025,13-11-2025,RoadRunner,North,Central,North-Central,Road,380,,Delivered,496.4,Standard
SHP004454,06-05-2025,06-Jun-25,10-06-2025,06-09-2025,ParcelPro,East,West,East-West,Road,1030,,Delivered,1044.91,Express
SHP003316,07/21/2025,07/24/2025,07/29/2025,01-Aug-25,SkyFreight,East,North,East-North,Road,710,Traffic,Delivered,902.51,Standard
SHP002971,08-06-2025,08-Aug-25,14-08-2025,08/14/2025,ParcelPro,West,North,West-North,Rail,1630,,Delivered,1173.02,Economy
SHP005018,08/26/2025,28-08-2025,04-09-2025,09-06-2025,ParcelPro,East,Central,East-Central,Road,1450,Warehouse Backlog,Delivered,1163.78,Economy
SHP000322,03-Dec-25,04-Dec-25,10-12-2025,12/13/2025,RoadRunner,Central,South,Central-South,Rail,1520,Capacity Constraint,Delivered,1401.64,Express
SHP004055,16-05-2025,05/17/2025,21-May-25,05/31/2025,SkyFreight,South,East,South-East,Air,880,Capacity Constraint,Delivered,1958.17,Express
SHP003132,03-08-2025,03-09-2025,14-Mar-25,03/21/2025,RoadRunner,West,South,West-South,Air,1490,Traffic,Delivered,1867.89,Economy
SHP004844,25-03-2025,26-03-2025,29-03-2025,31-12-2024,SwiftShip,North,East,North-East,Air,780,Vehicle Issue,Delivered,1918.02,Economy
SHP003465,24-05-2025,28-May-25,04-Jun-25,03-06-2025,SkyFreight,North,East,North-East,Road,1080,,Delivered,1013.14,Economy
SHP003731,06-Jul-25,07-07-2025,07-11-2025,10-Jul-25,SwiftShip,South,East,South-East,Rail,1000,,Delivered,911.59,Standard
SHP003457,02-06-2025,07-Feb-25,17-02-2025,02/16/2025,SkyFreight,East,North,East-North,Road,2240,,Delivered,2618.57,Economy
SHP006236,10-04-2025,04-11-2025,16-Apr-25,16-Apr-25,MetroLogix,North,East,North-East,Air,1840,,Delivered,3582.37,Express
SHP004860,22-12-2025,12/24/2025,12/29/2025,31-12-2024,MetroLogix,Central,South,Central-South,Air,2200,,Delivered,"$4,259.30",Standard
SHP002706,26-Dec-25,28-Dec-25,01-04-2026,06-Jan-26,SkyFreight,South,West,South-West,Rail,1950,Capacity Constraint,Delivered,2082.15,Economy
SHP001334,03-11-2025,13-Mar-25,03/18/2025,18-03-2025,  ROADRUNNER  ,West,East,West-East,Road,1190,,Delivered,1098.49,Express
SHP002701,03-02-2025,04-Mar-25,03-06-2025,08-03-2025,SkyFreight,West,South,West-South,Rail,220,Vehicle Issue,Delivered,235.41,Standard
SHP004568,06-10-2025,06-11-2025,17-06-2025,06/27/2025,RoadRunner,Central,West,Central-West,Road,1000,Weather,Delivered,1219.99,Standard
SHP003265,08/14/2025,08/15/2025,22-Aug-25,,SkyFreight,North,Central,North-Central,Road,1100,Customs,In Transit,1126.62,Express
SHP000153,04/19/2025,22-04-2025,26-04-2025,30-04-2025,RoadRunner,Central,South,Central-South,Road,310,Weather,Delivered,507.44,Economy
SHP001070,07-Feb-25,02-09-2025,16-02-2025,,MetroLogix,West,East,West-East,Road,1570,Vehicle Issue,Cancelled,1805.97,Express
SHP003680,30-08-2025,01-09-2025,06-09-2025,06-09-2025,MetroLogix,South,Central,South-Central,Road,800,,Delivered,699.54,Economy
SHP003784,21-Oct-25,22-Oct-25,27-Oct-25,,SkyFreight,North,East,North-East, road ,810,Customs,In Transit,909.61,Express
SHP001755,25-Jun-25,29-Jun-25,03-07-2025,07-04-2025,SkyFreight,West,North,West-North,Road,200,Weather,Delivered,289.96,Standard
SHP003992,17-03-2025,20-Mar-25,24-Mar-25,,ParcelPro,South,West,South-West,Road,880,Warehouse Backlog,In Transit,1298.87,Economy
SHP003831,16-Jun-25,17-06-2025,06/22/2025,06/29/2025,MetroLogix,West,South,West-South,Road,1230,Capacity Constraint,Delivered,1433.41,Standard
SHP003371,09/15/2025,18-09-2025,22-Sep-25,09/25/2025,MetroLogix,West,South,West-South,Road,810,Customs,Delivered,992.31,Standard
SHP003261,21-12-2025,12/23/2025,25-12-2025,24-12-2025,SkyFreight,North,East,North-East,Road,240,,Delivered,280.56,Express
SHP002861,28-Jun-25,06/29/2025,05-07-2025,12-07-2025,RoadRunner,West,East,West-East,Road,1220,Weather,Delivered,1397.24,Standard
SHP005586,07-09-2025,08-Sep-25,13-09-2025,13-Sep-25,ParcelPro,South,Central,South-Central,Road,710,,Delivered,864.41,Express
SHP001005,08-Jan-25,01-10-2025,01/20/2025,01/22/2025,SkyFreight,North,West,North-West,Road,1970,Customs,Delivered,2344.94,Economy
SHP003015,05-Aug-25,08-07-2025,15-Aug-25,15-Aug-25,SwiftShip,West,Central,West-Central,Road,2110,,Delivered,2519.42,Express
SHP004636,16-Dec-25,19-Dec-25,12/26/2025,12/27/2025,RoadRunner,East,Central,East-Central,Rail,2380,Weather,Delivered,2064.12,Express
SHP001733,31-Dec-25,02-Jan-26,07-01-2026,11-01-2026,MetroLogix,Central,South,Central-South,Road,540,Warehouse Backlog,Delivered,779.08,Economy
SHP004808,30-Mar-25,01-04-2025,06-04-2025,11-04-2025,SkyFreight,West,Central,West-Central,Road,1250,Warehouse Backlog,Delivered,1554.26,Standard
SHP005632,05-10-2025,10-09-2025,10/15/2025,16-Oct-25,ParcelPro,Central,East,Central-East,Rail,1580,Warehouse Backlog,Delivered,1626.77,Standard
SHP005799,11/19/2025,11/20/2025,22-Nov-25,29-Nov-25,ParcelPro,North,Central,North-Central,Road,380,Traffic,Delivered,507.55,Standard
SHP003401,09-07-2025,09-09-2025,17-09-2025,09/17/2025,SkyFreight,North,Central,North-Central, road ,2190,,Delivered,1944.73,Economy
SHP005723,06-11-2025,14-06-2025,21-06-2025,06/21/2025,SkyFreight,South,East,South-East,Road,1460,,Delivered,1479.57,Express
SHP006490,05-07-2025,07-08-2025,16-Jul-25,14-07-2025,ParcelPro,South,East,South-East,Rail,2270,,Delivered,2058.08,Standard
SHP002854,03-08-2025,04-08-2025,08-09-2025,08-08-2025,SkyFreight,North,East,North-East,Road,1210,,Delivered,1476.12,Economy
SHP005726,13-11-2025,11/16/2025,20-11-2025,19-Nov-25,ParcelPro,East,Central,East-Central,Air,170,,Delivered,393.4,Express
SHP000900,18-02-2025,19-02-2025,02/22/2025,,RoadRunner,South,West,South-West,Road,170,,Cancelled,270.54,Economy
SHP003456,09/28/2025,30-Sep-25,02-Oct-25,09/30/2025,SwiftShip,Central,North,Central-North,Road,150,,Delivered,270.29,Economy
SHP005781,01/21/2025,22-01-2025,27-01-2025,26-Jan-25,MetroLogix,North,South,North-South,Road,550,,Delivered,818.99,Express
SHP003774,26-05-2025,28-May-25,31-05-2025,31-05-2025,SwiftShip,North,South,North-South,Air,1620,,Delivered,3393.22,Standard
SHP004198,09-Mar-25,03-10-2025,17-Mar-25,18-03-2025,ParcelPro,Central,,Central-West,Road,1580,Warehouse Backlog,Undelivered,1636.39,Standard
SHP000569,24-Mar-25,27-Mar-25,04-02-2025,02-04-2025,RoadRunner,North,Central,North-Central,Road,770,,Delivered,1123.38,Standard
SHP002548,11-Apr-25,13-04-2025,21-04-2025,04/24/2025,RoadRunner,Central,South,Central-South,Road,1560,Capacity Constraint,Delivered,1752.13,Standard
SHP002260,30-Jul-25,07/31/2025,04-08-2025,04-08-2025,SkyFreight,North,Central,North-Central,Road,250,,Delivered,338.49,Standard
SHP004767,05/14/2025,16-05-2025,18-05-2025,,ParcelPro,East,North,East-North,Rail,540,Warehouse Backlog,Cancelled,417.67,Economy
SHP004793,08-Sep-25,11-Sep-25,21-09-2025,10-01-2025,RoadRunner,North,South,North-South,Road,"2,260 km",Customs,Delivered,3244.78,Express
SHP003758,11/15/2025,11/16/2025,21-Nov-25,21-11-2025,SwiftShip,West,South,West-South,Road,740,,Delivered,1123.04,Express
SHP005372,24-Sep-25,27-09-2025,10-06-2025,10-06-2025,RoadRunner,West,Central,Unknown-Route,Road,1760,,Delivered,2158.34,Express
SHP004779,03/31/2025,04-01-2025,05-Apr-25,,ParcelPro,North,South,North-South,Road,770,Vehicle Issue,In Transit,1099.51,Express
SHP003213,23-10-2025,26-Oct-25,31-Oct-25,11-02-2025,MetroLogix,North,West,North-West,Rail,1130,Capacity Constraint,Delivered,1221.48,Economy
SHP003486,25-01-2025,01/28/2025,07-02-2025,,MetroLogix,South,East,South-East,Road,2060,Weather,Cancelled,2694.55,Standard
SHP004411,16-06-2025,06/19/2025,22-Jun-25,06/26/2025,MetroLogix,South,East,South-East,Road,560,Traffic,Delivered,551.89,Express
SHP003741,23-Nov-25,24-Nov-25,27-11-2025,11/27/2025,RoadRunner,West,Central,West-Central,Road,390,,Delivered,498.01,Standard
SHP004059,06-04-2025,07-Jun-25,06-12-2025,17-06-2025,MetroLogix,East,Central,East-Central,Air,2120,Warehouse Backlog,Delivered,2868.88,Economy
SHP003176,17-Sep-25,20-09-2025,29-Sep-25,29-09-2025,RoadRunner,West,South,West-South,Road,2170,,Delivered,1553.57,Economy
SHP005301,02/13/2025,16-02-2025,21-Feb-25,20-Feb-25,SkyFreight,North,South,North-South,Road,1200,,Delivered,1493.81,Economy
SHP002534,04/23/2025,04/25/2025,05-01-2025,01-05-2025,SkyFreight,North,West,North-West,Road,1020,,Delivered,1084.53,Economy
SHP000471,09/25/2025,09/27/2025,10-01-2025,30-Sep-25,MetroLogix,Central,East,Central-East,Road,230,,Delivered,363.75,Economy
SHP005324,20-09-2025,23-09-2025,01-Oct-25,10-01-2025,SkyFreight,West,South,West-South,Road,1610,,Delivered,1323.47,Economy
SHP001976,03/19/2025,21-03-2025,23-03-2025,21-03-2025,SwiftShip,North,Central,North-Central,Air,950,,Delivered,1201.82,Express
SHP001314,02-07-2025,04-07-2025,15-Jul-25,14-Jul-25,ParcelPro,Central,South,Central-South,Road,2280,,Delivered,1623.79,Standard
SHP000992,23-05-2025,26-05-2025,03-06-2025,,RoadRunner,North,East,North-East,Road,2180,Vehicle Issue,In Transit,2822.15,Standard
SHP004744,10-12-2025,12-12-2025,16-Dec-25,14-12-2025,SwiftShip,South,Central,South-Central,Air,1230,,Delivered,2321.67,Standard
SHP000303,03/21/2025,03/22/2025,03/27/2025,06-Apr-25,ParcelPro,South,North,South-North,Road,840,Weather,Delivered,860.81,Economy
SHP002286,05/23/2025,26-05-2025,31-05-2025,,RoadRunner,South,North,South-North,Road,530,,Cancelled,818.02,Economy
SHP003114,08-04-2025,04-10-2025,13-Apr-25,14-Apr-25,ParcelPro,East,South,East-South,Road,390,Warehouse Backlog,Delivered,627.09,Standard
SHP000843,17-Oct-25,19-Oct-25,10/27/2025,11-01-2025,SwiftShip,Central,South,Central-South,Road,1630,Traffic,Delivered,1858.7,Express
SHP002348,16-Sep-25,17-Sep-25,23-Sep-25,23-Sep-25,SkyFreight,North,Central,North-Central,Rail,1080,,Delivered,1155.37,Express
SHP000403,21-Dec-25,24-Dec-25,31-12-2025,12/29/2025,RoadRunner,West,North,West-North,Road,1770,,Delivered,2379.39,Express
SHP005226,19-Oct-25,21-10-2025,26-Oct-25,10/26/2025,MetroLogix,East,West,East-West,Road,1000,,Delivered,1429.54,Economy
SHP006059,02-Oct-25,10-04-2025,10-08-2025,18-10-2025,ParcelPro,East,West,East-West,Rail,1200,Warehouse Backlog,Delivered,1303.34,Express
SHP000353,01/24/2025,01/26/2025,01/30/2025,02-02-2025,SwiftShip,Central,West,Central-West,Air,1880,Warehouse Backlog,Delivered,2440.27,Economy
SHP004211,18-11-2025,11/19/2025,24-11-2025,11/24/2025,SkyFreight,South,West,South-West,Road,980,,Delivered,1398.01,Express
SHP004019,04-Jul-25,07-07-2025,07/16/2025,07/15/2025,RoadRunner,South,East,South-East,Road,1720,,Delivered,2341.87,Express
SHP004633,08/24/2025,26-Aug-25,30-Aug-25,01-09-2025,MetroLogix,North,South,North-South,Air,2020,Customs,Delivered,3080.71,Express
SHP005242,11-Jun-25,06/14/2025,06/16/2025,15-Jun-25,SwiftShip,East,North,East-North,Rail,180,,Delivered,244.95,Economy
SHP003543,10-03-2025,07-10-2025,09-Oct-25,07-10-2025,SwiftShip,South,East,South-East,Air,240,,Delivered,517.28,Economy
SHP006285,09/22/2025,25-09-2025,27-Sep-25,09/25/2025,SkyFreight,Central,West,Central-West,Road,440,,Delivered,524.77,Express
SHP002574,04-03-2025,04-04-2025,04-08-2025,08-04-2025,MetroLogix,North,West,North-West,Rail,1390,,Delivered,888.49,Economy
SHP003902,07/24/2025,07/25/2025,08-01-2025,03-Aug-25,SwiftShip,North,South,North-South,Road,1650,Customs,Delivered,2241.28,Express
SHP001798,22-Aug-25,24-08-2025,09-01-2025,01-09-2025,ParcelPro,North,East,North-East,Road,1880,,Delivered,1790.07,Express
SHP006146,23-07-2025,07/25/2025,29-07-2025,07/31/2025,RoadRunner,West,East,West-East,Road,520,Customs,Delivered,587.87,Standard
SHP000745,08-Sep-25,09-10-2025,17-09-2025,09/18/2025,SkyFreight,East,North,East-North,Road,1330,Customs,Delivered,1365.33,Standard
SHP000470,28-11-2025,30-Nov-25,12-06-2025,12-06-2025,MetroLogix,West,Central,West-Central,Road,1460,,Delivered,1367.93,Standard
SHP005415,19-Jul-25,21-Jul-25,23-07-2025,21-07-2025,SwiftShip,North,Central,North-Central,Road,300,,Delivered,476.53,Economy
SHP000245,03/22/2025,03/24/2025,31-03-2025,31-12-2024,ParcelPro,South,Central,South-Central,Road,1370,,Delivered,1546.13,Standard
SHP004831,08-11-2025,11-09-2025,17-11-2025,17-Nov-25,SkyFreight,West,Central,West-Central, road ,2210,,Delivered,1699.02,Standard
SHP001840,05-04-2025,05-May-25,09-05-2025,05/13/2025,MetroLogix,West,North,West-North,Road,700,Weather,Delivered,842.15,Economy
SHP002252,21-10-2025,23-10-2025,26-10-2025,27-10-2025,ParcelPro,East,North,East-North,Rail,830,Capacity Constraint,Delivered,659.77,Express
SHP005243,27-07-2025,29-Jul-25,06-08-2025,08-08-2025,SwiftShip,West,East,West-East,Road,1370,Weather,Delivered,1980.6,Standard
SHP002758,14-Aug-25,08/15/2025,18-08-2025,19-Aug-25,ParcelPro,East,South,East-South,Rail,420,Customs,Delivered,450.92,Standard
SHP000208,29-Dec-25,02-Jan-26,01-05-2026,05-01-2026,ParcelPro,Central,North,Central-North,Air,2200,,Delivered,4565.37,Economy
SHP006173,11-10-2025,12-10-2025,21-10-2025,26-Oct-25,MetroLogix,East,North,East-North,Road,2210,Vehicle Issue,Delivered,3161.51,Express
SHP003296,22-11-2025,24-11-2025,12-01-2025,12-01-2025,MetroLogix,South,East,South-East,Road,1050,,Delivered,1462.86,Economy
SHP003709,08-02-2025,10-02-2025,02/17/2025,19-Feb-25,SkyFreight,East,Central,East-Central,Road,1270,Weather,Delivered,1650.68,Express
SHP002578,11-08-2025,12-Aug-25,08/17/2025,17-08-2025,ParcelPro,Central,North,Central-North,Road,760,,Delivered,629.23,Economy
SHP002823,19-Aug-25,22-Aug-25,27-Aug-25,,SwiftShip,West,South,West-South,Air,2350,Customs,In Transit,5237.11,Economy
SHP004287,27-Jun-25,28-06-2025,07-08-2025,06-Jul-25,SkyFreight,West,North,West-North,Road,2120,,Delivered,2989.72,Express
SHP005769,25-Jun-25,26-06-2025,07-04-2025,07-04-2025,SwiftShip,East,North,East-North,Road,1670,,Delivered,1557.65,Express
SHP002232,04-Nov-25,05-11-2025,08-Nov-25,15-11-2025,RoadRunner,South,Central,South-Central,Rail,380,Warehouse Backlog,Delivered,459.59,Economy
SHP000151,18-Mar-25,19-03-2025,24-Mar-25,24-Mar-25,RoadRunner,Central,North,Central-North,Road,1130,,Delivered,1015.91,Economy
SHP001829,11-05-2025,07-11-2025,10-11-2025,09-11-2025,SwiftShip,South,Central,South-Central,Air,1910,,Delivered,4375.84,Express
SHP004186,11/28/2025,30-Nov-25,03-Dec-25,10-Dec-25,ParcelPro,East,North,East-North,Air,600,Traffic,Delivered,1101.54,Economy
SHP006415,09/15/2025,18-09-2025,09/25/2025,,SkyFreight,West,Central,West-Central,Road,1060,Vehicle Issue,In Transit,1501.54,Economy
SHP006434,28-08-2025,08/31/2025,09-06-2025,06-Sep-25,MetroLogix,South,North,South-North,Road,860,,Delivered,649.35,Economy
SHP004492,24-06-2025,06/27/2025,29-06-2025,02-Jul-25,SwiftShip,South,East,South-East,Road,210,Vehicle Issue,Delivered,251.84,Economy
SHP003842,11-Jan-25,01/14/2025,23-Jan-25,01/23/2025,MetroLogix,West,North,West-North,Road,1740,,Delivered,2073.09,Economy
SHP004835,02-07-2025,08-02-2025,14-02-2025,15-02-2025,RoadRunner,North,Central,North-Central,Rail,1630,Traffic,Delivered,1047.4,Express
SHP000104,12-02-2025,04-Dec-25,12-11-2025,,SkyFreight,East,South,East-South,Rail,2020,Customs,Cancelled,1931.96,Standard
SHP005034,18-Sep-25,22-09-2025,09/24/2025,26-09-2025,ParcelPro,Central,West,Central-West,Road,250,Warehouse Backlog,Delivered,357.16,Express
SHP000317,02-Feb-25,04-Feb-25,12-02-2025,02-11-2025,ParcelPro,Central,South,Central-South,Road,1390,,Delivered,1108.66,Standard
SHP003811,01-Feb-25,03-02-2025,09-02-2025,07-02-2025,MetroLogix,South,East,South-East,Road,1050,,Delivered,1170.29,Express
SHP001725,30-11-2025,02-Dec-25,07-12-2025,07-Dec-25,MetroLogix,North,South,North-South,Road,460,,Delivered,599.89,Express
SHP005488,25-Jan-25,01/27/2025,31-01-2025,02-Feb-25,SwiftShip,South,West,South-West,Road,390,Customs,Delivered,505.2,Economy
SHP003870,15-05-2025,19-May-25,05/22/2025,25-May-25,RoadRunner,South,East,South-East,Road,510,Customs,Delivered,546.72,Express
SHP000062,15-Jan-25,01/16/2025,19-Jan-25,19-01-2025,RoadRunner,East,South,East-South,Road,490,,Delivered,472.84,Economy
SHP003945,09-Oct-25,10-10-2025,20-Oct-25,10/27/2025,RoadRunner,North,East,North-East,Road,2050,Customs,Delivered,1446.33,Economy
SHP002644,30-Mar-25,01-04-2025,06-04-2025,,RoadRunner,East,West,East-West,Rail,1330,Traffic,In Transit,978.08,Standard
SHP006000,11/13/2025,17-11-2025,11/20/2025,11/19/2025,SkyFreight,North,East,North-East,Road,150,,Delivered,201.54,Standard
SHP005486,01/31/2025,02-Feb-25,11-Feb-25,11-Feb-25,SwiftShip,South,West,South-West,Rail,2300,,Delivered,1710.26,Economy
SHP003447,17-08-2025,20-Aug-25,26-Aug-25,02-09-2025,RoadRunner,Central,West,Central-West,Road,1160,Capacity Constraint,Delivered,1145.48,Express
SHP005214,09-May-25,13-May-25,23-05-2025,25-05-2025,SwiftShip,West,East,West-East,Road,2070,Traffic,Delivered,1956.79,Express
SHP005854,19-Jul-25,07/20/2025,28-Jul-25,07/28/2025,ParcelPro,East,Central,East-Central,Road,1950,,Delivered,2670.32,Standard
SHP000607,19-Nov-25,22-11-2025,28-Nov-25,,SkyFreight,South,East,South-East,Road,1400,,Cancelled,1304.14,Standard
SHP002659,06-Dec-25,10-Dec-25,14-12-2025,12/14/2025,SwiftShip,North,West,North-West,Air,1590,,Delivered,2849.16,Express
SHP000083,27-09-2025,29-09-2025,10-01-2025,09/30/2025,SkyFreight,East,North,East-North,Rail,260,,Delivered,265.84,Economy
SHP003626,08-01-2025,08-02-2025,08-07-2025,,RoadRunner,Central,West,Central-West,Road,1190,,Cancelled,1018.26,Economy
SHP001276,18-08-2025,08/20/2025,08/27/2025,08/26/2025,SkyFreight,Central,West,Central-West,Road,1800,,Delivered,1574.78,Express
SHP006412,10/17/2025,10/19/2025,10/25/2025,30-Oct-25,ParcelPro,East,North,East-North,Rail,1490,Weather,Delivered,1313.09,Express
SHP006133,07/30/2025,08-01-2025,05-08-2025,08-05-2025,RoadRunner,North,East,North-East,Road,280,,Delivered,313.38,Standard
SHP005212,15-05-2025,05/17/2025,22-May-25,01-06-2025,RoadRunner,West,East,West-East,Air,1480,Customs,Delivered,2929.31,Express
SHP004417,26-10-2025,29-10-2025,06-11-2025,06-Nov-25,ParcelPro,East,North,East-North,Rail,2020,,Delivered,2287.72,Standard
SHP002171,20-Jul-25,22-Jul-25,24-07-2025,24-Jul-25,SwiftShip,East,North,East-North,Air,1190,,Delivered,2233.86,Standard
SHP004513,03-12-2025,14-Mar-25,03/17/2025,21-03-2025,SkyFreight,West,East,West-East,Air,1440,Warehouse Backlog,Delivered,2553.52,Express
SHP005616,05-11-2025,13-May-25,19-May-25,19-May-25,SkyFreight,South,Central,South-Central,Road,880,,Delivered,1022.65,Economy
SHP005978,10/19/2025,21-10-2025,10/28/2025,28-Oct-25,RoadRunner,North,Central,North-Central,Rail,1690,,Delivered,1247.36,Economy
SHP004646,03-11-2025,03/15/2025,03/21/2025,28-03-2025,ParcelPro,West,North,West-North,Rail,1150,Customs,Delivered,753.24,Economy
SHP002384,09-09-2025,11-Sep-25,19-Sep-25,22-Sep-25,SkyFreight,West,South,West-South,Road,1620,Customs,Delivered,1391.22,Economy
SHP006242,05-Aug-25,08-08-2025,16-08-2025,08/18/2025,SwiftShip,North,Central,North-Central,Road,1760,Capacity Constraint,Delivered,2041.51,Express
SHP003042,02-02-2025,02-05-2025,02-09-2025,13-02-2025,SwiftShip,East,South,East-South,Rail,550,Warehouse Backlog,Delivered,375.04,Express
SHP005828,10/29/2025,31-Oct-25,05-11-2025,06-11-2025,SkyFreight,East,Central,East-Central,Road,790,Capacity Constraint,Delivered,706.92,Express
SHP004619,06-09-2025,06-11-2025,20-Jun-25,,ParcelPro,South,Central,South-Central,Road,2290,Customs,In Transit,2430.64,Standard
SHP000034,19-Jul-25,22-Jul-25,25-Jul-25,07/25/2025,MetroLogix,Central,East,Central-East,Road,130,,Delivered,226.98,Standard
SHP002084,26-Dec-25,12/27/2025,29-Dec-25,12/29/2025,SwiftShip,Central,East,Central-East,Air,890,,Delivered,1222.13,Economy
SHP004922,05-06-2025,08-Jun-25,11-06-2025,11-Jun-25,ParcelPro,East,Central,East-Central,Air,590,,Delivered,988.83,Economy
SHP006197,10-10-2025,10-11-2025,15-10-2025,10/16/2025,ParcelPro,North,South,North-South,Rail,580,Warehouse Backlog,Delivered,519.98,Standard
SHP005361,01/25/2025,26-01-2025,03-Feb-25,03-02-2025,SkyFreight,South,East,South-East, road ,1750,,Delivered,1828.28,Standard
SHP004919,02/24/2025,26-02-2025,02/28/2025,02/28/2025,SwiftShip,East,Central,East-Central,Air,310,,Delivered,458.94,Express
SHP005101,10-04-2025,12-04-2025,18-Apr-25,04/17/2025,MetroLogix,South,Central,South-Central,Road,1520,,Delivered,1861.21,Standard
SHP005771,13-Oct-25,14-Oct-25,10/20/2025,25-10-2025,SkyFreight,West,South,West-South,Road,1400,Capacity Constraint,Delivered,1339.64,Standard
SHP005448,11-02-2025,02/15/2025,18-Feb-25,18-Feb-25,ParcelPro,North,West,North-West,Road,130,,Delivered,251.89,Economy
SHP000999,31-12-2025,02-01-2026,05-01-2026,01-09-2026,MetroLogix,Central,North,Central-North,Air,370,Warehouse Backlog,Delivered,848.46,Economy
SHP000488,26-Jul-25,28-Jul-25,05-08-2025,08-08-2025,RoadRunner,West,Central,West-Central,Rail,2120,Vehicle Issue,Delivered,1648.51,Economy
SHP003075,17-11-2025,11/20/2025,11/25/2025,,SkyFreight,Central,South,Central-South,Road,960,,In Transit,1053.19,Standard
SHP005808,17-12-2025,12/18/2025,22-12-2025,01-01-2026,MetroLogix,South,Central,South-Central,Air,220,Warehouse Backlog,Delivered,510.29,Economy
SHP004759,18-03-2025,20-Mar-25,26-03-2025,03/26/2025,ParcelPro,West,East,West-East,Rail,1690,,Delivered,1837.59,Economy
SHP003534,02-01-2025,05-01-2025,14-01-2025,01/13/2025,RoadRunner,East,Central,East-Central,Road,1810,,Delivered,2336.49,Standard
SHP003915,09-Jun-25,06-11-2025,06/21/2025,06/21/2025,MetroLogix,East,Central,East-Central,Road,2280,,Delivered,3133.15,Standard
SHP005755,24-06-2025,06/27/2025,01-07-2025,06-Jul-25,SkyFreight,East,South,East-South,Rail,760,Weather,Delivered,498.14,Economy
SHP001886,23-Aug-25,24-08-2025,27-08-2025,06-Sep-25,ParcelPro,Central,South,Central-South, road ,360,Traffic,Delivered,383.33,Standard
SHP000795,14-08-2025,08/16/2025,21-08-2025,08/23/2025,ParcelPro,East,West,East-West,Air,2060,Capacity Constraint,Delivered,2739.13,Express
SHP003718,31-03-2025,04-02-2025,12-Apr-25,12-04-2025,ParcelPro,Central,South,Central-South,Road,2390,,Delivered,1874.3,Standard
SHP002207,08/26/2025,08/27/2025,01-09-2025,09-02-2025,SwiftShip,South,West,South-West,Road,970,Customs,Delivered,1036.25,Economy
SHP006149,14-02-2025,02/16/2025,02/25/2025,25-Feb-25,SkyFreight,South,North,South-North,Road,2220,,Delivered,1741.11,Express
SHP004118,26-Sep-25,30-Sep-25,11-Oct-25,10-09-2025,SwiftShip,West,East,West-East,Road,2300,,Delivered,3123.74,Economy
SHP004002,10/24/2025,10/25/2025,28-10-2025,10/28/2025,SkyFreight,Central,South,Central-South,Air,620,,Delivered,1362,Economy
SHP001228,16-Aug-25,18-Aug-25,08/20/2025,,SkyFreight,West,Central,West-Central,Air,1160,Capacity Constraint,In Transit,2595.55,Standard
SHP003649,04-12-2025,07-Dec-25,14-Dec-25,12/24/2025,MetroLogix,Central,West,Central-West,Rail,1440,Capacity Constraint,Delivered,831.16,Express
SHP004678,16-Mar-25,17-03-2025,27-Mar-25,03/25/2025,MetroLogix,East,North,East-North,Road,2180,,Delivered,2301.25,Express
SHP005556,21-01-2025,22-Jan-25,01-02-2025,02-02-2025,SwiftShip,East,Central,East-Central,Road,2250,Customs,Delivered,2650.78,Economy
SHP003394,28-Jul-25,31-Jul-25,08-08-2025,08-08-2025,SkyFreight,South,West,South-West,Road,1490,,Delivered,1321.05,Standard
SHP000578,01/18/2025,19-Jan-25,01/23/2025,25-Jan-25,RoadRunner,South,Central,South-Central,Air,560,Capacity Constraint,Undelivered,772.78,Express
SHP001662,05/23/2025,24-05-2025,29-05-2025,28-May-25,MetroLogix,Central,West,Central-West,Air,1710,,Delivered,2946.45,Express
SHP005501,25-01-2025,01/26/2025,29-01-2025,29-01-2025,RoadRunner,Central,West,Central-West,Air,1300,,Delivered,2919.74,Economy
SHP001038,28-07-2025,31-07-2025,04-08-2025,09-Aug-25,MetroLogix,East,West,East-West,Air,1390,Vehicle Issue,Delivered,3157.2,Standard
SHP001884,19-12-2025,21-12-2025,12/27/2025,27-12-2025,SkyFreight,East,North,East-North,Road,840,,Delivered,801.45,Express
SHP000798,03/21/2025,24-Mar-25,30-Mar-25,01-Apr-25,MetroLogix,West,North,West-North,Road,1100,Traffic,Delivered,814.96,Economy
SHP001717,05-05-2025,06-May-25,05-12-2025,15-05-2025,SwiftShip,South,West,South-West,Road,1300,Customs,Delivered,1343.09,Standard
SHP005724,02-Apr-25,03-04-2025,06-Apr-25,11-04-2025,RoadRunner,Central,West,Central-West,Air,1420,Warehouse Backlog,Delivered,3061.59,Standard
SHP005750,29-Apr-25,01-May-25,05-May-25,04-05-2025,ParcelPro,West,East,West-East,Air,1260,,Delivered,2615.52,Express
SHP003146,05-03-2025,07-03-2025,03/13/2025,03/16/2025,MetroLogix,South,West,South-West,Road,980,Traffic,Delivered,1387.64,Standard
SHP001206,08-Oct-25,12-10-2025,16-Oct-25,,MetroLogix,Central,West,Central-West,Rail,1340,Warehouse Backlog,Cancelled,1448.42,Standard
SHP004390,10-03-2025,03-12-2025,17-03-2025,17-Mar-25,SwiftShip,Central,North,Central-North,Road,1070,,Delivered,1290.81,Express
SHP002345,09-Feb-25,10-02-2025,13-Feb-25,11-02-2025,ParcelPro,South,West,South-West,Road,480,,Delivered,514.1,Standard
SHP002097,15-Dec-25,18-Dec-25,12/22/2025,22-12-2025,SkyFreight,North,East,North-East,Air,1890,,Delivered,3827.34,Economy
SHP001827,05-07-2025,07-Jul-25,12-07-2025,12-07-2025,SkyFreight,North,East,North-East,Road,760,,Delivered,598.82,Express
SHP000642,02-09-2025,02-12-2025,17-02-2025,02/19/2025,RoadRunner,Central,West,Central-West,Air,2220,Traffic,Delivered,5186.28,Economy
SHP000598,06/19/2025,22-Jun-25,25-Jun-25,25-Jun-25,SkyFreight,West,North,West-North,Rail,800,,Delivered,555.24,Economy
SHP004968,07-04-2025,07-05-2025,10-Jul-25,10-07-2025,SwiftShip,West,Central,West-Central,Rail,1470,,Delivered,1159.86,Standard
SHP004681,19-Apr-25,22-Apr-25,02-May-25,06-May-25,RoadRunner,East,West,Unknown-Route,Road,2250,Capacity Constraint,Delivered,2694.37,Standard
SHP004730,08-02-2025,02-10-2025,02/17/2025,02/27/2025,MetroLogix,North,West,North-West,Road,1600,Traffic,Delivered,1202.85,Economy
SHP002509,03-03-2025,03-05-2025,03-08-2025,08-03-2025,SwiftShip,West,Central,West-Central,Air,390,,Delivered,999.81,Standard
SHP004173,19-Oct-25,22-Oct-25,26-10-2025,02-11-2025,ParcelPro,West,South,West-South,Air,2330,Warehouse Backlog,Delivered,4673.46,Standard
SHP000523,12-04-2025,04/14/2025,20-Apr-25,30-04-2025,ParcelPro,West,South,West-South,Road,1530,Weather,Delivered,2038.58,Standard
SHP004450,08-08-2025,08-10-2025,16-08-2025,16-08-2025,RoadRunner,North,South,North-South,Rail,2170,,Delivered,2326.77,Economy
SHP002631,09-04-2025,04-10-2025,14-04-2025,18-Apr-25,SkyFreight,East,South,East-South,Road,790,Vehicle Issue,Delivered,721.94,Standard
SHP002077,08-01-2025,03-08-2025,12-Aug-25,08/14/2025,SwiftShip,North,East,North-East,Road,2040,Vehicle Issue,Delivered,1806.06,Standard
SHP005387,09-02-2025,02-10-2025,15-Feb-25,02/16/2025,RoadRunner,South,Central,South-Central,Air,2310,Capacity Constraint,Delivered,4449.04,Express
SHP000234,26-Apr-25,28-Apr-25,05-06-2025,05-07-2025,ParcelPro,North,South,North-South,Road,1400,Warehouse Backlog,Delivered,1764.22,Express
SHP002237,29-Nov-25,01-Dec-25,12-06-2025,04-12-2025,SwiftShip,North,East,North-East,Road,670,,Delivered,871.18,Standard
SHP004643,11/16/2025,11/18/2025,20-11-2025,21-11-2025,ParcelPro,Central,West,Central-West,Air,1130,Weather,Delivered,1788.02,Express
SHP005464,21-09-2025,23-Sep-25,09/26/2025,,ParcelPro,Central,East,Central-East, road ,180,Vehicle Issue,In Transit,298.11,Economy
SHP001967,02-01-2025,02-03-2025,02-08-2025,10-Feb-25,MetroLogix,West,North,West-North,Air,2030,Vehicle Issue,Delivered,2470.37,Economy
SHP005441,17-Jul-25,18-Jul-25,25-Jul-25,25-07-2025,MetroLogix,Central,East,Central-East,Road,1610,,Delivered,2214.6,Economy
SHP004592,04-03-2025,03-05-2025,12-03-2025,14-Mar-25,MetroLogix,North,South,North-South,Rail,2060,Weather,Delivered,1268.37,Standard
SHP004895,24-Mar-25,03/26/2025,03/29/2025,04-08-2025,SwiftShip,North,Central,North-Central,Air,570,Warehouse Backlog,Delivered,1120.94,Economy
SHP000860,16-07-2025,18-Jul-25,07/23/2025,24-07-2025,SwiftShip,Central,North,Central-North,Rail,600,Warehouse Backlog,Delivered,700.31,Economy
SHP002383,28-05-2025,29-05-2025,06-02-2025,02-06-2025,ParcelPro,East,South,East-South,Air,2080,,Delivered,2816.49,Express
SHP000535,02-Feb-25,02-04-2025,11-02-2025,12-02-2025,SwiftShip,West,Central,West-Central, road ,1270,Traffic,Delivered,1702.72,Standard
SHP001973,02-02-2025,03-02-2025,02-10-2025,02-09-2025,SwiftShip,Central,West,Central-West,Rail,2060,,Delivered,1944.55,Standard
SHP002240,09-10-2025,11-10-2025,17-Oct-25,10/17/2025,SkyFreight,Central,East,Central-East,Rail,2000,,Delivered,2008.73,Economy
SHP005535,03-10-2025,13-Mar-25,03/15/2025,15-Mar-25,SkyFreight,West,South,West-South,Road,320,,Delivered,480.08,Express
SHP003141,07-06-2025,06-08-2025,06-11-2025,06-09-2025,SwiftShip,West,North,West-North,Road,250,,Delivered,260.37,Standard
SHP003555,04/30/2025,02-May-25,09-05-2025,,SwiftShip,Central,West,Central-West,Rail,2250,,In Transit,2343.85,Express
SHP000812,28-12-2025,30-Dec-25,07-01-2026,,SwiftShip,North,Central,North-Central,Road,1750,,In Transit,1373.23,Express
SHP005797,22-06-2025,26-06-2025,06/30/2025,07-03-2025,MetroLogix,West,South,West-South,Air,1630,Vehicle Issue,Delivered,2033.69,Economy
SHP000692,18-Jan-25,20-01-2025,01/24/2025,24-01-2025,SwiftShip,Central,South,Central-South,Rail,1020,,Delivered,820.61,Economy
SHP002465,08/29/2025,01-09-2025,05-Sep-25,08-09-2025,ParcelPro,West,Central,West-Central,Road,130,Capacity Constraint,Undelivered,219.74,Economy
SHP005860,19-Mar-25,20-03-2025,03/28/2025,26-03-2025,MetroLogix,West,East,West-East,Road,1420,,Delivered,1647.51,Standard
SHP003317,04/13/2025,04/15/2025,19-04-2025,17-Apr-25,ParcelPro,East,Central,East-Central,Air,1430,,Delivered,2255.98,Standard
SHP000480,08/30/2025,09-02-2025,06-09-2025,09-08-2025,RoadRunner,West,North,West-North,Air,340,Weather,Delivered,874.51,Standard
SHP004796,15-May-25,05/17/2025,05/21/2025,05/26/2025,RoadRunner,North,South,North-South,Air,290,Customs,Delivered,447.12,Standard
SHP006208,02-09-2025,05-09-2025,09-10-2025,10-Sep-25,ParcelPro,South,West,South-West,Road,510,,Delivered,443.4,Express
SHP006187,02-04-2025,05-Feb-25,02-12-2025,19-Feb-25,RoadRunner,Central,South,Central-South,Road,1150,Warehouse Backlog,Delivered,888.24,Express
SHP004133,25-Jun-25,27-Jun-25,01-07-2025,01-07-2025,SkyFreight,East,Central,Unknown-Route,Road,840,,Delivered,658,Economy
SHP004168,08/15/2025,17-Aug-25,23-Aug-25,23-Aug-25,SkyFreight,Central,West,Unknown-Route,Rail,1840,,Delivered,1939.83,Economy
SHP004366,15-07-2025,07/18/2025,27-07-2025,26-07-2025,SkyFreight,North,Central,North-Central,Road,1980,,Delivered,2098.67,Standard
SHP004559,15-08-2025,17-08-2025,22-Aug-25,23-Aug-25,ParcelPro,East,North,East-North,Road,880,Traffic,Delivered,738.61,Express
SHP000445,02-02-2025,02-04-2025,02-08-2025,08-02-2025,RoadRunner,South,North,South-North,Air,770,,Delivered,968.05,Economy
SHP000354,19-Oct-25,10/21/2025,27-Oct-25,27-10-2025,ParcelPro,East,North,East-North,Road,980,,Delivered,1080.9,Express
SHP001111,29-04-2025,01-05-2025,05-04-2025,05-05-2025,ParcelPro,North,East,North-East,Road,270,Vehicle Issue,Delivered,349,Economy
SHP000141,04-10-2025,05-Oct-25,10-Oct-25,10-10-2025,MetroLogix,East,North,East-North,Rail,710,,Delivered,548.37,Standard
SHP004948,19-05-2025,22-May-25,27-05-2025,26-May-25,  SKYFREIGHT  ,East,West,East-West,Road,1300,,Delivered,1173.43,Express
SHP001988,08-10-2025,11-Oct-25,14-10-2025,10/13/2025,SwiftShip,South,West,South-West,Road,320,,Delivered,380.59,Express
SHP001863,17-Dec-25,19-12-2025,12/24/2025,28-Dec-25,SwiftShip,South,Central,South-Central,Rail,750,Traffic,Delivered,602.4,Express
SHP005113,28-Aug-25,08/30/2025,09-07-2025,10-09-2025,ParcelPro,East,Central,East-Central,Rail,2150,Customs,Undelivered,2284.38,Standard
SHP000434,16-01-2025,17-Jan-25,20-Jan-25,20-Jan-25,SkyFreight,East,West,East-West,Air,570,,Delivered,789.86,Express
SHP003377,22-10-2025,10/24/2025,27-10-2025,01-Nov-25,SkyFreight,East,Central,East-Central,Road,620,Customs,Delivered,645.12,Express
SHP000446,08-12-2025,14-08-2025,17-08-2025,19-08-2025,ParcelPro,East,North,East-North,Road,190,Capacity Constraint,Delivered,350.84,Standard
SHP001356,30-07-2025,08-01-2025,08-03-2025,10-Aug-25,ParcelPro,South,West,South-West,Air,140,Capacity Constraint,Delivered,271.19,Standard
SHP005215,10/16/2025,17-Oct-25,10/21/2025,10/24/2025,RoadRunner,East,North,East-North,Air,2170,Vehicle Issue,Delivered,4822.62,Economy
SHP001960,05-08-2025,05-10-2025,16-May-25,05/20/2025,RoadRunner,North,South,North-South,Road,990,Warehouse Backlog,Delivered,738.41,Economy
SHP002697,05-11-2025,08-Nov-25,15-11-2025,11/18/2025,RoadRunner,East,Central,East-Central,Road,1380,Customs,Delivered,1571,Express
SHP005067,11-06-2025,06/15/2025,24-06-2025,26-06-2025,SkyFreight,North,South,North-South,Road,1830,Traffic,Delivered,1877.94,Express
SHP001580,25-Nov-25,27-Nov-25,30-Nov-25,02-12-2025,SkyFreight,West,North,West-North,Air,870,Vehicle Issue,Delivered,1561.62,Economy
SHP001139,09-05-2025,09-08-2025,16-Sep-25,,RoadRunner,East,North,East-North,Road,1580,Capacity Constraint,Cancelled,1120.38,Standard
SHP003668,04-06-2025,04-09-2025,15-Apr-25,18-04-2025,ParcelPro,Central,North,Central-North,Road,1090,Warehouse Backlog,Delivered,1435.02,Express
SHP000467,25-01-2025,28-01-2025,02-02-2025,02-02-2025,SwiftShip,North,South,North-South,Air,1520,,Delivered,1942.45,Express
SHP001056,03/18/2025,03/19/2025,22-03-2025,22-Mar-25,SwiftShip,North,South,North-South,Air,2250,,Delivered,3822,Standard
SHP002328,03-Feb-25,05-Feb-25,11-02-2025,02-10-2025,ParcelPro,West,East,West-East,Rail,1470,,Delivered,1152.67,Economy
SHP004295,04-Oct-25,07-10-2025,10/16/2025,23-Oct-25,ParcelPro,North,East,North-East,Road,2360,Customs,Delivered,3359.57,Standard
SHP004127,08-12-2025,10-Dec-25,15-Dec-25,,MetroLogix,South,East,South-East,Rail,1400,Customs,Cancelled,1069.66,Express
SHP005312,10-Feb-25,13-02-2025,17-Feb-25,17-Feb-25,SkyFreight,North,East,North-East,Air,1610,,Delivered,2071.56,Standard
SHP005209,24-05-2025,27-05-2025,02-06-2025,06-02-2025,ParcelPro,North,South,North-South,Road,1280,,Delivered,1874.31,Standard
SHP002178,08-May-25,09-05-2025,16-May-25,,SkyFreight,North,South,North-South,Road,1790,,In Transit,2094.72,Economy
SHP000478,23-Oct-25,25-10-2025,10/28/2025,29-10-2025,SkyFreight,East,South,East-South,Rail,410,Customs,Delivered,336.57,Express
SHP003279,02/13/2025,02/14/2025,18-Feb-25,23-Feb-25,SkyFreight,South,Central,South-Central,Road,120,Warehouse Backlog,Delivered,228.8,Standard
SHP000265,29-May-25,06-01-2025,04-Jun-25,04-Jun-25,RoadRunner,North,East,North-East,Air,1240,,Delivered,1807.81,Express
SHP003049,09-Jun-25,12-Jun-25,14-Jun-25,14-Jun-25,SwiftShip,Central,North,Central-North,Air,780,,Delivered,1130.97,Standard
SHP004999,10-06-2025,11-06-2025,15-06-2025,17-Jun-25,RoadRunner,North,West,North-West,Road,310,Weather,Delivered,300.47,Standard
SHP000671,07-01-2025,03-07-2025,07-07-2025,07-07-2025,MetroLogix,West,Central,West-Central,Road,970,,Delivered,1253.03,Standard
SHP005928,03-Jul-25,04-Jul-25,11-07-2025,07-11-2025,RoadRunner,North,South,North-South,Road,1890,,Delivered,2433.24,Standard
SHP004836,04/24/2025,04/26/2025,05-07-2025,11-05-2025,RoadRunner,Central,East,Central-East,Road,2350,Weather,Delivered,2075.59,Standard
SHP000582,03-01-2025,05-Jan-25,01-10-2025,09-01-2025,SwiftShip,North,East,North-East,Road,640,,Delivered,546.61,Express
SHP004673,16-03-2025,17-03-2025,23-Mar-25,23-Mar-25,MetroLogix,East,Central,East-Central,Road,1160,,Delivered,1347.01,Economy
SHP002541,07-04-2025,04-10-2025,04/16/2025,04/19/2025,ParcelPro,North,West,North-West,Road,1630,Customs,Delivered,1700.86,Express
SHP005756,09/17/2025,09/19/2025,27-Sep-25,10-04-2025,SwiftShip,North,South,North-South,Rail,2380,Traffic,Delivered,1747.9,Standard
SHP004883,03-02-2025,05-02-2025,10-02-2025,09-Feb-25,SkyFreight,Central,West,Central-West,Road,1290,,Delivered,1309.74,Economy
SHP003147,27-May-25,28-May-25,02-06-2025,,SkyFreight,East,Central,East-Central,Road,480,,In Transit,715.33,Economy
SHP003633,05/29/2025,30-May-25,06-03-2025,06-03-2025,MetroLogix,East,Central,East-Central,Air,1630,,Delivered,3725.78,Economy
SHP003637,20-Aug-25,22-08-2025,27-Aug-25,26-Aug-25,SwiftShip,West,East,West-East,Road,460,,Delivered,710.25,Standard
SHP005208,02/18/2025,20-02-2025,03-Mar-25,03-10-2025,RoadRunner,North,East,North-East,Road,2350,Traffic,Delivered,2975.22,Standard
SHP002062,06-Apr-25,08-Apr-25,04/16/2025,17-04-2025,SwiftShip,Central,West,Central-West,Road,2190,Capacity Constraint,Delivered,1524.84,Standard
SHP000229,24-Apr-25,26-04-2025,01-May-25,05-02-2025,MetroLogix,South,North,South-North,Road,550,Capacity Constraint,Delivered,746.64,Express
SHP000881,07/31/2025,01-Aug-25,07-Aug-25,,MetroLogix,West,South,West-South,Rail,1800,Weather,In Transit,1733.35,Standard
SHP001601,25-12-2025,28-Dec-25,01-03-2026,08-01-2026,MetroLogix,North,Central,North-Central,Rail,1650,Weather,Delivered,1790.41,Economy
SHP004475,08-09-2025,09-Sep-25,14-09-2025,31-12-2024,ParcelPro,South,North,South-North,Road,1170,,Delivered,946.57,Express
SHP004781,01/29/2025,01/31/2025,11-Feb-25,10-02-2025,SkyFreight,Central,South,Central-South,Road,2350,,Delivered,3106.27,Economy
SHP002327,01/19/2025,21-Jan-25,25-Jan-25,28-Jan-25,ParcelPro,North,West,North-West,Road,940,Weather,Delivered,1049.63,Express
SHP003063,01-03-2025,06-01-2025,12-Jan-25,15-Jan-25,SwiftShip,Central,South,Central-South,Road,1080,Vehicle Issue,Delivered,921.65,Express
SHP000468,05/26/2025,28-May-25,04-06-2025,06-06-2025,RoadRunner,West,East,West-East,Road,1220,Traffic,Delivered,1491.95,Express
SHP002003,25-08-2025,08/26/2025,09-04-2025,11-09-2025,MetroLogix,West,North,West-North,Road,2190,Warehouse Backlog,Delivered,2767.22,Express
SHP004978,18-Nov-25,20-11-2025,22-11-2025,29-11-2025,MetroLogix,South,West,South-West,Air,300,Customs,Delivered,509.07,Standard
SHP000318,08-Mar-25,03-09-2025,11-03-2025,11-Mar-25,SwiftShip,East,North,East-North,Road,370,,Delivered,503.65,Express
SHP002945,15-Feb-25,17-Feb-25,21-Feb-25,21-Feb-25,ParcelPro,West,Central,West-Central,Air,2330,,Delivered,5391.87,Standard
SHP001550,02-12-2025,15-Feb-25,18-Feb-25,20-Feb-25,MetroLogix,South,North,South-North,Road,280,Weather,Delivered,411.52,Standard
SHP004116,02/19/2025,20-Feb-25,24-02-2025,02/27/2025,ParcelPro,West,South,West-South,Air,1800,Vehicle Issue,Delivered,2341.35,Economy
SHP005627,30-Nov-25,02-12-2025,06-12-2025,06-Dec-25,SkyFreight,South,Central,South-Central,Road,280,,Delivered,480.44,Express
SHP005901,08-02-2025,04-Aug-25,08-12-2025,22-Aug-25,SkyFreight,West,North,West-North,Road,1860,Traffic,Delivered,1581.83,Standard
SHP002791,05/27/2025,29-05-2025,06-Jun-25,06-07-2025,ParcelPro,South,West,South-West,Road,1430,Capacity Constraint,Delivered,1194.87,Express
SHP004374,18-May-25,05/19/2025,23-05-2025,24-05-2025,SkyFreight,East,Central,East-Central,Road,160,Traffic,Delivered,223.54,Economy
SHP004156,04/21/2025,22-04-2025,26-Apr-25,25-04-2025,SwiftShip,East,Central,East-Central,Road,980,,Delivered,870.1,Standard
SHP003957,08-09-2025,08-12-2025,14-08-2025,08/15/2025,SwiftShip,Central,East,Central-East,Air,480,Capacity Constraint,Delivered,1063.47,Express
SHP000097,03/24/2025,26-03-2025,03/30/2025,02-Apr-25,SkyFreight,Central,West,Central-West,Road,680,Customs,Delivered,722.72,Standard
SHP003501,13-06-2025,15-06-2025,25-06-2025,26-Jun-25,SwiftShip,South,West,South-West,Road,1970,Vehicle Issue,Delivered,1877.92,Express
SHP004540,07-Apr-25,10-Apr-25,16-Apr-25,17-04-2025,SwiftShip,North,South,North-South,Air,2310,Capacity Constraint,Delivered,5422.34,Economy
SHP001205,20-Dec-25,24-Dec-25,28-12-2025,26-12-2025,SkyFreight,West,East,West-East,Road,230,,Delivered,322.08,Standard
SHP003417,11-Jun-25,12-06-2025,16-06-2025,16-06-2025,SkyFreight,Central,North,Central-North,Road,600,,Delivered,574.58,Standard
SHP000910,10/17/2025,10/20/2025,10/22/2025,,ParcelPro,East,West,East-West,Road,290,,In Transit,329.62,Standard
SHP001807,12/22/2025,23-12-2025,29-12-2025,01-05-2026,MetroLogix,North,East,North-East,Road,930,Warehouse Backlog,Delivered,1192.43,Express
SHP002143,07-May-25,05-08-2025,13-05-2025,18-May-25,ParcelPro,West,Central,West-Central,Air,1580,Weather,Delivered,3759.6,Standard
SHP006336,09-08-2025,12-Aug-25,17-Aug-25,08/16/2025,MetroLogix,South,North,South-North,Air,1500,,Delivered,2866.48,Economy
SHP006121,08/23/2025,24-Aug-25,29-Aug-25,01-09-2025,ParcelPro,Central,West,Central-West,Road,780,Warehouse Backlog,Delivered,1133.53,Economy
SHP000020,10-11-2025,13-Oct-25,10/17/2025,22-10-2025,RoadRunner,East,North,East-North,Road,390,Warehouse Backlog,Delivered,544.59,Express
SHP005413,29-12-2025,31-Dec-25,05-Jan-26,05-01-2026,MetroLogix,West,North,West-North,Rail,890,,Delivered,657.92,Economy
SHP002896,10-Apr-25,11-Apr-25,18-04-2025,18-Apr-25,RoadRunner,Central,West,Central-West,Road,1620,,Delivered,2092.39,Economy
SHP005367,23-05-2025,05/24/2025,03-06-2025,03-06-2025,MetroLogix,East,North,East-North,Road,2130,,Delivered,3065.9,Express
SHP001771,30-10-2025,31-Oct-25,06-Nov-25,,RoadRunner,South,North,South-North,Road,1180,Weather,In Transit,877.27,Express
SHP003461,12-Jul-25,14-Jul-25,16-Jul-25,23-Jul-25,SwiftShip,North,West,North-West,Rail,510,Vehicle Issue,Delivered,437.71,Standard
SHP000136,04/16/2025,19-Apr-25,22-04-2025,21-Apr-25,MetroLogix,South,East,South-East,Road,260,,Delivered,349.16,Express
SHP001376,20-12-2025,22-12-2025,31-Dec-25,31-Dec-25,SwiftShip,North,East,North-East,Road,1930,,Delivered,1556.92,Express
SHP001342,11-12-2025,14-Nov-25,11/19/2025,19-Nov-25,RoadRunner,West,North,West-North,Road,1310,,Delivered,1324.45,Standard
SHP002196,17-12-2025,12/19/2025,21-12-2025,12/24/2025,ParcelPro,East,West,East-West,Air,890,Capacity Constraint,Delivered,1691.18,Standard
SHP003472,20-08-2025,21-Aug-25,30-08-2025,30-Aug-25,SkyFreight,Central,West,Central-West,Road,1740,,Delivered,2252.42,Economy
SHP003183,03-01-2025,03-Mar-25,06-03-2025,13-03-2025,RoadRunner,West,South,West-South,Road,420,Customs,Delivered,499.85,Economy
SHP000536,12-04-2025,13-04-2025,22-Apr-25,04/27/2025,ParcelPro,South,North,South-North,Road,1800,Warehouse Backlog,Delivered,1787.99,Express
SHP000272,18-Mar-25,20-03-2025,03/26/2025,26-Mar-25,ParcelPro,West,South,West-South,Road,1420,,Delivered,1741.63,Standard
SHP002206,13-09-2025,09/15/2025,23-Sep-25,09/24/2025,RoadRunner,West,East,West-East,Rail,2170,Customs,Delivered,2186.57,Economy
SHP001477,05-03-2025,07-May-25,12-May-25,22-May-25,SwiftShip,West,South,West-South,Road,1100,Warehouse Backlog,Delivered,806.2,Standard
SHP004639,10/25/2025,10/27/2025,02-Nov-25,07-11-2025,RoadRunner,West,North,West-North,Road,1530,Customs,Delivered,1540.41,Express
SHP001762,02/22/2025,02/23/2025,02/27/2025,03-09-2025,MetroLogix,West,North,West-North,Road,690,Capacity Constraint,Delivered,752.55,Standard
SHP004201,23-Feb-25,02/27/2025,04-Mar-25,04-03-2025,RoadRunner,South,Central,South-Central,Air,"2,260 km",,Delivered,2588.62,Standard
SHP003404,04-02-2025,03-04-2025,10-04-2025,09-04-2025,MetroLogix,North,Central,North-Central,Road,1230,,Delivered,1213.02,Express
SHP000821,26-01-2025,01/28/2025,31-Jan-25,05-02-2025,ParcelPro,South,West,South-West,Air,1630,Weather,Delivered,3463.57,Economy
SHP005250,25-Aug-25,29-08-2025,09-08-2025,09-08-2025,ParcelPro,North,East,North-East,Road,2170,,Delivered,2282.03,Express
SHP003797,30-09-2025,02-10-2025,07-10-2025,09-Oct-25,MetroLogix,South,Central,South-Central,Air,1490,Vehicle Issue,Delivered,3507.35,Standard
,28-Nov-25,30-11-2025,04-12-2025,12-04-2025,ParcelPro,West,North,West-North,Road,610,,Delivered,800.69,Economy
SHP000916,04/16/2025,17-04-2025,25-04-2025,02-05-2025,ParcelPro,Central,North,Central-North,Rail,2210,Warehouse Backlog,Delivered,1871.24,Standard
SHP005054,29-11-2025,12-03-2025,09-Dec-25,12-08-2025,MetroLogix,West,North,West-North,Road,1390,,Undelivered,1116.16,Economy
SHP003587,01-Jul-25,03-Jul-25,06-Jul-25,08-Jul-25,SwiftShip,East,South,East-South,Road,380,Customs,Delivered,384.25,Standard
SHP001864,06-Jan-25,01-07-2025,01/13/2025,01/14/2025,MetroLogix,West,North,West-North,Road,1590,Customs,Delivered,1204.06,Standard
SHP006444,05/15/2025,18-May-25,05/27/2025,03-06-2025,RoadRunner,South,West,South-West,Rail,2260,Vehicle Issue,Delivered,1923.43,Standard
SHP005838,02/19/2025,21-Feb-25,23-Feb-25,25-02-2025,SwiftShip,South,North,South-North,Air,1010,Capacity Constraint,Delivered,1386.35,Express
SHP006235,04-Sep-25,09-06-2025,13-09-2025,09/14/2025,SkyFreight,West,North,West-North,Road,1180,Capacity Constraint,Delivered,1364.84,Economy
SHP005637,05-09-2025,07-09-2025,09-10-2025,09-09-2025,,West,Central,West-Central,Air,2040,,Delivered,3777.33,Economy
SHP001784,26-07-2025,29-Jul-25,05-08-2025,15-Aug-25,RoadRunner,Central,South,Central-South,Road,1810,Capacity Constraint,Delivered,2167.27,Economy
SHP001870,13-09-2025,14-Sep-25,19-Sep-25,,SwiftShip,Central,North,Central-North,Road,500,Customs,In Transit,529.58,Standard
SHP002834,18-06-2025,22-Jun-25,26-06-2025,07-06-2025,ParcelPro,South,North,South-North,Road,430,Capacity Constraint,Delivered,459.57,Economy
SHP004261,30-Aug-25,02-Sep-25,09-11-2025,15-Sep-25,MetroLogix,Central,East,Central-East,Road,2170,Vehicle Issue,Delivered,2783.64,Standard
SHP002730,11/29/2025,11/30/2025,12-04-2025,08-12-2025,ParcelPro,East,Central,East-Central,Road,690,Vehicle Issue,Delivered,703.09,Standard
SHP000344,27-10-2025,10/30/2025,11-04-2025,03-11-2025,SkyFreight,Central,West,Central-West,Road,1270,,Delivered,1756.13,Economy
SHP003789,09/23/2025,26-Sep-25,09/30/2025,09/30/2025,SkyFreight,East,West,East-West,Air,1430,,Delivered,2625.85,Standard
SHP006100,24-Feb-25,26-02-2025,02-03-2025,03-03-2025,RoadRunner,Central,South,Central-South,Road,820,Customs,Delivered,1098.55,Express
SHP005042,10-Jul-25,07-12-2025,07/18/2025,17-Jul-25,SkyFreight,Central,South,Central-South,Road,1180,,Delivered,865.22,Economy
SHP004335,06/27/2025,01-07-2025,07-07-2025,,SwiftShip,North,East,North-East,Road,1050,,Delivered,1204.21,Express
SHP003408,09/29/2025,09/30/2025,10-04-2025,10-04-2025,ParcelPro,South,West,South-West,Air,170,,Delivered,434.66,Express
SHP000352,16-10-2025,18-Oct-25,10/23/2025,24-10-2025,ParcelPro,South,Central,South-Central,Rail,710,Capacity Constraint,Delivered,756.28,Express
SHP004135,09-01-2025,11-01-2025,01/15/2025,22-01-2025,MetroLogix,Central,East,Central-East,Road,1040,Capacity Constraint,Delivered,1066.13,Standard
SHP000205,06-12-2025,15-06-2025,20-06-2025,30-Jun-25,RoadRunner,North,East,North-East,Rail,1560,Customs,Delivered,1162.96,Standard
SHP001938,08-10-2025,10-09-2025,15-Oct-25,10/13/2025,RoadRunner,South,Central,South-Central,Road,810,,Delivered,1221,Economy
SHP001693,31-Mar-25,04-03-2025,04-09-2025,11-Apr-25,ParcelPro,West,East,West-East,Road,1320,Vehicle Issue,Delivered,1011.28,Economy
SHP004237,04-01-2025,07-Jan-25,11-Jan-25,,SwiftShip,Central,South,Central-South,Rail,190,,In Transit,297.45,Economy
SHP004090,08-Dec-25,10-Dec-25,12/15/2025,14-12-2025,RoadRunner,Central,North,Central-North,Road,550,,Delivered,598.05,Express
SHP006264,02-12-2025,12-04-2025,07-Dec-25,08-12-2025,SwiftShip,North,Central,North-Central,Road,220,Weather,Delivered,316.27,Express
SHP001225,01/29/2025,31-01-2025,07-02-2025,02-05-2025,SkyFreight,South,West,South-West,Road,1860,,Delivered,2610.5,Standard
SHP004960,18-11-2025,21-11-2025,23-11-2025,,RoadRunner,West,North,West-North,Air,650,,In Transit,1620.02,Express
SHP005927,09/21/2025,09/23/2025,10-02-2025,10-03-2025,RoadRunner,East,North,East-North,Road,1700,Capacity Constraint,Delivered,1199.11,Economy
SHP000042,11-09-2025,11-Nov-25,14-11-2025,13-Nov-25,SkyFreight,North,East,North-East,Air,580,,Delivered,1249.43,Economy
SHP003557,26-05-2025,27-May-25,06-03-2025,06-03-2025,ParcelPro,East,Central,East-Central,Road,1390,,Delivered,1646.76,Economy
SHP000845,20-02-2025,02/22/2025,02/25/2025,,SkyFreight,South,East,South-East,Air,760,Traffic,Cancelled,1197.86,Economy
SHP003773,24-Mar-25,26-03-2025,01-Apr-25,04-01-2025,SwiftShip,South,Central,South-Central,Road,1530,,Delivered,1287.42,Economy
SHP005298,08-08-2025,08-11-2025,15-Aug-25,15-08-2025,RoadRunner,South,North,South-North,Air,2100,,Delivered,4713.27,Economy
SHP004258,01/20/2025,22-01-2025,31-01-2025,02-04-2025,RoadRunner,North,South,North-South,Rail,2370,Traffic,Delivered,2638.17,Standard
SHP003527,06/24/2025,26-Jun-25,30-Jun-25,07-07-2025,MetroLogix,Central,South,Central-South,Road,810,Traffic,Delivered,1195.23,Economy
SHP003255,26-Apr-25,27-04-2025,30-Apr-25,05-01-2025,ParcelPro,West,North,West-North,Road,700,Traffic,Delivered,678.61,Economy
SHP006403,04-Aug-25,07-Aug-25,11-Aug-25,08-09-2025,ParcelPro,West,East,West-East,Road,600,,Delivered,733.04,Standard
SHP001555,06-Oct-25,07-10-2025,10/17/2025,10/17/2025,SkyFreight,West,Central,West-Central,Road,2400,,Delivered,3205.64,Standard
SHP004970,15-05-2025,16-May-25,05/19/2025,21-05-2025,MetroLogix,Central,South,Central-South,Air,530,Capacity Constraint,Delivered,1144.33,Express
SHP005772,24-Feb-25,02/26/2025,03-04-2025,04-03-2025,SkyFreight,South,East,South-East,Road,1040,,Delivered,1427.1,Express
SHP003492,30-Jul-25,02-Aug-25,05-Aug-25,05-Aug-25,ParcelPro,Central,North,Central-North,Air,1710,,Delivered,2987.13,Standard
SHP001306,01-11-2025,11-04-2025,08-11-2025,,RoadRunner,South,Central,South-Central,Air,1200,Traffic,In Transit,1876.35,Standard
SHP004929,07-May-25,09-May-25,16-05-2025,17-May-25,MetroLogix,West,East,West-East,Rail,1760,Customs,Delivered,1025.89,Express
SHP006484,25-Nov-25,11/27/2025,03-Dec-25,12-03-2025,ParcelPro,West,Central,West-Central,Road,1220,,Delivered,1651.82,Standard
SHP002765,02-10-2025,02/13/2025,02/18/2025,18-Feb-25,SkyFreight,Central,West,Central-West,Road,710,,Delivered,592.58,Express
SHP001793,07/24/2025,07/28/2025,08-02-2025,05-08-2025,RoadRunner,South,East,South-East,Road,810,Customs,Delivered,990.15,Economy
SHP005623,16-Oct-25,18-10-2025,24-10-2025,10/23/2025,SwiftShip,Central,North,Central-North,Road,1080,,Delivered,833.81,Express
SHP003241,18-05-2025,19-May-25,05/23/2025,25-05-2025,RoadRunner,South,Central,South-Central,Air,1740,Traffic,Delivered,3690.68,Standard
SHP006459,30-Mar-25,02-04-2025,04-05-2025,06-04-2025,SwiftShip,South,West,South-West,Road,500,Warehouse Backlog,Delivered,417.14,Standard
SHP000135,11-Feb-25,02/13/2025,15-02-2025,18-02-2025,SwiftShip,Central,North,Central-North,Rail,400,Vehicle Issue,Delivered,331.3,Economy
SHP005347,11-06-2025,07-11-2025,12-11-2025,11-10-2025,MetroLogix,East,South,East-South,Air,1550,,Delivered,3700.48,Economy
SHP001245,02-10-2025,13-Feb-25,16-Feb-25,16-Feb-25,SkyFreight,West,North,West-North,Air,1840,,Delivered,3377.76,Express
SHP000743,04/24/2025,28-Apr-25,07-May-25,07-May-25,SkyFreight,Central,North,Central-North,Road,1910,,Undelivered,1895.4,Standard
SHP005437,02-10-2025,14-02-2025,20-Feb-25,24-02-2025,SwiftShip,East,Central,East-Central,Road,1370,Weather,Delivered,1539.89,Standard
SHP004082,09/22/2025,23-Sep-25,29-09-2025,02-Oct-25,RoadRunner,West,Central,West-Central,Road,840,Weather,Delivered,1097.89,Economy
SHP003610,07-May-25,09-May-25,15-May-25,05/17/2025,RoadRunner,West,South,West-South,Road,1100,Capacity Constraint,Delivered,871.24,Economy
SHP002532,08-04-2025,04-11-2025,15-04-2025,04/19/2025,ParcelPro,West,North,West-North,Road,490,Customs,Delivered,502.09,Standard
SHP000155,09/14/2025,17-09-2025,26-Sep-25,,SwiftShip,North,East,North-East,Road,2260,,Cancelled,2231.41,Express
SHP004272,05/23/2025,25-05-2025,01-06-2025,01-Jun-25,SwiftShip,East,Central,East-Central,Road,1530,,Delivered,1318.27,Express
SHP001917,06-02-2025,09-Feb-25,12-Feb-25,12-02-2025,ParcelPro,Central,West,Central-West,Road,660,,Delivered,756.94,Economy
SHP003826,27-02-2025,02-03-2025,03-06-2025,10-03-2025,RoadRunner,Central,West,Central-West,Air,1820,Capacity Constraint,Delivered,2555.58,Standard
SHP005596,11-08-2025,11-Nov-25,11/15/2025,16-11-2025,SwiftShip,South,Central,South-Central,Air,1470,Capacity Constraint,Delivered,1875.07,Express
SHP006120,07-12-2025,09-12-2025,15-Dec-25,12/15/2025,MetroLogix,North,Central,North-Central,Road,820,,Delivered,1008.8,Economy
SHP001892,10-10-2025,13-Oct-25,16-10-2025,21-Oct-25,RoadRunner,North,South,North-South,Road,490,Vehicle Issue,Delivered,715.87,Standard
SHP006422,12-Apr-25,04/13/2025,22-Apr-25,27-Apr-25,ParcelPro,North,West,North-West,Road,1820,Capacity Constraint,Delivered,1920.59,Express
SHP001888,06-10-2025,06/14/2025,22-Jun-25,27-06-2025,ParcelPro,South,Central,South-Central,Road,1390,Traffic,Delivered,1344.64,Express
SHP000356,01/16/2025,01/18/2025,23-01-2025,01/22/2025,MetroLogix,South,West,South-West,Road,590,,Delivered,787.6,Express
SHP003423,13-05-2025,05/14/2025,17-05-2025,05/17/2025,SkyFreight,West,North,West-North,Air,1720,,Delivered,2569.73,Express
SHP001254,03-Dec-25,05-Dec-25,11-Dec-25,11-12-2025,ParcelPro,West,North,West-North,Road,960,,Delivered,1425.6,Economy
SHP003226,31-May-25,06-03-2025,06-09-2025,06/13/2025,  METROLOGIX  ,Central,West,Central-West,Road,"1,160 km",Traffic,Delivered,1130.19,Standard
SHP004546,17-10-2025,10/19/2025,26-10-2025,27-Oct-25,MetroLogix,North,Central,North-Central,Rail,1840,Customs,Delivered,1097.82,Standard
SHP002382,05-Jul-25,07-08-2025,07-12-2025,07/15/2025,ParcelPro,East,South,East-South,Road,860,Vehicle Issue,Delivered,838,Economy
SHP004138,08/28/2025,08/31/2025,08-09-2025,13-Sep-25,SkyFreight,South,North,South-North,Rail,2020,Weather,Delivered,1811.69,Standard
SHP004244,16-12-2025,18-12-2025,21-12-2025,21-12-2025,RoadRunner,South,Central,South-Central,Air,970,,Delivered,1689.35,Standard
SHP005267,11/14/2025,16-11-2025,25-11-2025,23-Nov-25,  METROLOGIX  ,Central,East,Central-East,Road,2080,,Delivered,1793.15,Standard
SHP001860,20-03-2025,03/23/2025,29-03-2025,30-03-2025,MetroLogix,West,Central,West-Central,Road,1640,Weather,Delivered,1990.89,Standard
SHP005416,06-Apr-25,09-Apr-25,11-Apr-25,14-Apr-25,RoadRunner,East,South,East-South,Air,830,Capacity Constraint,Delivered,1787.02,Economy
SHP006253,16-Mar-25,03/17/2025,20-Mar-25,23-03-2025,SwiftShip,West,North,West-North,Air,1060,Capacity Constraint,Delivered,1623.99,Express
SHP003648,04-May-25,07-05-2025,12-May-25,,RoadRunner,Central,West,Central-West,Road,1130,,Cancelled,1627.72,Standard
SHP001302,06-06-2025,08-06-2025,14-06-2025,06/17/2025,MetroLogix,Central,West,Central-West,Road,1330,Warehouse Backlog,Delivered,1936.29,Express
SHP004452,02-12-2025,14-02-2025,23-02-2025,25-02-2025,ParcelPro,West,East,West-East,Road,1790,Capacity Constraint,Delivered,2219.47,Express
SHP003409,01-02-2025,03-01-2025,12-01-2025,11-01-2025,SwiftShip,East,Central,East-Central,Road,1940,,Delivered,2571.22,Standard
SHP003270,09-Jul-25,07-12-2025,07/18/2025,18-Jul-25,SkyFreight,Central,West,Central-West,Road,790,,Delivered,938.35,Standard
SHP001391,24-01-2025,25-Jan-25,01-Feb-25,01-Feb-25,SkyFreight,North,East,North-East,Road,1050,,Delivered,1397.92,Express
SHP004093,11/17/2025,18-11-2025,23-11-2025,22-11-2025,RoadRunner,East,South,East-South,Rail,1340,,Delivered,1077.44,Express
SHP006471,31-Jan-25,02-02-2025,11-02-2025,09-Feb-25,MetroLogix,West,Central,West-Central,Rail,2360,,Delivered,2576.76,Standard
SHP000771,12-08-2025,08/13/2025,15-Aug-25,15-Aug-25,MetroLogix,West,North,West-North,Air,1070,,Delivered,1809.93,Express
SHP006485,20-06-2025,21-06-2025,24-06-2025,24-06-2025,MetroLogix,West,East,West-East,Air,1720,,Delivered,3071.46,Standard
SHP004683,10/19/2025,22-Oct-25,10/27/2025,06-11-2025,MetroLogix,East,West,East-West,Rail,1390,Vehicle Issue,Delivered,1192.12,Express
SHP001950,11-Mar-25,13-Mar-25,19-Mar-25,03/23/2025,ParcelPro,North,South,North-South,Road,1270,Capacity Constraint,Delivered,1153.14,Standard
SHP000193,08/27/2025,30-Aug-25,09-02-2025,01-Sep-25,SwiftShip,North,South,North-South,Road,140,,Delivered,206.47,Standard
SHP003240,19-Dec-25,21-12-2025,23-12-2025,12/23/2025,RoadRunner,South,North,South-North,Road,320,,Delivered,337.39,Standard
SHP003588,02-09-2025,11-Feb-25,02/14/2025,14-02-2025,RoadRunner,West,South,West-South,Road,530,,Delivered,518.74,Economy
SHP002334,08/17/2025,08/19/2025,26-Aug-25,25-08-2025,ParcelPro,West,East,West-East,Road,1660,,Delivered,1353.31,Standard
SHP004687,25-Jun-25,27-Jun-25,07-Jul-25,07-12-2025,RoadRunner,South,West,South-West,Road,2330,Vehicle Issue,Delivered,2705.45,Standard
SHP003351,25-03-2025,28-Mar-25,06-Apr-25,,MetroLogix,West,Central,West-Central,Road,2040,,Cancelled,1604.16,Economy
SHP006372,17-Aug-25,20-08-2025,25-08-2025,24-08-2025,SwiftShip,West,Central,West-Central,Rail,850,,Delivered,598.73,Economy
SHP005011,08-10-2025,10-10-2025,19-Oct-25,21-10-2025,SwiftShip,Central,North,Central-North,Road,2010,Warehouse Backlog,Delivered,1697.28,Standard
SHP006395,16-Feb-25,17-Feb-25,02/24/2025,27-02-2025,RoadRunner,Central,West,Central-West,Road,1900,Capacity Constraint,Delivered,1390.91,Economy
SHP002220,04-Feb-25,05-02-2025,12-Feb-25,12-02-2025,MetroLogix,West,Central,West-Central,Road,1710,,Delivered,1338.48,Economy
SHP000167,28-11-2025,29-Nov-25,03-Dec-25,12-03-2025,MetroLogix,West,North,West-North,Road,520,,Delivered,673.61,Express
SHP005751,20-11-2025,11/21/2025,29-Nov-25,28-Nov-25,SkyFreight,East,South,East-South,Road,1950,,Delivered,2414.9,Standard
SHP004092,16-09-2025,18-09-2025,26-09-2025,09/27/2025,SkyFreight,Central,South,Central-South,Road,1780,Capacity Constraint,Delivered,2243.41,Standard
SHP006281,07-01-2025,03-07-2025,05-Jul-25,12-07-2025,SkyFreight,South,North,South-North,Rail,210,Customs,Delivered,264.37,Standard
SHP004700,04-12-2025,15-04-2025,22-04-2025,23-04-2025,  PARCELPRO  ,South,East,South-East,Road,1350,Traffic,Delivered,1936.62,Express
SHP001641,15-05-2025,05/16/2025,24-May-25,23-May-25,ParcelPro,Central,East,Central-East,Rail,2140,,Delivered,1983.5,Standard
SHP006174,25-Jun-25,28-Jun-25,06-Jul-25,04-Jul-25,SkyFreight,Central,North,Central-North,Road,1360,,Delivered,1733.7,Economy
SHP005256,16-09-2025,18-09-2025,20-09-2025,20-09-2025,SwiftShip,Central,North,Central-North,Road,240,,Delivered,379.97,Standard
SHP002773,29-09-2025,02-Oct-25,10-05-2025,09-10-2025,SwiftShip,West,North,West-North,Air,370,Capacity Constraint,Delivered,794.72,Express
SHP001329,14-07-2025,17-Jul-25,23-07-2025,24-07-2025,SwiftShip,West,Central,West-Central,Road,1010,Warehouse Backlog,Delivered,1351.35,Economy
SHP000754,03-12-2025,14-Mar-25,03/20/2025,19-Mar-25,SkyFreight,South,Central,South-Central,Road,1400,,Delivered,1498.2,Economy
SHP004219,15-Feb-25,17-Feb-25,02/22/2025,26-Feb-25,MetroLogix,East,South,East-South,Air,1430,Warehouse Backlog,Delivered,2732.51,Express
SHP003396,04-05-2025,07-04-2025,12-Apr-25,12-Apr-25,MetroLogix,North,South,North-South,Air,1460,,Delivered,2665.19,Express
SHP003437,24-Mar-25,28-03-2025,06-Apr-25,04-05-2025,SkyFreight,South,West,South-West,Road,2390,,Delivered,2884.07,Economy
SHP002025,13-Jul-25,16-Jul-25,21-07-2025,21-07-2025,SkyFreight,West,East,West-East,Road,620,,Delivered,796.33,Express
SHP000721,22-Aug-25,24-08-2025,08/29/2025,08/29/2025,SkyFreight,East,North,East-North,Air,2370,,Delivered,4683.05,Express
SHP000960,04-02-2025,03-04-2025,07-04-2025,12-04-2025,SwiftShip,West,North,West-North,Road,550,Customs,Delivered,516.39,Standard
SHP004094,12/20/2025,22-12-2025,25-Dec-25,25-12-2025,MetroLogix,South,North,South-North,Air,640,,Delivered,970.68,Express
SHP001414,03-Jul-25,04-07-2025,06-07-2025,07-07-2025,,West,South,West-South,Road,270,Warehouse Backlog,Undelivered,426.73,Express
SHP000028,12/13/2025,12/16/2025,19-Dec-25,19-Dec-25,SkyFreight,West,South,West-South,Road,120,,Delivered,197,Standard
SHP003008,25-Mar-25,03/26/2025,28-03-2025,28-03-2025,SwiftShip,North,West,North-West,Road,160,,Delivered,293.19,Economy
SHP001495,09-01-2025,01-10-2025,01-12-2025,13-Jan-25,RoadRunner,North,East,North-East,Road,180,Traffic,Delivered,304.99,Standard
SHP002832,16-Jan-25,18-Jan-25,01/20/2025,22-01-2025,RoadRunner,North,South,North-South,Air,810,Traffic,Delivered,1430.72,Express
SHP006228,08-03-2025,11-Mar-25,21-Mar-25,03/20/2025,RoadRunner,West,East,West-East,Road,2080,,Delivered,2144.64,Standard
SHP003151,03/28/2025,30-Mar-25,04-03-2025,08-04-2025,RoadRunner,South,North,South-North,Road,450,Weather,Delivered,423.26,Standard
SHP003856,18-03-2025,21-03-2025,25-03-2025,03/25/2025,SkyFreight,South,West,South-West,Road,320,,Delivered,474.31,Express
SHP005669,19-Jul-25,21-Jul-25,07/25/2025,25-Jul-25,RoadRunner,East,South,East-South,Air,210,,Delivered,551.1,Standard
SHP006350,06-10-2025,08-Oct-25,10-10-2025,11-Oct-25,ParcelPro,Central,South,Central-South,Road,310,Warehouse Backlog,Delivered,489.7,Express
SHP002498,09-05-2025,10-May-25,21-May-25,21-May-25,SkyFreight,South,West,South-West,Road,2290,,Delivered,1613.16,Express
SHP000679,21-May-25,24-May-25,01-Jun-25,06-04-2025,MetroLogix,Central,South,Central-South,Road,1850,Warehouse Backlog,Delivered,1556.92,Express
SHP006103,26-Sep-25,28-09-2025,10-02-2025,04-Oct-25,SwiftShip,South,East,South-East,Road,550,Capacity Constraint,Delivered,838.14,Economy
SHP001571,02-07-2025,07-03-2025,11-Jul-25,07-12-2025,ParcelPro,South,Central,South-Central,Road,1580,Traffic,Delivered,1596.65,Standard
SHP005066,12-Apr-25,13-04-2025,04/16/2025,18-04-2025,RoadRunner,East,Central,East-Central,Rail,700,Vehicle Issue,Delivered,842.72,Economy
SHP003505,09-09-2025,09-11-2025,13-Sep-25,,SkyFreight,North,Central,North-Central,Air,950,Warehouse Backlog,Cancelled,1751.86,Economy
SHP005758,02/23/2025,25-02-2025,03-Mar-25,01-Mar-25,RoadRunner,South,North,South-North,Road,1260,,Delivered,1017.99,Standard
SHP001531,04/20/2025,04/22/2025,27-Apr-25,27-04-2025,SwiftShip,East,South,East-South,Rail,1470,,Delivered,1597.51,Express
SHP002794,01-Jul-25,03-07-2025,11-07-2025,09-07-2025,MetroLogix,West,Central,West-Central,Road,1770,,Delivered,1704.56,Standard
SHP001538,28-Nov-25,01-12-2025,04-12-2025,,SwiftShip,Central,South,Central-South,Road,460,Customs,In Transit,635.77,Standard
SHP004017,09/15/2025,09/17/2025,22-Sep-25,22-Sep-25,ParcelPro,Central,East,Central-East,Road,720,,Delivered,724.61,Express
SHP003312,06-Aug-25,09-Aug-25,17-Aug-25,15-Aug-25,SwiftShip,West,North,West-North,Road,2080,,Delivered,2098.29,Economy
SHP002036,09/17/2025,09/20/2025,24-Sep-25,23-Sep-25,SkyFreight,West,Central,West-Central,Road,800,,Delivered,1021.59,Express
SHP000442,17-Feb-25,02/20/2025,02/24/2025,26-Feb-25,MetroLogix,Central,East,Central-East,Road,290,Weather,Delivered,457.66,Economy
SHP003993,01-12-2025,12-03-2025,12-12-2025,11-Dec-25,ParcelPro,South,Central,South-Central,Road,1830,,Delivered,2244.2,Standard
SHP000554,07-04-2025,07-06-2025,15-07-2025,,SkyFreight,West,Central,West-Central,Road,1680,,Cancelled,1789.32,Express
SHP005499,10-12-2025,12-11-2025,14-Dec-25,14-12-2025,MetroLogix,West,South,West-South,Road,180,,Delivered,324.73,Express
SHP004409,11-06-2025,07-Nov-25,12-11-2025,13-Nov-25,RoadRunner,Central,West,Central-West,Road,1220,Warehouse Backlog,Delivered,907.03,Standard
SHP002140,12-Apr-25,04/15/2025,25-04-2025,24-Apr-25,MetroLogix,North,Central,North-Central,Road,1960,,Delivered,2135.55,Express
SHP000079,23-Feb-25,25-Feb-25,28-Feb-25,03-03-2025,SkyFreight,West,North,West-North,Road,390,Vehicle Issue,Delivered,579.61,Economy
SHP000300,11-11-2025,13-Nov-25,11/22/2025,11/22/2025,RoadRunner,West,North,West-North,Road,1680,,Delivered,1469.55,Economy
SHP002346,03/27/2025,03/29/2025,03-Apr-25,08-Apr-25,SwiftShip,North,East,North-East,Air,1840,Traffic,Delivered,2733.86,Economy
SHP005289,20-06-2025,06/22/2025,06/29/2025,30-06-2025,ParcelPro,West,Central,West-Central,Rail,2110,Vehicle Issue,Undelivered,1561.9,Economy
SHP002808,04/25/2025,26-Apr-25,04-05-2025,05-05-2025,RoadRunner,Central,East,Central-East,Road,1980,Weather,Delivered,1786.52,Express
SHP006166,20-07-2025,22-07-2025,25-Jul-25,07/24/2025,ParcelPro,South,West,South-West,Air,1860,,Delivered,3972.49,Express
,11-12-2025,13-12-2025,19-Dec-25,26-Dec-25,MetroLogix,East,West,East-West,Road,1410,Warehouse Backlog,Delivered,1831.68,Economy
SHP002172,18-01-2025,20-Jan-25,23-Jan-25,25-01-2025,MetroLogix,Central,West,Central-West,Road,390,Weather,Delivered,522.24,Economy
SHP002258,24-Oct-25,26-10-2025,03-Nov-25,11-03-2025,ParcelPro,North,East,North-East,Road,2150,,Delivered,2486.95,Economy
SHP004622,15-Sep-25,16-Sep-25,19-Sep-25,19-09-2025,RoadRunner,South,West,South-West,Air,550,,Delivered,1133.42,Standard
SHP005129,10/30/2025,02-Nov-25,05-Nov-25,05-Nov-25,RoadRunner,West,South,West-South,Road,420,,Delivered,517.85,Standard
SHP005360,12-11-2025,13-11-2025,23-11-2025,25-Nov-25,ParcelPro,Central,West,Central-West,Road,2150,Traffic,Delivered,2891.1,Standard
SHP005381,10/22/2025,10/24/2025,10/27/2025,27-10-2025,SkyFreight,Central,North,Central-North,Air,870,,Delivered,2051.98,Express
SHP001581,03-Jun-25,06-04-2025,08-06-2025,06-07-2025,MetroLogix,South,North,South-North,Air,320,,Delivered,736.79,Economy
SHP003502,02-06-2025,04-06-2025,07-06-2025,08-06-2025,SkyFreight,North,Central,North-Central,Air,220,Customs,Delivered,558.05,Standard
SHP000951,19-Mar-25,20-Mar-25,03/29/2025,,ParcelPro,Central,North,Central-North,Road,2230,,Cancelled,1691.99,Express
SHP006354,08/30/2025,08/31/2025,09-Sep-25,09-08-2025,SwiftShip,East,North,East-North,Road,1810,,Delivered,2459.49,Economy
SHP001152,28-Sep-25,30-09-2025,10-09-2025,10-Oct-25,ParcelPro,South,North,South-North,Road,1900,Customs,Delivered,1824.26,Express
SHP000934,18-12-2025,12/19/2025,22-Dec-25,24-12-2025,SkyFreight,East,North,East-North,Road,130,Customs,Delivered,203.97,Economy
SHP002713,04-12-2025,05-Dec-25,10-Dec-25,08-12-2025,RoadRunner,East,West,East-West,Road,1170,,Delivered,1657.22,Express
SHP003744,06-07-2025,08-07-2025,12-07-2025,19-07-2025,RoadRunner,South,East,South-East,Air,1710,Vehicle Issue,Delivered,2545.96,Standard
SHP003857,03-Feb-25,02-05-2025,13-02-2025,02-12-2025,SkyFreight,South,Central,South-Central,Road,2140,,Delivered,3066.73,Express
SHP001783,29-Oct-25,10/31/2025,04-Nov-25,11-04-2025,SkyFreight,East,Central,East-Central,Road,260,,Delivered,355.22,Economy
SHP000174,01-Dec-25,04-Dec-25,13-Dec-25,13-12-2025,SkyFreight,North,East,North-East,Road,2320,,Delivered,1963.19,Express
SHP005433,08-08-2025,11-08-2025,08/14/2025,13-08-2025,,Central,South,Central-South,Road,350,,Delivered,501.55,Standard
SHP005040,01-10-2025,05-Oct-25,09-Oct-25,09-10-2025,SkyFreight,South,East,South-East,Air,480,,Delivered,1215.54,Standard
SHP002750,05-Oct-25,06-Oct-25,12-Oct-25,10-10-2025,SwiftShip,South,Central,South-Central,Road,1310,,Delivered,944.63,Economy
SHP005182,11/17/2025,19-11-2025,11/28/2025,12-01-2025,SwiftShip,East,North,East-North,Road,1780,Capacity Constraint,Delivered,1556.95,Economy
SHP001415,25-10-2025,27-Oct-25,04-11-2025,14-Nov-25,ParcelPro,Central,North,Central-North,Road,2050,Traffic,Delivered,2078.64,Express
SHP002653,17-May-25,19-05-2025,24-05-2025,05/26/2025,SkyFreight,West,Central,West-Central,Road,1130,Traffic,Delivered,889.73,Economy
SHP004139,03-Sep-25,04-Sep-25,09-10-2025,10-09-2025,SwiftShip,North,South,North-South,Road,1100,,Delivered,1581.2,Economy
SHP005967,24-Dec-25,28-12-2025,01-01-2026,01-01-2026,SkyFreight,South,East,South-East,Air,1760,,Delivered,2578.28,Express
SHP006382,21-07-2025,07/23/2025,03-08-2025,03-08-2025,SkyFreight,East,Central,East-Central,Road,2300,,Delivered,2828.7,Economy
SHP005788,11-12-2025,11/14/2025,18-Nov-25,17-11-2025,MetroLogix,North,East,North-East,Air,450,,Delivered,848.86,Express
SHP003256,15-Jan-25,18-01-2025,21-01-2025,,SwiftShip,East,North,East-North,Rail,540,,In Transit,500.15,Standard
SHP005832,07-03-2025,07-07-2025,12-Jul-25,12-Jul-25,SkyFreight,Central,South,Central-South,Rail,1490,,Delivered,1608.47,Economy
SHP002633,02/18/2025,20-Feb-25,02/23/2025,21-Feb-25,ParcelPro,Central,West,Central-West,Road,280,,Delivered,333.97,Standard
SHP001208,23-May-25,25-05-2025,03-Jun-25,06-06-2025,ParcelPro,North,West,North-West,Rail,2320,Capacity Constraint,Delivered,2217.77,Economy
SHP002392,16-09-2025,09/19/2025,21-09-2025,21-09-2025,SwiftShip,West,East,West-East,Air,850,,Delivered,1724.63,Standard
SHP002780,30-10-2025,01-Nov-25,08-Nov-25,10-11-2025,RoadRunner,North,West,North-West,Rail,1500,Vehicle Issue,Delivered,1501.98,Standard
SHP005447,23-Sep-25,09/24/2025,03-10-2025,05-10-2025,RoadRunner,Central,West,Central-West,Road,1930,Vehicle Issue,Delivered,2694.53,Standard
SHP005147,06-12-2025,14-06-2025,06/18/2025,17-Jun-25,SkyFreight,North,West,North-West,Road,530,,Delivered,695.67,Economy
SHP001202,03-08-2025,05-08-2025,08-11-2025,10-08-2025,ParcelPro,West,East,West-East,Road,1020,,Undelivered,1284.6,Standard
SHP004857,02/18/2025,02/20/2025,02/22/2025,04-03-2025,ParcelPro,Central,West,Central-West,Rail,150,Capacity Constraint,Delivered,246.07,Express
SHP000277,03-09-2025,05-09-2025,07-09-2025,07-09-2025,SkyFreight,Central,West,Central-West,Road,230,,Delivered,393.16,Express
SHP002103,03/17/2025,19-03-2025,03/25/2025,30-Mar-25,ParcelPro,North,West,North-West,Road,990,Vehicle Issue,Delivered,962.86,Standard
SHP005953,11/24/2025,26-Nov-25,12-03-2025,12-04-2025,RoadRunner,Central,West,Central-West,Road,1370,Traffic,Delivered,1765.85,Economy
SHP001902,22-Jul-25,23-Jul-25,29-Jul-25,07/29/2025,SwiftShip,North,East,North-East,Road,860,,Delivered,"$1,148.81",Economy
SHP001633,12-Jun-25,06/13/2025,15-06-2025,15-06-2025,SkyFreight,South,Central,South-Central,Air,1250,,Delivered,2823.87,Standard
SHP004265,29-11-2025,01-Dec-25,03-12-2025,06-Dec-25,RoadRunner,West,East,West-East,Road,-25 km,Capacity Constraint,Delivered,555.51,Express
SHP001443,05-01-2025,03-May-25,05-08-2025,12-05-2025,RoadRunner,South,East,South-East,Rail,700,Traffic,Delivered,455.98,Economy
SHP005465,08/23/2025,24-08-2025,08/26/2025,26-08-2025,SkyFreight,East,North,East-North,Rail,210,,Delivered,199.31,Express
SHP004642,12/29/2025,12/31/2025,03-01-2026,03-Jan-26,ParcelPro,North,Central,North-Central,Air,460,,Delivered,940.97,Standard
SHP004725,02-09-2025,09-04-2025,10-Sep-25,11-09-2025,SkyFreight,South,North,South-North,Road,1170,Vehicle Issue,Delivered,1056.14,Economy
SHP003876,09-Sep-25,10-Sep-25,09/14/2025,09/24/2025,RoadRunner,West,East,West-East, air ,2300,Vehicle Issue,Delivered,5391.44,Express
SHP002325,13-12-2025,16-Dec-25,12/20/2025,30-Dec-25,MetroLogix,East,North,East-North,Rail,1280,Warehouse Backlog,Delivered,795.29,Express
SHP001103,10/28/2025,31-10-2025,06-11-2025,09-11-2025,RoadRunner,East,West,East-West,Road,820,Traffic,Delivered,977.58,Economy
SHP001918,25-Apr-25,28-Apr-25,02-05-2025,05-03-2025,SkyFreight,West,North,West-North,Road,410,Traffic,Delivered,637.27,Express
SHP005827,25-02-2025,28-Feb-25,04-Mar-25,,SwiftShip,East,Central,East-Central,Air,1330,Customs,In Transit,2272.56,Economy
SHP006240,01-Nov-25,02-Nov-25,08-Nov-25,,ParcelPro,West,Central,West-Central,Road,1240,Traffic,In Transit,1795.6,Standard
SHP002427,05-08-2025,07-Aug-25,12-08-2025,08-12-2025,SwiftShip,West,East,West-East,Road,840,,Delivered,881.99,Economy
SHP002180,12-07-2025,10-12-2025,12/13/2025,17-Dec-25,SkyFreight,West,South,West-South,Road,470,Customs,Delivered,592.19,Economy
SHP003781,05-06-2025,07-Jun-25,11-06-2025,06/18/2025,MetroLogix,Central,South,Central-South,Air,940,Warehouse Backlog,Delivered,1998.51,Economy
SHP004167,05/25/2025,26-May-25,05/30/2025,30-May-25,MetroLogix,East,Central,East-Central,Air,1440,,Delivered,2426.59,Economy
SHP004511,10-Nov-25,12-11-2025,11/14/2025,16-11-2025,ParcelPro,North,Central,North-Central,Rail,320,Warehouse Backlog,Delivered,438.18,Standard
SHP000544,07-03-2025,04-07-2025,10-Jul-25,07-12-2025,SkyFreight,East,North,East-North,Air,2260,Weather,Delivered,4576.53,Standard
SHP005273,05/23/2025,05/26/2025,28-05-2025,05/27/2025,SkyFreight,East,Central,East-Central,Road,380,,Delivered,497.86,Express
SHP001326,10-06-2025,13-Jun-25,17-06-2025,21-06-2025,SkyFreight,Central,East,Central-East,Rail,150,Capacity Constraint,Delivered,176.74,Standard
SHP001669,26-Aug-25,08/28/2025,08/30/2025,30-08-2025,RoadRunner,Central,West,Central-West,Road,390,,Delivered,470.4,Express
SHP003469,31-01-2025,03-Feb-25,02-06-2025,02-11-2025,ParcelPro,East,West,East-West,Air,1780,Capacity Constraint,Delivered,3611.83,Economy
SHP003939,22-Dec-25,12/24/2025,27-Dec-25,12/30/2025,MetroLogix,South,North,South-North, road ,500,Customs,Delivered,685.39,Express
SHP003195,02-Apr-25,04-04-2025,07-Apr-25,04-07-2025,SwiftShip,North,East,North-East,Air,350,,Delivered,555.51,Express
SHP003407,16-07-2025,07/18/2025,26-Jul-25,29-Jul-25,MetroLogix,South,West,South-West,Road,1970,Traffic,Delivered,2136.7,Express
SHP005118,05-Jul-25,08-07-2025,17-07-2025,,MetroLogix,South,Central,South-Central,Road,2110,,In Transit,1545.9,Economy
SHP005266,17-Jan-25,01/18/2025,01/25/2025,27-01-2025,SwiftShip,North,Central,North-Central,Road,1260,Weather,Delivered,1633.17,Economy
SHP001181,11-Mar-25,12-Mar-25,03/16/2025,20-Mar-25,SwiftShip,East,Central,East-Central,Air,1630,Capacity Constraint,Delivered,2071.18,Economy
SHP003959,14-Feb-25,16-Feb-25,25-Feb-25,28-02-2025,MetroLogix,West,East,West-East,Road,2180,Traffic,Delivered,2614.42,Standard
SHP002738,07-Jun-25,06-08-2025,11-06-2025,06-10-2025,MetroLogix,West,North,West-North,Road,120,,Delivered,230.41,Express
SHP003516,09/14/2025,09/15/2025,09/17/2025,09/18/2025,RoadRunner,West,East,West-East,Road,250,Capacity Constraint,Delivered,405.41,Economy
SHP004146,10/15/2025,10/16/2025,10/21/2025,25-10-2025,SkyFreight,Central,South,Central-South,Air,2210,Vehicle Issue,Delivered,3034.71,Express
SHP004372,09-02-2025,10-Feb-25,02/13/2025,,ParcelPro,West,South,West-South,Rail,230,,Cancelled,248.73,Economy
SHP006200,06/24/2025,25-06-2025,27-Jun-25,07-04-2025,ParcelPro,South,East,South-East,Road,250,Traffic,Delivered,373.29,Standard
SHP002449,10/24/2025,10/26/2025,31-10-2025,31-Oct-25,ParcelPro,East,Central,East-Central,Road,930,,Delivered,910.05,Express
SHP005952,31-Jan-25,01-Feb-25,02-06-2025,05-02-2025,ParcelPro,South,West,South-West,Rail,700,,Delivered,647.74,Express
SHP003425,17-04-2025,18-04-2025,23-Apr-25,26-Apr-25,ParcelPro,Central,North,Central-North,Road,560,Customs,Delivered,739.8,Express
SHP005496,24-Dec-25,27-12-2025,01-04-2026,04-01-2026,RoadRunner,West,North,West-North,Road,1960,,Delivered,2244.32,Economy
SHP004838,26-01-2025,01/29/2025,06-Feb-25,09-Feb-25,RoadRunner,South,West,South-West,Road,2180,Traffic,Delivered,2117.91,Standard
SHP006126,16-10-2025,20-Oct-25,10/27/2025,,ParcelPro,South,East,South-East,Road,1750,,Cancelled,2438.57,Standard
SHP003625,31-08-2025,09-02-2025,11-09-2025,11-Sep-25,ParcelPro,West,Central,West-Central,Road,1840,,Delivered,1477.89,Express
SHP002410,03-Jul-25,06-07-2025,13-07-2025,13-07-2025,SwiftShip,East,West,East-West,Road,1710,,Delivered,1890.66,Economy
SHP001441,14-Dec-25,17-Dec-25,23-Dec-25,23-Dec-25,MetroLogix,West,Central,West-Central,Rail,2120,,Delivered,1627.15,Economy
SHP003007,14-Dec-25,17-Dec-25,26-Dec-25,30-Dec-25,MetroLogix,North,South,North-South,Road,1680,Customs,Delivered,1808.01,Standard
SHP004077,19-Oct-25,10/21/2025,24-10-2025,10/28/2025,MetroLogix,South,West,South-West,Air,2090,Warehouse Backlog,Delivered,3379.95,Express
SHP000203,07-03-2025,05-Jul-25,07-11-2025,07-10-2025,MetroLogix,South,North,South-North,Road,1110,,Delivered,860.28,Economy
SHP006261,04-09-2025,10-04-2025,17-04-2025,17-Apr-25,ParcelPro,Central,East,Central-East,Road,1670,,Delivered,2355.14,Standard
SHP001264,11-Mar-25,12-Mar-25,15-03-2025,03/17/2025,MetroLogix,North,Central,North-Central,Rail,670,Customs,Delivered,602.53,Economy
SHP001809,19-05-2025,21-May-25,28-May-25,06-04-2025,  METROLOGIX  ,South,Central,South-Central,Road,1470,Capacity Constraint,Delivered,1683.08,Economy
SHP005154,02/23/2025,24-02-2025,28-02-2025,10-03-2025,ParcelPro,South,East,South-East,Road,800,Customs,Delivered,950.59,Standard
SHP005221,16-Jan-25,17-01-2025,24-Jan-25,03-02-2025,MetroLogix,Central,South,Central-South,Road,1810,Vehicle Issue,Delivered,1484.91,Economy
SHP000018,03-08-2025,05-08-2025,08/13/2025,08-12-2025,RoadRunner,Central,North,Central-North,Road,1950,,Delivered,2026.19,Economy
SHP000370,15-Jul-25,17-07-2025,22-07-2025,22-07-2025,ParcelPro,South,West,South-West,Road,600,,Delivered,609.81,Standard
SHP002086,05-Apr-25,04-08-2025,11-Apr-25,,SwiftShip,North,Central,North-Central,Rail,350,,In Transit,432.97,Economy
SHP000183,16-10-2025,17-10-2025,22-10-2025,21-10-2025,RoadRunner,West,Central,West-Central,Air,1720,,Delivered,2180.71,Economy
SHP003275,01/22/2025,24-01-2025,31-Jan-25,29-01-2025,SwiftShip,West,Central,West-Central,Road,1730,,Delivered,2021.26,Economy
SHP001609,30-09-2025,02-Oct-25,10-04-2025,05-Oct-25,ParcelPro,West,North,West-North,Rail,560,Customs,Delivered,415.2,Express
SHP001352,13-Jun-25,06/17/2025,21-Jun-25,07-01-2025,ParcelPro,Central,East,Central-East,Air,1500,Vehicle Issue,Delivered,2235.76,Economy
SHP003188,04-01-2025,03-04-2025,07-Apr-25,07-Apr-25,SkyFreight,East,West,East-West,Air,2180,,Delivered,4604.05,Express
SHP000605,10-Jul-25,11-07-2025,20-07-2025,19-Jul-25,MetroLogix,North,West,North-West,Road,2390,,Delivered,3379.23,Economy
SHP005091,17-Feb-25,02/18/2025,20-02-2025,03-02-2025,MetroLogix,North,Central,North-Central,Road,270,Vehicle Issue,Delivered,394.94,Standard
SHP004051,07-02-2025,05-07-2025,07-11-2025,16-07-2025,RoadRunner,North,East,North-East,Air,2310,Capacity Constraint,Delivered,4727.74,Express
SHP005818,04-Jun-25,06-06-2025,11-06-2025,06-12-2025,ParcelPro,West,Central,West-Central,Air,1830,Vehicle Issue,Delivered,3015.1,Standard
SHP003144,21-06-2025,24-06-2025,26-Jun-25,26-06-2025,RoadRunner,Central,North,Central-North,Air,440,,Delivered,1084.17,Standard
SHP006359,17-Apr-25,19-04-2025,22-Apr-25,22-Apr-25,MetroLogix,Central,West,Central-West,Road,390,,Delivered,429.83,Economy
SHP006479,10-09-2025,11-10-2025,16-Oct-25,10/26/2025,MetroLogix,South,West,South-West,Road,1130,Vehicle Issue,Delivered,1398.14,Economy
SHP005612,07/17/2025,07/20/2025,22-Jul-25,27-Jul-25,RoadRunner,West,North,West-North,Air,1200,Traffic,Delivered,2805.02,Economy
SHP001691,18-06-2025,06/21/2025,29-06-2025,29-06-2025,ParcelPro,Central,West,Central-West,Rail,1920,,Delivered,2133.03,Economy
SHP001451,14-Jul-25,16-Jul-25,07/19/2025,07/18/2025,MetroLogix,East,South,East-South,Road,120,,Delivered,188.88,Economy
SHP003462,28-Oct-25,30-10-2025,07-Nov-25,05-Nov-25,SwiftShip,South,West,South-West,Road,1630,,Delivered,1481.63,Standard
SHP004076,06-Oct-25,08-10-2025,15-Oct-25,10/14/2025,SkyFreight,North,South,North-South,Road,1830,,Delivered,"$2,113.84",Standard
SHP001745,16-12-2025,19-Dec-25,23-Dec-25,26-Dec-25,SkyFreight,Central,North,Central-North,Road,560,Weather,Undelivered,626.73,Express
SHP000603,06-Jul-25,08-07-2025,07-10-2025,07/17/2025,ParcelPro,North,Central,North-Central,Road,240,Warehouse Backlog,Delivered,296.43,Standard
SHP001872,25-04-2025,04/28/2025,05-08-2025,05-07-2025,  SWIFTSHIP  ,North,South,North-South,Road,2350,,Delivered,2248.37,Standard
SHP004284,07/14/2025,07/16/2025,07/18/2025,16-07-2025,SwiftShip,Central,North,Central-North,Air,620,,Delivered,904.82,Standard
SHP005691,10-Oct-25,12-10-2025,10/19/2025,19-Oct-25,MetroLogix,South,West,South-West,Road,1550,,Delivered,1847.16,Standard
SHP003729,01-Sep-25,09-03-2025,08-Sep-25,12-Sep-25,RoadRunner,Central,North,Central-North,Road,850,Vehicle Issue,Delivered,1149.21,Economy
SHP001786,24-11-2025,26-11-2025,12-02-2025,12-05-2025,RoadRunner,East,Central,East-Central,Road,1530,Vehicle Issue,Delivered,1468.59,Economy
SHP001289,10-11-2025,11-Nov-25,14-Nov-25,16-Nov-25,MetroLogix,South,Central,South-Central,Air,530,Traffic,Delivered,1346.63,Express
SHP002853,04/15/2025,17-04-2025,23-04-2025,04/28/2025,MetroLogix,East,West,East-West,Road,1450,Capacity Constraint,Delivered,1755.7,Standard
SHP000980,04/18/2025,19-Apr-25,04/25/2025,24-Apr-25,SwiftShip,West,North,West-North,Road,1620,,Delivered,1232.23,Economy
SHP000933,17-Oct-25,10/19/2025,10/28/2025,28-10-2025,RoadRunner,Central,East,Central-East,Road,1900,,Delivered,1381.74,Standard
SHP002650,12/26/2025,27-12-2025,04-01-2026,01-02-2026,ParcelPro,Central,South,Central-South, road ,1660,,Delivered,1363.51,Economy
SHP001464,06-Apr-25,08-Apr-25,04/15/2025,04/14/2025,ParcelPro,South,West,South-West,Rail,1560,,Delivered,1746.64,Standard
SHP004609,02-Sep-25,03-Sep-25,11-09-2025,09-12-2025,ParcelPro,East,West,East-West,Road,1990,Weather,Delivered,1824.33,Economy
SHP005335,02/27/2025,01-03-2025,03-06-2025,,SwiftShip,East,North,East-North,Rail,1300,Vehicle Issue,Cancelled,767.83,Express
SHP000160,01-Nov-25,03-Nov-25,09-11-2025,11-12-2025,ParcelPro,South,East,South-East,Road,1130,Customs,Delivered,1189.45,Express
SHP000935,09-10-2025,11-09-2025,16-Sep-25,09/23/2025,SwiftShip,South,East,South-East,Road,450,Customs,Delivered,650.59,Economy
SHP004811,12-11-2025,11/13/2025,16-Nov-25,11/16/2025,SwiftShip,Central,South,Central-South,Rail,960,,Delivered,1093.85,Express
SHP001251,31-10-2025,11-02-2025,07-Nov-25,11-06-2025,RoadRunner,East,North,East-North,Road,530,,Delivered,527.82,Express
SHP003863,11-09-2025,12-Nov-25,16-Nov-25,16-Nov-25,MetroLogix,Central,South,Central-South,Rail,450,,Delivered,530.49,Express
SHP000349,01/26/2025,27-01-2025,05-02-2025,02-05-2025,RoadRunner,West,North,West-North,Road,1890,,Delivered,2380.68,Express
SHP004787,01-06-2025,08-Jan-25,11-01-2025,12-01-2025,SwiftShip,West,South,West-South,Air,1640,Weather,Delivered,3092.37,Express
SHP003726,11-Feb-25,02/13/2025,22-02-2025,02/22/2025,SwiftShip,South,East,South-East,Road,2220,,Delivered,2277.02,Standard
SHP004041,25-09-2025,28-09-2025,30-Sep-25,28-Sep-25,RoadRunner,East,West,East-West,Air,1260,,Delivered,2376.61,Express
SHP005688,16-Dec-25,17-Dec-25,12/20/2025,24-12-2025,SwiftShip,Central,North,Central-North,Rail,150,Traffic,Delivered,211.83,Standard
SHP002034,13-08-2025,14-08-2025,08/18/2025,08/16/2025,ParcelPro,East,South,East-South,Air,2400,,Delivered,3925.33,Standard
SHP003927,03/22/2025,24-Mar-25,03/28/2025,29-Mar-25,SwiftShip,Central,,Central-South,Air,840,Vehicle Issue,Delivered,1048.71,Economy
SHP006065,20-Mar-25,03/22/2025,03/26/2025,05-04-2025,ParcelPro,West,East,West-East,Air,1560,Weather,Delivered,2556.5,Standard
SHP003903,07/16/2025,18-07-2025,26-07-2025,07/24/2025,SkyFreight,Central,West,Central-West,Road,2070,,Delivered,2223.25,Economy
SHP001141,06-Dec-25,12-08-2025,12/14/2025,14-12-2025,MetroLogix,West,Central,West-Central,Road,910,,Delivered,904.9,Economy
SHP002833,02-Aug-25,08-03-2025,07-Aug-25,10-Aug-25,SwiftShip,Central,West,Central-West,Air,310,Warehouse Backlog,Delivered,527.68,Express
SHP001526,18-11-2025,11/21/2025,30-Nov-25,29-11-2025,SkyFreight,East,North,East-North,Road,1950,,Delivered,2529.59,Economy
SHP000462,24-05-2025,27-May-25,05-Jun-25,05-Jun-25,RoadRunner,South,North,South-North,Road,2060,,Delivered,2965.6,Economy
SHP005490,18-Sep-25,09/21/2025,09/25/2025,10-05-2025,RoadRunner,West,Central,West-Central,Air,980,Weather,Delivered,1923.84,Economy
SHP004570,12-Mar-25,03/14/2025,19-03-2025,22-03-2025,SwiftShip,Central,South,Central-South,Air,1840,Customs,Delivered,2194.75,Standard
SHP002162,02-May-25,05-May-25,10-05-2025,05-12-2025,SkyFreight,East,Central,East-Central,Road,1040,Traffic,Delivered,1437.54,Standard
SHP002872,08-Oct-25,10-Oct-25,15-Oct-25,10/15/2025,SkyFreight,South,East,South-East,Road,1220,,Delivered,1703.81,Standard
SHP003201,26-03-2025,30-Mar-25,07-Apr-25,17-04-2025,SkyFreight,East,Central,East-Central,Rail,1820,Vehicle Issue,Delivered,1176.97,Standard
SHP003898,08-05-2025,08-06-2025,13-Aug-25,08-11-2025,ParcelPro,North,West,North-West,Road,1830,,Delivered,1692.74,Economy
SHP005620,07-08-2025,10-Aug-25,08/20/2025,,RoadRunner,South,East,South-East,Road,2070,,Cancelled,2621.97,Economy
SHP003431,08-03-2025,10-03-2025,03/16/2025,18-Mar-25,SkyFreight,Central,South,Central-South,Rail,1400,Vehicle Issue,Delivered,1019.77,Standard
SHP004196,05-05-2025,08-May-25,13-05-2025,23-May-25,RoadRunner,North,East,North-East,Rail,870,Capacity Constraint,Delivered,817.78,Economy
SHP002958,21-01-2025,23-01-2025,25-Jan-25,25-01-2025,MetroLogix,North,South,North-South,Air,1080,,Delivered,1748.3,Economy
SHP001099,09-09-2025,12-Sep-25,17-Sep-25,24-09-2025,MetroLogix,North,West,North-West,Rail,1440,Weather,Delivered,1488.3,Standard
SHP002235,13-03-2025,15-Mar-25,20-Mar-25,22-Mar-25,ParcelPro,North,West,North-West,Road,1240,Traffic,Delivered,1750.41,Economy
SHP004587,04-09-2025,07-Sep-25,15-Sep-25,15-09-2025,RoadRunner,North,East,North-East,Road,2180,,Delivered,"$2,077.54",Economy
SHP001014,24-05-2025,26-05-2025,05/31/2025,30-May-25,SwiftShip,South,West,South-West,Road,720,,Delivered,961.07,Economy
SHP001370,14-Aug-25,16-08-2025,18-Aug-25,19-Aug-25,SkyFreight,West,South,West-South,Air,180,Customs,Delivered,459.54,Express
SHP001026,12-09-2025,12-11-2025,12/19/2025,18-Dec-25,SkyFreight,South,North,South-North,Road,2080,,Delivered,2671.76,Standard
SHP002442,05/26/2025,27-05-2025,03-06-2025,04-Jun-25,SkyFreight,South,East,South-East,Road,1550,Customs,Delivered,1145.85,Economy
SHP004183,02-Jun-25,06-06-2025,13-Jun-25,14-Jun-25,RoadRunner,West,East,West-East,Rail,2330,Vehicle Issue,Delivered,1686.59,Economy
SHP004184,08/28/2025,31-08-2025,04-Sep-25,03-09-2025,SkyFreight,Central,East,Central-East,Road,170,,Delivered,214.27,Standard
SHP005456,07-09-2025,12-Jul-25,14-Jul-25,19-07-2025,RoadRunner,North,Central,North-Central,Air,1210,Warehouse Backlog,Delivered,2183.25,Economy
SHP001160,26-11-2025,28-Nov-25,04-Dec-25,06-Dec-25,MetroLogix,West,Central,West-Central,Road,770,Customs,Delivered,895.24,Standard
SHP003688,06-07-2025,10-Jul-25,18-07-2025,22-07-2025,SkyFreight,North,Central,North-Central,Rail,1980,Traffic,Delivered,1478.87,Express
SHP001634,02/27/2025,28-Feb-25,04-03-2025,03-08-2025,SwiftShip,West,North,West-North,Air,2270,Vehicle Issue,Delivered,2964.47,Standard
SHP001630,22-Oct-25,23-Oct-25,31-Oct-25,31-Oct-25,SwiftShip,South,North,South-North,Road,2130,,Delivered,2968.03,Economy
SHP001585,23-02-2025,02/25/2025,03-Mar-25,03-04-2025,SwiftShip,North,East,North-East,Road,910,Vehicle Issue,Delivered,1263.82,Standard
SHP006321,12/14/2025,15-Dec-25,12/21/2025,24-12-2025,MetroLogix,North,West,North-West,Road,1150,Traffic,Delivered,1333.2,Economy
SHP001746,21-10-2025,10/22/2025,29-Oct-25,28-10-2025,SkyFreight,South,East,South-East,Road,1430,,Delivered,1931.29,Economy
SHP003006,03-06-2025,08-03-2025,03-11-2025,10-03-2025,MetroLogix,South,East,South-East,Air,140,,Delivered,325.91,Express
SHP004322,17-01-2025,19-01-2025,25-01-2025,01/25/2025,SwiftShip,Central,East,Central-East,Road,1250,,Delivered,1291.57,Economy
SHP000689,13-Jan-25,16-Jan-25,01/20/2025,20-Jan-25,SwiftShip,South,Central,South-Central,Rail,880,,Delivered,670.15,Economy
SHP002515,11/16/2025,11/19/2025,23-Nov-25,11/21/2025,SwiftShip,South,West,South-West,Air,510,,Delivered,936.69,Standard
SHP000505,10/27/2025,10/30/2025,02-11-2025,02-11-2025,ParcelPro,North,East,North-East,Air,1560,,Delivered,3255.97,Economy
SHP006170,22-Nov-25,24-11-2025,11/28/2025,11/27/2025,ParcelPro,Central,West,Central-West,Road,380,,Delivered,435.05,Economy
SHP001081,06-06-2025,08-06-2025,14-06-2025,06/13/2025,SwiftShip,East,West,East-West,Rail,1650,,Delivered,1488.3,Express
SHP006085,30-Sep-25,01-10-2025,11-Oct-25,09-Oct-25,SwiftShip,East,South,East-South,Road,2220,,Delivered,2381.66,Express
SHP003553,05-09-2025,05-12-2025,14-May-25,12-May-25,RoadRunner,North,Central,North-Central,Air,550,,Delivered,1163.64,Standard
SHP005304,23-03-2025,25-03-2025,02-Apr-25,04-05-2025,RoadRunner,West,South,West-South,Rail,2270,Weather,Delivered,1347.46,Economy
SHP002272,17-01-2025,19-Jan-25,01/23/2025,01/22/2025,SwiftShip,West,North,West-North,Rail,910,,Delivered,899.52,Standard
SHP004918,30-06-2025,01-Jul-25,07-04-2025,04-07-2025,SkyFreight,South,East,South-East,Air,2140,,Delivered,2972.07,Express
SHP004977,13-Sep-25,16-09-2025,09/19/2025,26-Sep-25,ParcelPro,Central,North,Central-North,Air,710,Vehicle Issue,Delivered,1746,Standard
SHP001501,27-Jul-25,29-Jul-25,01-08-2025,,MetroLogix,East,North,East-North,Rail,940,Customs,In Transit,773.38,Express
SHP005885,22-Aug-25,08/24/2025,29-08-2025,29-08-2025,SkyFreight,South,West,South-West,Air,1360,,Delivered,3209.88,Standard
SHP003267,19-08-2025,21-08-2025,30-08-2025,06-Sep-25,ParcelPro,South,North,South-North,Road,1700,Vehicle Issue,Delivered,1814.42,Express
SHP000138,11/27/2025,01-12-2025,04-12-2025,02-12-2025,SkyFreight,North,Central,North-Central,Air,1080,,Delivered,2183.32,Economy
SHP002731,08-12-2025,15-Aug-25,08/22/2025,08/21/2025,RoadRunner,West,Central,West-Central,Road,1130,,Delivered,1030.84,Standard
SHP002184,01-Feb-25,02-03-2025,10-Feb-25,12-Feb-25,SkyFreight,East,Central,East-Central,Road,1950,Capacity Constraint,Delivered,1493.06,Economy
SHP004206,28-07-2025,07/31/2025,07-Aug-25,07-08-2025,RoadRunner,West,South,West-South,Road,1650,,Delivered,2045.1,Express
SHP005673,25-Jan-25,27-Jan-25,02-02-2025,09-02-2025,ParcelPro,Central,East,Central-East,Road,1240,Traffic,Delivered,1279.96,Standard
SHP000871,12/22/2025,24-12-2025,26-12-2025,28-12-2025,RoadRunner,Central,North,Central-North,Air,780,Traffic,Delivered,1503.6,Economy
SHP003368,14-03-2025,03/16/2025,20-Mar-25,20-Mar-25,ParcelPro,East,Central,East-Central,Rail,1320,,Delivered,1028.15,Economy
SHP004915,28-Dec-25,12/30/2025,01-04-2026,,RoadRunner,West,Central,West-Central,Road,560,Customs,Cancelled,719.68,Express
SHP003380,25-10-2025,10/28/2025,10/31/2025,03-11-2025,MetroLogix,South,West,South-West,Road,720,Traffic,Delivered,829.33,Standard
SHP005716,28-Aug-25,30-Aug-25,07-Sep-25,05-Sep-25,SwiftShip,South,North,South-North,Road,1960,,Delivered,1458.07,Express
SHP004940,22-12-2025,12/23/2025,12/28/2025,01-01-2026,SwiftShip,East,West,East-West,Road,1100,Capacity Constraint,Delivered,1627.4,Standard
SHP000491,18-Nov-25,20-11-2025,11/29/2025,03-12-2025,  ROADRUNNER  ,Central,West,Central-West,Road,1820,Traffic,Delivered,1720.51,Express
SHP005633,08-Mar-25,10-03-2025,03/14/2025,16-03-2025,RoadRunner,South,North,South-North,Road,990,Capacity Constraint,Delivered,1323.44,Standard
SHP003326,23-Sep-25,09/25/2025,09/30/2025,28-09-2025,SkyFreight,West,East,West-East,Rail,980,,Delivered,634.7,Economy
SHP000822,07-03-2025,07-06-2025,07-10-2025,07-10-2025,ParcelPro,North,Central,North-Central,Road,350,,Delivered,321.74,Standard
SHP001965,02-Nov-25,03-11-2025,07-11-2025,,SwiftShip,South,West,South-West,Road,980,Weather,In Transit,1363.43,Economy
SHP002274,14-Mar-25,16-03-2025,03/22/2025,27-Mar-25,RoadRunner,East,South,East-South,Road,1240,Capacity Constraint,Delivered,1238.93,Economy
SHP005392,03-Jun-25,06-07-2025,16-Jun-25,06/16/2025,  SKYFREIGHT  ,Central,West,Central-West,Road,2070,,Delivered,2589.44,Economy
SHP001992,12-09-2025,12-11-2025,20-Dec-25,12/22/2025,RoadRunner,East,West,East-West,Road,2170,Weather,Delivered,1546.43,Express
SHP001290,12-11-2025,14-12-2025,12/22/2025,22-Dec-25,SkyFreight,West,North,West-North,Road,2030,,Delivered,2799.62,Express
SHP001336,21-Dec-25,24-12-2025,01-02-2026,01-07-2026,ParcelPro,Central,West,Central-West,Road,2070,Warehouse Backlog,Delivered,1609.2,Economy
SHP002293,30-07-2025,01-Aug-25,04-Aug-25,02-08-2025,MetroLogix,East,West,East-West,Road,500,,Delivered,768.91,Express
SHP004534,03/25/2025,28-Mar-25,04-03-2025,03-Apr-25,RoadRunner,East,West,East-West,Road,940,,Delivered,878.69,Standard
SHP001127,02/27/2025,02/28/2025,07-Mar-25,11-Mar-25,MetroLogix,South,East,South-East,Road,1620,Weather,Delivered,2270.61,Standard
SHP000119,10-04-2025,04-12-2025,04/22/2025,22-04-2025,SkyFreight,North,East,North-East,Road,2070,,Delivered,1635.25,Express
SHP000474,27-07-2025,30-07-2025,07-08-2025,08-08-2025,RoadRunner,Central,South,Central-South,Road,1690,Warehouse Backlog,Delivered,1347.05,Standard
SHP002529,23-03-2025,24-03-2025,31-03-2025,31-Mar-25,MetroLogix,North,South,North-South,Rail,1970,,Delivered,1260.08,Economy
SHP003615,26-02-2025,27-Feb-25,03-01-2025,03-Mar-25,MetroLogix,East,Central,East-Central,Road,370,Weather,Delivered,436.64,Express
SHP005414,26-11-2025,27-11-2025,06-Dec-25,12-07-2025,RoadRunner,Central,North,Central-North,Road,2060,Capacity Constraint,Delivered,2591.1,Standard
SHP006016,30-Dec-25,01-02-2026,05-01-2026,01-08-2026,RoadRunner,South,Central,South-Central,Road,370,Capacity Constraint,Delivered,588.49,Standard
SHP000247,02/16/2025,19-Feb-25,28-Feb-25,28-02-2025,MetroLogix,Central,North,Central-North,Road,1790,,Delivered,2387,Economy
SHP001996,12-07-2025,13-Jul-25,15-Jul-25,16-07-2025,RoadRunner,South,North,South-North,Road,190,Warehouse Backlog,Delivered,224.33,Economy
SHP001011,25-Feb-25,28-02-2025,08-03-2025,09-03-2025,RoadRunner,South,North,South-North,Road,1720,Warehouse Backlog,Delivered,1698.1,Express
SHP004221,25-05-2025,28-May-25,02-06-2025,06-05-2025,RoadRunner,North,South,North-South,Air,1500,Capacity Constraint,Delivered,3481.8,Standard
SHP002943,13-01-2025,15-Jan-25,19-Jan-25,01/29/2025,SwiftShip,Central,West,Central-West,Air,2290,Warehouse Backlog,Delivered,3924.62,Express
SHP005765,02-Oct-25,04-10-2025,11-10-2025,12-Oct-25,MetroLogix,West,North,West-North,Road,1150,Warehouse Backlog,Delivered,1294.97,Standard
SHP006114,26-Mar-25,28-03-2025,02-04-2025,12-Apr-25,SkyFreight,South,Central,South-Central,Road,730,Warehouse Backlog,Delivered,699.48,Economy
SHP005192,27-Jul-25,29-Jul-25,08-07-2025,17-08-2025,RoadRunner,South,West,South-West,Road,2220,Traffic,Delivered,2385.54,Standard
SHP000663,03-09-2025,03-12-2025,03/15/2025,16-Mar-25,MetroLogix,South,East,South-East,Rail,220,Customs,Delivered,240.28,Standard
SHP005070,03-03-2025,05-Mar-25,15-03-2025,17-03-2025,SkyFreight,Central,South,Central-South,Road,2140,Weather,Delivered,2791.76,Economy
SHP001474,14-02-2025,17-02-2025,02/22/2025,24-02-2025,ParcelPro,West,East,West-East,Air,2250,Vehicle Issue,Delivered,4055.48,Standard
SHP005937,27-Apr-25,28-Apr-25,03-05-2025,05-May-25,SkyFreight,North,West,North-West,Road,760,Weather,Delivered,755.28,Express
SHP004501,17-Apr-25,18-Apr-25,23-Apr-25,04/26/2025,MetroLogix,Central,West,Central-West,Air,1460,Capacity Constraint,Delivered,1745.29,Economy
SHP002624,08-03-2025,05-08-2025,10-Aug-25,08-10-2025,SwiftShip,South,West,South-West,Road,1250,,Delivered,980.08,Standard
SHP001485,08/21/2025,08/24/2025,01-Sep-25,,SwiftShip,West,North,West-North,Road,1650,Warehouse Backlog,Cancelled,2042.57,Economy
SHP005064,11-Jun-25,06-12-2025,15-06-2025,16-06-2025,SwiftShip,Central,West,Central-West,Air,550,Vehicle Issue,Delivered,1272.95,Economy
SHP002219,07/13/2025,07/16/2025,20-07-2025,20-Jul-25,MetroLogix,South,East,South-East,Road,950,,Delivered,1165.79,Standard
SHP003851,18-08-2025,20-08-2025,08/31/2025,09-01-2025,RoadRunner,South,North,South-North,Road,2310,Weather,Undelivered,2335.49,Economy
SHP002373,23-10-2025,24-Oct-25,10/28/2025,10/28/2025,  ROADRUNNER  ,East,West,East-West,Air,970,,Delivered,1676.45,Standard
SHP002446,08-Feb-25,10-Feb-25,14-02-2025,24-Feb-25,MetroLogix,Central,East,Central-East,Rail,990,Customs,Delivered,1151.92,Express
SHP002075,11-05-2025,06-Nov-25,09-Nov-25,11-11-2025,SkyFreight,Central,South,Central-South,Air,1980,Traffic,Delivered,3059.34,Economy
SHP003385,18-Nov-25,11/20/2025,24-Nov-25,22-Nov-25,  SWIFTSHIP  ,South,Central,South-Central,Air,2240,,Delivered,5000.14,Express
SHP004247,02/26/2025,27-02-2025,02-03-2025,03-03-2025,SwiftShip,Central,South,Central-South,Rail,620,Capacity Constraint,Delivered,459.59,Express
SHP001541,17-Aug-25,18-08-2025,21-Aug-25,08/24/2025,ParcelPro,South,Central,South-Central,Air,2080,Weather,Delivered,3261.62,Express
SHP004565,04-02-2025,07-Feb-25,11-Feb-25,13-Feb-25,SwiftShip,Central,West,Central-West,Road,350,Traffic,Delivered,519.66,Express
SHP004986,27-11-2025,11/28/2025,01-Dec-25,02-Dec-25,SkyFreight,Central,West,Central-West,Rail,370,Capacity Constraint,Undelivered,364.06,Standard
SHP003419,12/13/2025,16-12-2025,12/24/2025,25-Dec-25,RoadRunner,North,Central,North-Central,Road,1460,Traffic,Delivered,1797.98,Express
SHP005084,03-06-2025,05-Jun-25,06/13/2025,06/13/2025,SwiftShip,South,Central,South-Central,Road,1380,,Delivered,1695.28,Express
SHP000084,09-08-2025,08-10-2025,18-Aug-25,16-08-2025,MetroLogix,South,West,South-West,Road,1830,,Delivered,1910.51,Express
SHP004847,27-04-2025,05-01-2025,09-May-25,07-May-25,ParcelPro,South,Central,South-Central,Road,1470,,Delivered,1693.83,Economy
SHP003866,12-09-2025,14-Sep-25,17-09-2025,21-Sep-25,SwiftShip,Central,South,Central-South,Rail,560,Traffic,Delivered,583.84,Standard
SHP002278,06-Jun-25,08-Jun-25,06/16/2025,06/19/2025,SkyFreight,East,West,East-West,Road,1570,Vehicle Issue,Delivered,1258.75,Express
SHP003928,31-12-2025,02-01-2026,01-10-2026,01-10-2026,SwiftShip,South,West,South-West,Road,1620,,Delivered,2163.48,Express
SHP005166,11/17/2025,18-11-2025,21-Nov-25,11/19/2025,MetroLogix,North,East,North-East,Road,200,,Delivered,259.25,Economy
SHP001457,07/27/2025,07/29/2025,07/31/2025,08-01-2025,MetroLogix,East,West,East-West,Road,160,Traffic,Delivered,217.35,Standard
SHP004729,06-06-2025,07-06-2025,06/16/2025,21-06-2025,SwiftShip,West,South,West-South,Road,1980,Traffic,Delivered,1894.74,Economy
SHP001418,10/17/2025,18-10-2025,22-Oct-25,21-10-2025,MetroLogix,South,North,South-North,Rail,370,,Delivered,299.21,Express
SHP000638,10-08-2025,08-11-2025,19-08-2025,08/18/2025,RoadRunner,North,East,North-East,Road,1660,,Delivered,1216.66,Economy
SHP000895,06/14/2025,17-Jun-25,24-06-2025,06/24/2025,SkyFreight,West,North,West-North,Road,1630,,Delivered,1456.29,Economy
SHP001384,27-04-2025,29-Apr-25,08-May-25,07-05-2025,SkyFreight,South,East,South-East,Road,1880,,Undelivered,1494.99,Economy
SHP005093,01-02-2025,03-Feb-25,06-02-2025,05-Feb-25,MetroLogix,North,South,North-South,Road,390,,Delivered,435.23,Standard
SHP004147,23-Mar-25,26-03-2025,03/30/2025,31-03-2025,RoadRunner,North,Central,North-Central,Road,190,Customs,Delivered,339,Express
SHP001058,28-11-2025,30-11-2025,05-Dec-25,08-Dec-25,RoadRunner,North,East,North-East,Road,1160,Customs,Delivered,1201.69,Express
SHP004711,15-Jan-25,01/16/2025,24-01-2025,01/23/2025,MetroLogix,Central,South,Central-South,Road,1680,,Delivered,1312.17,Economy
SHP000001,24-11-2025,25-Nov-25,29-Nov-25,01-12-2025,ParcelPro,North,West,North-West,Road,380,Weather,Delivered,363.7,Standard
SHP003028,01/16/2025,18-Jan-25,01/20/2025,30-Jan-25,SwiftShip,North,West,North-West,Air,590,Warehouse Backlog,Delivered,1076.11,Standard
SHP005412,22-05-2025,23-May-25,27-May-25,31-May-25,MetroLogix,West,South,West-South,Air,1550,Warehouse Backlog,Delivered,3543.98,Economy
SHP004478,09-Dec-25,12-12-2025,12/22/2025,22-Dec-25,ParcelPro,Central,West,Central-West,Road,2380,,Delivered,2956.83,Standard
SHP002445,12/23/2025,24-12-2025,28-Dec-25,12/28/2025,SkyFreight,South,North,South-North,Air,2260,,Delivered,3714.24,Standard
SHP004189,09-01-2025,11-Jan-25,14-01-2025,14-Jan-25,MetroLogix,South,Central,South-Central,Air,2230,,Delivered,4465.4,Economy
SHP003278,01/30/2025,02-01-2025,02-08-2025,02/15/2025,SkyFreight,South,West,South-West,Road,1750,Customs,Delivered,2027.62,Standard
SHP002689,11-09-2025,10-Nov-25,11/20/2025,19-11-2025,RoadRunner,East,North,East-North,Road,2260,,Delivered,1750.91,Standard
SHP003828,07-04-2025,08-07-2025,12-07-2025,07-10-2025,MetroLogix,Central,East,Central-East,Air,820,,Delivered,1804.92,Standard
SHP002563,07-04-2025,07-06-2025,11-Jul-25,11-Jul-25,SkyFreight,Central,East,Central-East,Road,580,,Delivered,871.74,Economy
SHP004387,10-05-2025,09-Oct-25,12-Oct-25,10-10-2025,RoadRunner,East,North,East-North,Road,270,,Delivered,458.04,Economy
SHP003977,24-06-2025,26-Jun-25,06/29/2025,09-07-2025,  METROLOGIX  ,West,North,West-North,Road,430,Vehicle Issue,Delivered,654.67,Economy
SHP004164,07-Feb-25,08-Feb-25,15-Feb-25,16-02-2025,SkyFreight,West,Central,West-Central,Road,1870,Traffic,Delivered,1921.11,Express
SHP000664,12-10-2025,15-10-2025,21-10-2025,24-Oct-25,SkyFreight,South,East,South-East,Road,1280,Warehouse Backlog,Delivered,1020.63,Standard
SHP006306,02-09-2025,03-09-2025,09-09-2025,09-09-2025,MetroLogix,South,East,South-East,Road,1120,,Delivered,1470.03,Economy
SHP002684,13-Feb-25,16-Feb-25,24-Feb-25,27-Feb-25,ParcelPro,Central,West,Central-West,Road,2090,Customs,Delivered,1647.56,Express
SHP004742,05-Dec-25,07-Dec-25,12-Dec-25,12/14/2025,ParcelPro,West,Central,West-Central,Road,740,Weather,Delivered,836.72,Standard
SHP005467,11-Nov-25,13-Nov-25,18-Nov-25,11/18/2025,MetroLogix,South,Central,South-Central,Air,1670,,Delivered,3197.48,Economy
SHP001828,25-Jan-25,28-01-2025,01-02-2025,01-Feb-25,MetroLogix,East,North,East-North,Road,340,,Delivered,433.96,Express
SHP001891,03-07-2025,03-09-2025,16-Mar-25,16-03-2025,RoadRunner,Central,North,Central-North,Road,1690,,Delivered,1602.19,Express
SHP006291,29-06-2025,01-07-2025,05-07-2025,07-07-2025,RoadRunner,East,North,East-North,Rail,1170,Weather,Delivered,1058.49,Economy
SHP005551,28-Mar-25,03/31/2025,09-04-2025,,SwiftShip,South,North,South-North,Road,1760,Traffic,Cancelled,2539.86,Economy
SHP002132,18-Jul-25,07/20/2025,23-Jul-25,23-07-2025,SwiftShip,East,Central,East-Central,Road,580,,Delivered,491.85,Economy
SHP004952,08/27/2025,08/29/2025,09-07-2025,07-09-2025,ParcelPro,North,West,North-West,Road,1940,,Delivered,2283.58,Express
SHP004685,06-05-2025,05-08-2025,13-05-2025,23-05-2025,RoadRunner,East,North,East-North,Road,1300,Warehouse Backlog,Delivered,1450.08,Standard
SHP002949,07-06-2025,06-08-2025,16-06-2025,06/16/2025,RoadRunner,South,West,South-West,Rail,2270,,Delivered,1628.41,Express
SHP001439,23-May-25,24-May-25,05/28/2025,05/28/2025,SwiftShip,Central,East,Central-East,Road,680,,Delivered,781.25,Economy
SHP003603,30-Aug-25,31-08-2025,09-Sep-25,09-09-2025,SwiftShip,North,East,North-East,Road,1660,,Delivered,2115.29,Economy
SHP006417,09-12-2025,12-12-2025,12/15/2025,12/16/2025,SwiftShip,East,South,East-South,Air,130,Warehouse Backlog,Delivered,248.58,Express
SHP004771,23-Oct-25,26-Oct-25,10/30/2025,02-11-2025,SwiftShip,Central,West,Central-West,Air,520,Traffic,Delivered,1006.31,Standard
SHP006223,27-May-25,29-05-2025,05/31/2025,06-01-2025,ParcelPro,South,North,South-North,Rail,360,Traffic,Delivered,398.84,Express
SHP003250,10-12-2025,10/15/2025,10/17/2025,,ParcelPro,South,West,South-West,Rail,520,Traffic,In Transit,648,Economy
SHP004447,04-01-2025,04-Apr-25,09-Apr-25,04-12-2025,RoadRunner,West,Central,West-Central,Rail,1200,Traffic,Delivered,859.41,Economy
SHP006188,25-Mar-25,26-Mar-25,28-03-2025,27-03-2025,MetroLogix,West,South,West-South,Air,1180,,Delivered,1727.35,Standard
SHP003733,25-07-2025,27-Jul-25,01-08-2025,02-Aug-25,ParcelPro,Central,West,Central-West,Road,970,Traffic,Delivered,1303.98,Express
SHP002426,04-12-2025,13-Apr-25,21-Apr-25,19-04-2025,SwiftShip,South,West,South-West,Road,1380,,Delivered,1173.75,Standard
SHP004931,20-07-2025,07/22/2025,07/24/2025,23-07-2025,RoadRunner,East,Central,East-Central,Rail,250,,Delivered,260.45,Standard
SHP004688,05-Dec-25,12-06-2025,13-Dec-25,23-Dec-25,MetroLogix,North,West,North-West,Road,1350,Vehicle Issue,Delivered,1854.03,Express
SHP002179,12-07-2025,14-Jul-25,24-07-2025,22-Jul-25,SkyFreight,Central,South,Central-South,Road,2180,,Delivered,1804.67,Standard
SHP003702,26-06-2025,29-Jun-25,08-07-2025,07-09-2025,ParcelPro,West,Central,West-Central,Road,2330,Customs,Delivered,3278.87,Express
SHP000649,20-03-2025,23-Mar-25,03/30/2025,29-Mar-25,RoadRunner,Central,North,Central-North,Road,1580,,Delivered,1583.08,Standard
SHP000485,08-01-2025,03-08-2025,08-06-2025,08-Aug-25,MetroLogix,West,North,West-North,Road,700,Customs,Delivered,962.17,Standard
SHP001308,05/31/2025,06-02-2025,08-06-2025,08-Jun-25,SkyFreight,East,South,East-South,Road,1110,,Delivered,997.01,Standard
SHP005796,14-08-2025,08/16/2025,25-08-2025,09-04-2025,MetroLogix,North,East,North-East,Road,2170,Warehouse Backlog,Delivered,2557.86,Standard
SHP005314,04-01-2025,02-Apr-25,12-Apr-25,04/16/2025,SwiftShip,West,East,West-East,Road,2320,Vehicle Issue,Delivered,3122.45,Standard
SHP005219,06/24/2025,26-Jun-25,28-06-2025,30-Jun-25,ParcelPro,West,North,West-North,Air,960,Vehicle Issue,Delivered,1687.63,Standard
SHP000040,08-08-2025,10-08-2025,14-Aug-25,08/13/2025,SwiftShip,East,South,East-South,Air,2220,,Delivered,4545.14,Economy
SHP004778,16-10-2025,10/19/2025,10/24/2025,03-11-2025,ParcelPro,Central,South,Central-South,Road,580,Customs,Delivered,673.6,Express
SHP000997,12-03-2025,03/14/2025,03/19/2025,03/26/2025,RoadRunner,South,West,South-West,Road,1170,Capacity Constraint,Delivered,1207.53,Standard
SHP005432,11-06-2025,06-12-2025,15-Jun-25,06/14/2025,SkyFreight,North,Central,North-Central,Road,610,,Delivered,531.72,Express
SHP001690,02-12-2025,02/14/2025,18-02-2025,02/18/2025,SwiftShip,South,West,South-West,Air,720,,Delivered,1749.46,Economy
SHP003322,02-02-2025,03-02-2025,10-Feb-25,02-10-2025,RoadRunner,North,East,North-East,Road,"1,230 km",,Delivered,935.7,Economy
SHP000675,08-08-2025,10-08-2025,18-08-2025,08/18/2025,SwiftShip,West,South,West-South,Road,2060,,Delivered,2778.12,Standard
SHP005480,02-03-2025,03-03-2025,08-03-2025,15-03-2025,ParcelPro,West,East,West-East,Road,780,Vehicle Issue,Delivered,856.08,Express
SHP006387,20-11-2025,22-11-2025,26-11-2025,29-11-2025,RoadRunner,West,East,West-East,Air,1170,Traffic,Delivered,2398.89,Standard
SHP005211,21-04-2025,04/23/2025,28-04-2025,05-02-2025,ParcelPro,North,Central,North-Central,Air,1390,Weather,Delivered,1898.04,Standard
SHP002482,12-06-2025,14-Jun-25,23-Jun-25,24-06-2025,MetroLogix,East,North,East-North,Rail,2330,Traffic,Delivered,1279.2,Economy
SHP006199,04-10-2025,12-Apr-25,04/20/2025,,SkyFreight,North,West,North-West,Road,1590,Capacity Constraint,In Transit,1186.07,Standard
SHP005752,05-04-2025,04-06-2025,11-04-2025,11-04-2025,SkyFreight,East,West,East-West,Air,2100,,Delivered,4814.22,Standard
SHP002133,13-08-2025,08/17/2025,08/21/2025,08/24/2025,MetroLogix,North,South,North-South,Rail,380,Capacity Constraint,Delivered,420.06,Standard
SHP003225,27-12-2025,29-12-2025,06-Jan-26,06-01-2026,MetroLogix,South,North,South-North,Road,1840,,Delivered,2274.2,Economy
SHP003901,02-06-2025,03-Jun-25,06-10-2025,10-Jun-25,SwiftShip,North,East,North-East,Road,1250,,Delivered,1731.52,Standard
SHP002090,22-Jan-25,24-01-2025,01/29/2025,29-Jan-25,SwiftShip,West,Central,West-Central,Rail,1320,,Delivered,1105.93,Express
SHP001083,18-08-2025,08/21/2025,08/30/2025,31-08-2025,MetroLogix,East,West,East-West,Road,2280,Weather,Delivered,2899.53,Economy
SHP003135,07/23/2025,07/26/2025,07/29/2025,02-08-2025,SwiftShip,South,East,South-East,Road,310,Capacity Constraint,Delivered,360.28,Economy
SHP004514,13-08-2025,16-08-2025,20-08-2025,20-08-2025,ParcelPro,South,Central,South-Central,Road,770,,Delivered,627.56,Express
SHP004145,20-Mar-25,22-03-2025,03/25/2025,03/27/2025,MetroLogix,South,East,South-East,Road,720,Vehicle Issue,Delivered,654.79,Economy
SHP005932,13-07-2025,07/14/2025,17-07-2025,19-Jul-25,SkyFreight,West,South,West-South,Road,590,Weather,Delivered,726.04,Economy
SHP004899,01/18/2025,01/19/2025,23-Jan-25,24-Jan-25,SwiftShip,East,West,East-West,Road,1000,Capacity Constraint,Delivered,816.32,Economy
SHP003627,04-Feb-25,07-02-2025,13-02-2025,15-02-2025,SkyFreight,West,North,West-North,Road,970,Weather,Delivered,1209.03,Standard
SHP001100,10-08-2025,10-09-2025,14-Oct-25,16-Oct-25,RoadRunner,East,West,East-West,Air,1370,Vehicle Issue,Delivered,3112.38,Standard
SHP004300,01-01-2025,01-02-2025,08-01-2025,08-Jan-25,ParcelPro,Central,North,Central-North,Road,1310,,Delivered,1039.22,Economy
SHP001825,05-08-2025,05-10-2025,05/14/2025,19-May-25,RoadRunner,South,West,South-West,Rail,1140,Weather,Delivered,1140.04,Economy
SHP001901,28-06-2025,30-06-2025,07-02-2025,06/30/2025,SwiftShip,South,West,South-West,Air,210,,Delivered,401.12,Standard
SHP003911,21-03-2025,03/23/2025,26-Mar-25,03/28/2025,RoadRunner,South,East,South-East,Road,750,Customs,Delivered,1124.14,Standard
SHP000540,07/21/2025,07/23/2025,01-Aug-25,01-Aug-25,ParcelPro,East,North,East-North,Road,1720,,Delivered,2371.88,Standard
SHP004887,18-Jul-25,07/20/2025,22-07-2025,,ParcelPro,East,South,East-South,Air,760,,In Transit,1556.03,Economy
SHP006427,03-10-2025,03-11-2025,14-03-2025,18-Mar-25,ParcelPro,South,West,South-West,Road,190,Warehouse Backlog,Delivered,349.24,Express
SHP006388,11-Apr-25,04/15/2025,19-04-2025,17-Apr-25,SwiftShip,Central,South,Central-South,Air,2240,,Delivered,2881.48,Economy
SHP006292,04-Nov-25,05-11-2025,12-11-2025,11-11-2025,SkyFreight,Central,South,Central-South,Road,1640,,Delivered,1878.31,Standard
SHP003910,28-Mar-25,03/29/2025,04-04-2025,04-04-2025,SkyFreight,South,North,South-North,Road,880,,Delivered,758.67,Express
SHP005179,01-05-2025,03-05-2025,06-May-25,06-05-2025,SwiftShip,East,North,East-North,Rail,300,,Delivered,254.31,Economy
SHP002347,08-Dec-25,10-12-2025,17-12-2025,12/24/2025,MetroLogix,North,West,North-West,Road,1510,Customs,Delivered,1590.08,Express
SHP000827,22-Mar-25,23-Mar-25,25-03-2025,04-01-2025,SwiftShip,North,West,North-West,Road,280,Vehicle Issue,Delivered,300.23,Express
SHP002699,01-Sep-25,03-09-2025,10-09-2025,09-12-2025,ParcelPro,South,West,South-West,Road,1830,Capacity Constraint,Delivered,2411.58,Standard
SHP004520,02-03-2025,02-05-2025,02/14/2025,12-02-2025,SwiftShip,South,East,South-East,Road,1900,,Delivered,2358.84,Express
SHP001848,05/20/2025,05/21/2025,01-Jun-25,05/30/2025,MetroLogix,North,Central,North-Central,Road,2330,,Delivered,1834.49,Economy
SHP004079,26-May-25,05/29/2025,05-06-2025,04-06-2025,SwiftShip,West,South,West-South,Road,1440,,Delivered,1745.72,Express
SHP003840,08-Nov-25,11-09-2025,16-Nov-25,11/17/2025,MetroLogix,East,West,East-West,Road,1870,Weather,Delivered,1788.43,Express
SHP004531,11/30/2025,12-04-2025,08-12-2025,12-07-2025,RoadRunner,East,West,East-West,Road,120,,Delivered,185.4,Standard
SHP002040,30-07-2025,02-08-2025,10-Aug-25,08-09-2025,ParcelPro,North,East,North-East,Road,1470,,Delivered,1941.78,Express
SHP005500,26-04-2025,04/28/2025,30-Apr-25,,ParcelPro,South,East,South-East,Air,330,Vehicle Issue,In Transit,518.85,Economy
SHP001461,01-07-2025,07-02-2025,07-Jul-25,09-Jul-25,MetroLogix,South,North,South-North,Air,1910,Warehouse Backlog,Delivered,2240.17,Express
SHP004789,09/30/2025,01-Oct-25,10-05-2025,05-Oct-25,SwiftShip,West,East,West-East,Air,2320,,Undelivered,3290.13,Standard
SHP004983,01/18/2025,21-01-2025,27-01-2025,,  PARCELPRO  ,Central,North,Central-North,Air,2280,Vehicle Issue,Cancelled,4478.47,Express
SHP002894,04-Feb-25,06-02-2025,10-Feb-25,09-Feb-25,SkyFreight,West,East,West-East,Road,170,,Delivered,259.54,Standard
SHP005051,18-04-2025,04/22/2025,01-05-2025,02-May-25,SkyFreight,South,Central,South-Central,Road,1710,Warehouse Backlog,Delivered,1211.47,Express
SHP002358,20-Feb-25,22-02-2025,03-02-2025,03-Mar-25,RoadRunner,South,Central,South-Central,Road,1590,Capacity Constraint,Delivered,1885.33,Express
SHP005404,29-Sep-25,10-02-2025,10-09-2025,09-10-2025,SwiftShip,East,Central,East-Central,Road,1610,,Delivered,1853.2,Express
SHP005770,24-Feb-25,26-02-2025,05-03-2025,07-03-2025,RoadRunner,West,Central,West-Central,Road,1070,Vehicle Issue,Delivered,796.22,Express
SHP000752,14-Apr-25,15-Apr-25,04/21/2025,04/20/2025,ParcelPro,West,East,West-East,Road,790,,Delivered,799.12,Economy
SHP005138,16-02-2025,02/18/2025,21-Feb-25,23-02-2025,SwiftShip,East,West,East-West,Road,400,Warehouse Backlog,Delivered,382.2,Express
SHP005322,12/17/2025,20-Dec-25,27-12-2025,12/28/2025,MetroLogix,East,South,East-South,Road,1810,Customs,Delivered,1499,Economy
SHP003816,26-Oct-25,10/27/2025,02-Nov-25,06-Nov-25,SwiftShip,West,East,West-East,Road,1070,Warehouse Backlog,Delivered,978.12,Economy
SHP005613,11-01-2025,03-Nov-25,07-11-2025,14-Nov-25,RoadRunner,South,North,South-North,Road,340,Weather,Delivered,316.91,Economy
SHP002964,15-May-25,16-05-2025,20-May-25,22-May-25,SwiftShip,Central,East,Central-East,Air,860,Capacity Constraint,Delivered,2012.65,Economy
SHP002824,04-08-2025,05-Aug-25,12-Aug-25,08/13/2025,ParcelPro,South,East,South-East,Rail,1630,Capacity Constraint,Delivered,1153.06,Economy
SHP003984,22-Jan-25,23-Jan-25,31-01-2025,02-02-2025,SkyFreight,East,South,East-South,Road,1820,Capacity Constraint,Delivered,1772.55,Standard
SHP005112,17-12-2025,18-12-2025,26-Dec-25,27-12-2025,MetroLogix,South,Central,South-Central,Rail,1840,Traffic,Delivered,1305.14,Economy
SHP001281,25-11-2025,11/26/2025,30-Nov-25,30-Nov-25,ParcelPro,West,East,West-East,Air,1070,,Delivered,1780.52,Express
SHP005111,04-03-2025,05-Apr-25,14-04-2025,18-Apr-25,RoadRunner,Central,East,Central-East,Road,2130,Vehicle Issue,Delivered,2861.53,Express
SHP002980,04-08-2025,08-06-2025,09-08-2025,07-08-2025,SkyFreight,Central,North,Central-North,Air,1980,,Delivered,2600.31,Express
SHP003651,03/24/2025,03/25/2025,03/28/2025,03/27/2025,  SKYFREIGHT  ,South,West,South-West,Rail,570,,Delivered,468.73,Standard
SHP005401,17-Sep-25,20-09-2025,09/25/2025,24-Sep-25,SwiftShip,East,North,East-North,Air,1800,,Delivered,4157.28,Standard
SHP003861,02-09-2025,04-09-2025,13-Sep-25,14-Sep-25,SwiftShip,North,East,North-East,Road,1870,Customs,Delivered,1786.81,Express
SHP000487,05-Dec-25,08-Dec-25,16-12-2025,19-12-2025,SkyFreight,North,Central,North-Central,Rail,1910,Warehouse Backlog,Delivered,1982.42,Economy
SHP000187,27-05-2025,29-05-2025,02-Jun-25,06-02-2025,SkyFreight,Central,South,Central-South,Air,330,,Delivered,487.9,Express
SHP005794,18-Nov-25,20-Nov-25,23-Nov-25,,RoadRunner,North,West,North-West,Air,290,,In Transit,737.52,Economy
SHP000256,12/23/2025,25-12-2025,04-Jan-26,01-04-2026,SkyFreight,East,Central,East-Central,Road,2130,,Delivered,1798.93,Economy
SHP004430,28-Jul-25,30-07-2025,02-08-2025,08-12-2025,SwiftShip,North,Central,North-Central,Road,670,Traffic,Undelivered,562.28,Express
SHP004433,13-Jul-25,15-Jul-25,07/20/2025,07/21/2025,SkyFreight,South,West,South-West,Road,810,Customs,Delivered,678,Economy
SHP004427,03/25/2025,27-03-2025,31-03-2025,03-04-2025,ParcelPro,East,Central,East-Central,Rail,1200,Warehouse Backlog,Delivered,1260.22,Standard
SHP005582,09/29/2025,01-10-2025,10-10-2025,15-10-2025,MetroLogix,East,South,East-South,Road,2220,Vehicle Issue,Delivered,1834.32,Economy
SHP004684,06-Nov-25,07-Nov-25,11/13/2025,11-12-2025,SwiftShip,West,Central,West-Central,Road,1630,,Delivered,1741.31,Standard
SHP002916,31-Mar-25,04-02-2025,04-11-2025,11-04-2025,ParcelPro,Central,West,Central-West,Road,2240,,Delivered,1579.47,Express
SHP004965,12-10-2025,10/15/2025,10/24/2025,10/23/2025,RoadRunner,Central,West,Central-West,Road,2330,,Delivered,1824.9,Express
SHP001797,25-11-2025,27-Nov-25,04-Dec-25,07-Dec-25,SwiftShip,North,Central,North-Central,Road,1680,Vehicle Issue,Delivered,1899.59,Standard
SHP002922,23-01-2025,01/25/2025,27-Jan-25,27-01-2025,MetroLogix,North,East,North-East,Air,930,,Delivered,1911.96,Express
SHP002905,06-Aug-25,08-07-2025,08-11-2025,08-11-2025,SwiftShip,East,South,East-South,Road,730,,Delivered,898.42,Express
SHP004521,12/27/2025,29-Dec-25,06-01-2026,05-01-2026,ParcelPro,South,East,South-East,Road,2120,,Delivered,2573.84,Express
SHP005482,05-11-2025,05/13/2025,20-05-2025,19-05-2025,MetroLogix,South,Central,South-Central,Road,1090,,Delivered,963.9,Express
SHP002458,08/16/2025,18-Aug-25,08/25/2025,24-08-2025,SwiftShip,South,North,South-North,Road,1710,,Delivered,1686.38,Standard
SHP000782,12-Nov-25,11/14/2025,18-11-2025,18-Nov-25,RoadRunner,West,East,West-East,Road,670,,Delivered,862.9,Economy
SHP003868,07-01-2025,05-07-2025,11-Jul-25,10-Jul-25,ParcelPro,East,South,East-South,Road,1470,,Delivered,1850.39,Economy
SHP002155,02-Nov-25,04-Nov-25,11-08-2025,10-11-2025,RoadRunner,East,South,East-South,Air,2270,Traffic,Delivered,2938.35,Standard
SHP005624,09/21/2025,09/24/2025,09/27/2025,27-Sep-25,SkyFreight,South,Central,South-Central,Road,400,,Delivered,379.88,Standard
SHP005288,10/31/2025,02-Nov-25,05-Nov-25,03-11-2025,RoadRunner,North,West,North-West,Road,370,,Delivered,445.79,Economy
SHP005507,23-12-2025,25-Dec-25,30-12-2025,28-12-2025,SwiftShip,South,North,South-North,Road,1190,,Delivered,1556.57,Standard
SHP001149,19-Jul-25,20-Jul-25,07/22/2025,07/22/2025,RoadRunner,East,North,East-North,Air,370,,Delivered,750.49,Standard
SHP004799,18-06-2025,20-Jun-25,25-Jun-25,23-Jun-25,ParcelPro,East,North,East-North,Road,1010,,Delivered,1081.67,Standard
SHP003537,30-Jun-25,03-Jul-25,08-Jul-25,06-Jul-25,SwiftShip,Central,East,Central-East,Rail,610,,Delivered,543.04,Economy
SHP000611,02-12-2025,15-02-2025,02/23/2025,05-03-2025,ParcelPro,Central,North,Central-North,Road,1680,Warehouse Backlog,Delivered,2102.4,Standard
SHP002145,08/29/2025,30-Aug-25,04-Sep-25,09-03-2025,SwiftShip,West,North,West-North,Road,790,,Delivered,763.23,Standard
SHP004179,07-09-2025,11-07-2025,15-07-2025,07/14/2025,RoadRunner,South,East,South-East,Road,600,,Delivered,919.64,Economy
SHP000517,26-Aug-25,29-08-2025,01-Sep-25,01-09-2025,RoadRunner,Central,East,Central-East,Air,1840,,Delivered,2152.03,Standard
SHP006077,02/19/2025,21-02-2025,25-02-2025,26-02-2025,ParcelPro,West,South,West-South,Air,1710,Weather,Delivered,2796.87,Express
SHP001166,29-11-2025,30-11-2025,10-12-2025,12-11-2025,SkyFreight,East,West,East-West,Road,2120,Vehicle Issue,Delivered,2790.97,Standard
SHP003670,12-03-2025,14-03-2025,03/19/2025,03/19/2025,SkyFreight,South,East,South-East,Road,890,,Delivered,1157.18,Standard
SHP003186,18-Apr-25,19-04-2025,29-Apr-25,28-Apr-25,SkyFreight,Central,South,Central-South,Road,2400,,Delivered,2306.58,Express
SHP000531,06-Nov-25,10-Nov-25,13-11-2025,15-Nov-25,SwiftShip,Central,North,Central-North,Air,840,Vehicle Issue,Delivered,1030.93,Express
SHP002270,21-03-2025,23-03-2025,02-04-2025,02-Apr-25,RoadRunner,South,Central,South-Central,Road,2200,,Delivered,2628.39,Express
SHP002467,26-Jun-25,28-06-2025,03-07-2025,02-07-2025,MetroLogix,North,Central,North-Central,Air,2040,,Delivered,4731.94,Economy
SHP006355,15-08-2025,17-08-2025,25-Aug-25,25-08-2025,MetroLogix,North,East,North-East,Road,1960,,Delivered,"$2,037.87",Standard
SHP002055,10/20/2025,24-Oct-25,30-10-2025,31-Oct-25,RoadRunner,Central,West,Central-West,Road,1640,Warehouse Backlog,Delivered,1697.52,Economy
SHP002197,11-07-2025,08-Nov-25,11-11-2025,14-Nov-25,RoadRunner,North,Central,North-Central,Air,690,Warehouse Backlog,Delivered,1118.71,Standard
SHP000558,28-12-2025,30-12-2025,06-01-2026,,MetroLogix,West,South,West-South,Road,1860,,Cancelled,2472.91,Economy
SHP005481,08-Sep-25,09-12-2025,17-Sep-25,18-Sep-25,SwiftShip,East,West,East-West,Rail,1420,Traffic,Delivered,1615.19,Express
SHP002819,19-02-2025,02/22/2025,27-02-2025,02/27/2025,SkyFreight,Central,North,Central-North,Air,2380,,Delivered,3318.54,Standard
SHP003905,27-04-2025,30-Apr-25,08-May-25,05-06-2025,SkyFreight,West,South,West-South,Road,2110,,Delivered,1711.05,Economy
SHP005576,02-08-2025,11-02-2025,14-Feb-25,02/14/2025,SwiftShip,West,North,West-North,Air,1550,,Delivered,2090.13,Economy
SHP000316,29-Sep-25,30-09-2025,10-04-2025,04-Oct-25,MetroLogix,North,,North-South,Road,120,,Delivered,245.11,Economy
SHP000834,23-Jul-25,26-Jul-25,28-07-2025,31-12-2024,ParcelPro,Central,West,Central-West,Air,680,,Delivered,1329.42,Economy
SHP001069,06/28/2025,30-Jun-25,04-07-2025,02-07-2025,SkyFreight,West,East,West-East,Air,1800,,Undelivered,3655.09,Economy
SHP000266,11/21/2025,22-11-2025,24-Nov-25,22-Nov-25,MetroLogix,North,East,North-East,Rail,480,,Delivered,599.27,Economy
SHP004726,12-Nov-25,13-11-2025,11/15/2025,16-Nov-25,SkyFreight,North,East,North-East,Air,460,Capacity Constraint,Delivered,689,Express
SHP005573,07-02-2025,07-04-2025,07-07-2025,10-07-2025,ParcelPro,North,South,North-South,Road,650,Traffic,Delivered,849.21,Express
SHP004074,15-Dec-25,12/17/2025,21-Dec-25,12/28/2025,MetroLogix,Central,South,Central-South,Road,980,Weather,Delivered,1363.31,Economy
SHP006451,09/17/2025,19-09-2025,09/23/2025,09/23/2025,,South,West,South-West,Road,370,,Delivered,520.05,Standard
SHP002888,04-04-2025,04-06-2025,13-04-2025,,SwiftShip,South,Central,South-Central,Road,1340,,Cancelled,1519.17,Economy
SHP002194,03-Apr-25,04-07-2025,12-04-2025,04/22/2025,MetroLogix,North,West,North-West,Air,2060,Vehicle Issue,Delivered,4294.35,Express
SHP001947,25-Jan-25,28-Jan-25,02-Feb-25,05-Feb-25,MetroLogix,West,North,West-North,Air,2030,Traffic,Delivered,3279.14,Economy
SHP005425,02/16/2025,19-Feb-25,25-02-2025,28-Feb-25,ParcelPro,North,South,North-South,Road,1270,Vehicle Issue,Delivered,1678.2,Express
SHP001528,07-Jul-25,11-Jul-25,18-Jul-25,18-07-2025,SwiftShip,East,South,East-South,Road,1200,,Delivered,1051.32,Standard
SHP002320,08-Feb-25,02-10-2025,19-Feb-25,,RoadRunner,South,Central,South-Central,Road,1930,Vehicle Issue,Cancelled,1633.59,Standard
SHP000349,01/26/2025,27-01-2025,05-02-2025,02-05-2025,RoadRunner,West,North,West-North,Road,1890,,Delivered,2380.68,Express
SHP004764,06/15/2025,18-Jun-25,21-06-2025,06/26/2025,ParcelPro,West,East,West-East,Road,520,Capacity Constraint,Delivered,545.58,Standard
SHP000981,05-03-2025,06-May-25,14-05-2025,,SwiftShip,South,Central,South-Central,Rail,1830,,In Transit,1242.38,Express
SHP002935,03-06-2025,03-09-2025,12-03-2025,19-03-2025,SkyFreight,East,Central,East-Central,Air,820,Warehouse Backlog,Delivered,1459.22,Economy
SHP000703,04/26/2025,28-Apr-25,02-May-25,12-May-25,RoadRunner,South,Central,South-Central,Air,2360,Traffic,Delivered,4527.69,Economy
SHP004680,04-09-2025,06-Sep-25,12-Sep-25,09/13/2025,RoadRunner,Central,East,Central-East,Road,1510,Weather,Delivered,2079.09,Standard
SHP002296,24-May-25,25-May-25,06-03-2025,06-03-2025,SwiftShip,West,East,West-East,Road,1720,,Delivered,1626.66,Standard
SHP000073,02-01-2025,01-04-2025,07-01-2025,08-Jan-25,MetroLogix,West,North,West-North,Road,560,Traffic,Delivered,589.98,Standard
SHP004015,01-Jun-25,03-06-2025,07-06-2025,06-05-2025,MetroLogix,East,North,East-North,Road,850,,Delivered,804.11,Economy
SHP001450,23-Dec-25,12/25/2025,12/30/2025,01-09-2026,ParcelPro,West,East,West-East,Rail,890,Warehouse Backlog,Delivered,944.78,Standard
SHP006421,08/16/2025,18-08-2025,27-08-2025,27-08-2025,SwiftShip,East,North,East-North,Road,1960,,Delivered,2503.56,Express
SHP002948,07-Mar-25,03-08-2025,03/16/2025,26-Mar-25,,West,Central,West-Central,Road,1790,Customs,Delivered,1804.46,Express
SHP001565,02-06-2025,08-Feb-25,10-02-2025,15-Feb-25,ParcelPro,North,West,North-West,Road,200,Warehouse Backlog,Delivered,323.71,Economy
SHP004932,10-May-25,13-May-25,05/19/2025,23-May-25,RoadRunner,East,West,East-West,Road,960,Traffic,Delivered,901.88,Economy
SHP004697,07-Feb-25,08-02-2025,11-02-2025,02/14/2025,SkyFreight,West,Central,West-Central, air ,150,Capacity Constraint,Delivered,312.76,Economy
SHP003918,01-04-2025,01-05-2025,14-01-2025,01/13/2025,ParcelPro,Central,South,Central-South,Rail,2380,,Delivered,2678.23,Economy
SHP000134,23-04-2025,27-04-2025,01-May-25,01-May-25,SkyFreight,South,West,South-West, air ,1670,,Delivered,3643,Economy
SHP004909,01-Jan-25,01-03-2025,07-Jan-25,08-Jan-25,RoadRunner,South,East,South-East,Air,1420,Customs,Delivered,3007.05,Standard
SHP000913,07/22/2025,23-Jul-25,27-07-2025,01-Aug-25,SwiftShip,North,Central,North-Central,Air,1900,Traffic,Delivered,3380.07,Economy
SHP000075,26-11-2025,11/30/2025,03-Dec-25,04-Dec-25,SkyFreight,East,Central,East-Central,Road,390,Warehouse Backlog,Delivered,386.89,Economy
SHP005708,04-Feb-25,05-02-2025,14-02-2025,17-Feb-25,SkyFreight,South,East,South-East,Road,1800,Warehouse Backlog,Delivered,1999.21,Standard
SHP001643,14-Apr-25,16-04-2025,20-Apr-25,04/25/2025,SwiftShip,West,Central,West-Central,Road,220,Traffic,Delivered,291.83,Express
SHP000724,12/20/2025,12/21/2025,24-Dec-25,24-Dec-25,MetroLogix,East,North,East-North,Air,1110,,Delivered,1731.77,Economy
SHP003078,07-04-2025,07-06-2025,07-09-2025,07/14/2025,SkyFreight,North,West,North-West,Air,1720,Weather,Delivered,2554.29,Express
SHP000022,18-Mar-25,20-03-2025,03/25/2025,29-03-2025,SkyFreight,North,West,North-West,Road,900,Warehouse Backlog,Delivered,1135.4,Economy
SHP000435,27-08-2025,08/28/2025,09-03-2025,09-03-2025,MetroLogix,South,Central,South-Central,Road,990,,Delivered,1386.99,Express
SHP001041,03-05-2025,08-03-2025,11-03-2025,11-Mar-25,SwiftShip,Central,North,Central-North,Road,690,,Delivered,610.58,Economy
SHP000233,21-11-2025,23-Nov-25,29-Nov-25,01-12-2025,SkyFreight,South,Central,South-Central,Road,1480,Vehicle Issue,Delivered,1071.89,Standard
SHP003066,27-Jul-25,30-07-2025,01-Aug-25,01-08-2025,MetroLogix,West,North,West-North,Air,690,,Delivered,1262.67,Standard
SHP003559,05-11-2025,05/14/2025,19-05-2025,26-05-2025,ParcelPro,East,West,East-West,Air,2090,Capacity Constraint,Delivered,3945.6,Express
SHP006098,01/20/2025,21-01-2025,23-Jan-25,24-Jan-25,SkyFreight,East,North,East-North,Air,640,Capacity Constraint,Delivered,1135.47,Express
SHP005684,20-01-2025,01/22/2025,29-01-2025,27-Jan-25,RoadRunner,North,East,North-East,Road,1310,,Delivered,1732.21,Express
SHP004496,05/20/2025,24-05-2025,05/28/2025,30-05-2025,SwiftShip,Central,South,Central-South,Rail,680,Capacity Constraint,Delivered,592.47,Economy
SHP000903,10-Jan-25,01-12-2025,18-Jan-25,01/22/2025,ParcelPro,South,West,South-West,Rail,1880,Customs,Delivered,1653.54,Standard
SHP001177,10/22/2025,10/23/2025,31-10-2025,31-10-2025,SkyFreight,East,West,East-West,Road,1920,,Delivered,2529.28,Economy
SHP001131,17-May-25,18-05-2025,26-05-2025,05/28/2025,SwiftShip,North,West,North-West,Road,2140,Weather,Delivered,2924.84,Express
SHP002208,06-12-2025,06/16/2025,19-06-2025,18-06-2025,MetroLogix,North,Central,North-Central,Air,1630,,Delivered,3908.99,Economy
SHP001001,04-05-2025,07-04-2025,17-Apr-25,16-Apr-25,SwiftShip,Central,East,Central-East,Road,1980,,Delivered,2133.88,Economy
SHP001372,09-12-2025,12/13/2025,23-12-2025,,SwiftShip,South,Central,South-Central,Road,2280,Capacity Constraint,Delivered,3201.12,Economy
SHP003001,04/27/2025,30-04-2025,05-04-2025,08-May-25,ParcelPro,East,Central,East-Central,Air,1830,Capacity Constraint,Delivered,2840.1,Standard
SHP000526,05/24/2025,05/27/2025,31-May-25,02-Jun-25,ParcelPro,Central,South,Central-South,Air,2120,Customs,Delivered,4462.92,Express
SHP001792,26-01-2025,01/30/2025,02-Feb-25,06-02-2025,RoadRunner,Central,East,Central-East,Road,640,Warehouse Backlog,Delivered,716.54,Express
SHP003083,27-Feb-25,03-01-2025,07-03-2025,03-07-2025,ParcelPro,Central,South,Central-South,Road,1490,,Delivered,1233.79,Express
SHP005157,07-09-2025,11-07-2025,07/16/2025,07/18/2025,RoadRunner,North,South,North-South,Road,920,Warehouse Backlog,Delivered,690.12,Standard
SHP000965,12/31/2025,01-02-2026,01-04-2026,,  PARCELPRO  ,West,Central,West-Central,Road,250,Warehouse Backlog,In Transit,322.63,Economy
SHP005253,20-09-2025,24-09-2025,29-09-2025,,SkyFreight,West,Central,West-Central,Road,700,Traffic,Cancelled,853.9,Standard
SHP003600,17-Jan-25,18-Jan-25,01/22/2025,26-01-2025,SkyFreight,South,East,South-East,Road,1000,Customs,Delivered,1119.69,Economy
SHP001859,05-01-2025,01-07-2025,01-12-2025,12-Jan-25,SkyFreight,South,North,South-North,Road,1180,,Delivered,1594.46,Economy
SHP000654,09-09-2025,12-09-2025,14-Sep-25,15-09-2025,SkyFreight,South,East,South-East,Rail,310,Customs,Delivered,279.78,Economy
SHP005870,30-Apr-25,02-May-25,,05-May-25,ParcelPro,West,South,West-South,Road,1230,,Delivered,1083.97,Economy
SHP005318,04-06-2025,07-Apr-25,04-10-2025,04/13/2025,SkyFreight,West,South,West-South,Air,1480,Customs,Delivered,1942.53,Standard
SHP005136,04/18/2025,21-04-2025,23-Apr-25,21-Apr-25,SkyFreight,Central,South,Central-South,Air,800,,Delivered,1352.4,Economy
SHP005350,20-Jun-25,06/22/2025,25-06-2025,27-06-2025,SwiftShip,Central,East,Central-East,Air,760,Capacity Constraint,Delivered,1173.04,Express
SHP001935,20-Feb-25,22-02-2025,03-01-2025,01-03-2025,SwiftShip,North,Central,North-Central,Road,1510,,Delivered,1444.32,Express
SHP000391,29-Nov-25,30-11-2025,03-12-2025,04-12-2025,RoadRunner,West,East,West-East,Air,360,Weather,Delivered,715.99,Standard
SHP004611,07/16/2025,07/19/2025,29-07-2025,08-08-2025,RoadRunner,South,West,South-West,Road,1980,Customs,Undelivered,2254.54,Economy
SHP006203,11/20/2025,22-11-2025,11/27/2025,12-02-2025,ParcelPro,East,South,East-South,Road,1000,Customs,Delivered,1107.44,Express
SHP003960,28-04-2025,29-04-2025,04-May-25,05-04-2025,ParcelPro,West,East,West-East,Road,480,,Delivered,736.73,Standard
SHP002304,08/29/2025,09-02-2025,08-Sep-25,18-09-2025,SwiftShip,North,Central,North-Central,Road,1110,Traffic,Delivered,833.86,Economy
SHP002768,11/28/2025,11/30/2025,12-10-2025,11-12-2025,MetroLogix,West,South,West-South,Road,2400,Traffic,Delivered,1846.21,Economy
SHP005439,14-Jul-25,17-07-2025,07/19/2025,20-Jul-25,SwiftShip,West,South,West-South,Air,320,Customs,Delivered,490.88,Standard
SHP004081,05-12-2025,15-May-25,20-May-25,05/23/2025,ParcelPro,South,East,South-East,Air,1780,Customs,Delivered,3378.88,Express
SHP004930,20-Jul-25,21-Jul-25,07/25/2025,04-08-2025,SwiftShip,North,Central,North-Central,Air,1220,Customs,Delivered,1528.24,Economy
SHP002161,06/23/2025,24-Jun-25,06/30/2025,03-Jul-25,MetroLogix,North,South,North-South,Air,2380,Traffic,Delivered,3494.63,Standard
SHP003756,02/14/2025,16-02-2025,20-Feb-25,20-02-2025,ParcelPro,West,South,West-South,Air,2230,,Delivered,2810.53,Express
SHP001782,03/28/2025,01-04-2025,08-Apr-25,04-07-2025,,Central,North,Central-North,Road,1940,,Delivered,1690.54,Standard
SHP003595,25-May-25,27-05-2025,01-Jun-25,06-04-2025,SkyFreight,Central,West,Central-West,Road,560,Weather,Delivered,769.62,Standard
SHP003804,10-03-2025,10-06-2025,12-10-2025,10/22/2025,RoadRunner,East,Central,East-Central,Rail,2120,Warehouse Backlog,Delivered,1633.44,Economy
SHP003913,01-04-2025,04-04-2025,11-Apr-25,04-10-2025,MetroLogix,West,Central,West-Central,Road,1890,,Delivered,2410.52,Economy
SHP005876,18-Feb-25,19-02-2025,23-02-2025,03-05-2025,SwiftShip,West,South,West-South,Road,920,Customs,Delivered,1164.97,Standard
SHP000297,04-11-2025,04-12-2025,18-Apr-25,04/28/2025,SwiftShip,West,Central,West-Central,Road,1390,Capacity Constraint,Delivered,1812.21,Economy
SHP005955,01/28/2025,29-01-2025,02-02-2025,02-03-2025,ParcelPro,North,East,North-East,Road,240,Traffic,Delivered,271.09,Express
SHP003693,06-11-2025,09-11-2025,16-11-2025,16-Nov-25,SkyFreight,Central,East,Central-East,Rail,1910,,Delivered,1853.56,Standard
SHP001549,07/19/2025,20-Jul-25,07/26/2025,27-Jul-25,RoadRunner,South,West,South-West,Road,1100,Warehouse Backlog,Delivered,1326.56,Economy
SHP001088,16-06-2025,06/19/2025,06/24/2025,24-Jun-25,SwiftShip,East,North,East-North,Road,1350,,Delivered,1151.93,Express
SHP002605,03-07-2025,03-09-2025,03/18/2025,20-Mar-25,SkyFreight,Central,South,Central-South,Road,2330,Customs,Delivered,2720.94,Express
SHP003451,07/27/2025,07/30/2025,08-06-2025,08-06-2025,RoadRunner,North,South,North-South,Road,1360,,Delivered,1462.34,Economy
SHP003117,04-06-2025,04-07-2025,11-Apr-25,11-Apr-25,MetroLogix,West,Central,West-Central,Road,870,,Delivered,670.26,Economy
SHP005661,26-Dec-25,12/29/2025,01-04-2026,04-01-2026,SkyFreight,West,Central,West-Central,Road,-25 km,,Delivered,2054.27,Express
SHP002774,27-Dec-25,12/29/2025,02-Jan-26,01-03-2026,ParcelPro,North,West,North-West,Air,490,Customs,Delivered,1064.54,Standard
SHP004456,01/13/2025,01/16/2025,22-01-2025,01/25/2025,ParcelPro,North,South,North-South,Road,970,Warehouse Backlog,Delivered,1254.27,Standard
SHP003748,04-Nov-25,07-11-2025,11-10-2025,14-Nov-25,SkyFreight,Central,West,Central-West,Air,2250,Vehicle Issue,Delivered,3989.03,Economy
SHP001795,20-Mar-25,23-Mar-25,26-Mar-25,03/28/2025,SkyFreight,North,Central,North-Central,Air,1860,Weather,Delivered,4445.3,Standard
SHP005719,11/24/2025,11/26/2025,05-12-2025,04-Dec-25,ParcelPro,South,East,South-East,Road,1960,,Delivered,1993.39,Economy
SHP003778,02-09-2025,05-09-2025,07-Sep-25,,SkyFreight,North,Central,North-Central,Air,470,Capacity Constraint,Delivered,1195.95,Express
SHP003964,31-Mar-25,04-02-2025,04-06-2025,16-04-2025,RoadRunner,Central,North,Central-North,Rail,140,Weather,Delivered,234.04,Economy
SHP001618,12-Feb-25,16-02-2025,19-Feb-25,19-02-2025,MetroLogix,South,Central,South-Central,Air,840,,Delivered,1493.66,Express
SHP001446,23-12-2025,25-12-2025,04-01-2026,06-Jan-26,SkyFreight,Central,South,Central-South,Road,2280,Capacity Constraint,Delivered,2089.59,Economy
SHP004699,16-Apr-25,20-Apr-25,24-04-2025,26-04-2025,ParcelPro,West,South,West-South,Air,1010,Weather,Delivered,2080.26,Standard
SHP004802,07-Sep-25,09-09-2025,09/18/2025,18-Sep-25,MetroLogix,North,Central,North-Central,Road,1910,,Delivered,"$1,407.53",Standard
SHP001345,01/17/2025,01/19/2025,23-Jan-25,23-01-2025,SkyFreight,West,Central,West-Central,Air,290,,Delivered,414.14,Express
SHP005555,25-05-2025,27-May-25,04-Jun-25,07-06-2025,RoadRunner,South,North,South-North,Road,2090,Capacity Constraint,Delivered,2976.29,Express
SHP003466,19-06-2025,23-06-2025,06/29/2025,06-Jul-25,ParcelPro,East,Central,East-Central, road ,1410,Capacity Constraint,Delivered,1317.67,Express
SHP000152,17-01-2025,18-Jan-25,25-01-2025,04-Feb-25,MetroLogix,South,Central,South-Central,Road,1750,Warehouse Backlog,Delivered,2510.24,Standard
SHP000532,04/27/2025,28-Apr-25,05-08-2025,05-10-2025,ParcelPro,West,Central,West-Central,Road,2130,Weather,Delivered,2825.67,Standard
SHP003405,08-06-2025,09-08-2025,11-Aug-25,11-08-2025,SwiftShip,Central,North,Central-North,Air,340,,Delivered,733.88,Express
SHP002830,01-04-2025,03-Apr-25,06-Apr-25,06-Apr-25,MetroLogix,East,Central,East-Central,Road,470,,Delivered,633.48,Economy
SHP005260,14-11-2025,11/16/2025,11/21/2025,24-Nov-25,ParcelPro,West,East,West-East,Road,650,Vehicle Issue,Delivered,751.39,Standard
SHP006237,01-12-2025,13-01-2025,18-Jan-25,19-Jan-25,ParcelPro,South,West,South-West,Road,560,Traffic,Delivered,467.97,Economy
SHP004775,07/22/2025,23-Jul-25,26-07-2025,25-07-2025,SwiftShip,West,South,West-South,Air,1640,,Delivered,2212.58,Standard
SHP002553,05-01-2025,03-May-25,05-07-2025,05/14/2025,RoadRunner,South,Central,South-Central,Air,1860,Traffic,Delivered,4040.52,Express
SHP005384,08-04-2025,07-Aug-25,12-08-2025,22-08-2025,ParcelPro,East,South,East-South,Road,1300,Vehicle Issue,Delivered,1533.12,Express
SHP002164,29-12-2025,30-Dec-25,01-04-2026,06-01-2026,ParcelPro,West,Central,West-Central,Air,2000,Vehicle Issue,Delivered,2343.42,Express
SHP002289,24-Oct-25,10/25/2025,30-Oct-25,30-10-2025,SwiftShip,North,East,North-East,Road,1090,,Delivered,1529.37,Economy
SHP004376,07/19/2025,07/21/2025,30-07-2025,08-06-2025,SkyFreight,South,North,South-North,Road,1680,Capacity Constraint,Undelivered,1588.45,Standard
SHP004566,03-Aug-25,08-04-2025,08-06-2025,16-08-2025,ParcelPro,Central,South,Central-South,Air,900,Warehouse Backlog,Delivered,2211.49,Economy
SHP004914,22-May-25,25-05-2025,28-May-25,02-06-2025,ParcelPro,West,East,West-East,Road,740,Vehicle Issue,Delivered,637.47,Express
SHP006128,05-06-2025,07-May-25,05-12-2025,05-12-2025,SkyFreight,East,Central,East-Central,Road,980,,Delivered,1461.04,Express
SHP002969,31-07-2025,01-08-2025,05-08-2025,08-08-2025,RoadRunner,East,West,East-West,Road,180,Vehicle Issue,Delivered,207.94,Express
SHP005891,19-Jan-25,21-Jan-25,24-Jan-25,22-01-2025,SwiftShip,South,East,South-East,Air,2050,,Delivered,4116.09,Economy
SHP004987,07-Jul-25,09-07-2025,07/14/2025,07-12-2025,RoadRunner,East,West,East-West,Road,1280,,Delivered,1861.33,Express
SHP000314,10-02-2025,05-Oct-25,13-10-2025,15-10-2025,ParcelPro,West,Central,West-Central,Road,1540,Traffic,Delivered,1887.08,Express
SHP003088,24-Jun-25,06/26/2025,30-06-2025,30-06-2025,SwiftShip,North,Central,North-Central,Rail,1000,,Delivered,923.06,Express
SHP003763,02/23/2025,24-Feb-25,06-03-2025,10-Mar-25,SwiftShip,Central,East,Central-East,Road,1990,Weather,Delivered,1661.27,Economy
SHP000199,13-12-2025,15-12-2025,20-12-2025,21-12-2025,SkyFreight,West,East,West-East,Air,1540,Traffic,Delivered,1815.18,Express
SHP006328,06-12-2025,13-06-2025,,21-06-2025,MetroLogix,North,South,North-South,Road,450,Weather,Delivered,422.22,Express
SHP003644,17-May-25,05/19/2025,05/29/2025,05/31/2025,RoadRunner,Central,North,Central-North,Road,2170,Capacity Constraint,Delivered,2767.19,Express
SHP004273,10-Jun-25,13-Jun-25,06/17/2025,20-06-2025,SkyFreight,North,,North-South,Road,470,Traffic,Delivered,713.72,Standard
SHP000926,05-11-2025,14-05-2025,20-May-25,,RoadRunner,West,North,West-North,Road,950,Vehicle Issue,In Transit,1175.54,Express
SHP005332,02-06-2025,08-02-2025,02/14/2025,02-12-2025,ParcelPro,East,North,East-North,Road,1610,,Delivered,1433.02,Express
SHP000640,03/14/2025,03/15/2025,03/20/2025,20-03-2025,RoadRunner,South,East,South-East,Rail,1270,,Delivered,802.57,Standard
SHP000545,25-01-2025,28-01-2025,31-Jan-25,01-Feb-25,RoadRunner,West,North,West-North,Rail,630,Traffic,Delivered,655.95,Standard
SHP006136,29-01-2025,30-Jan-25,04-02-2025,02-09-2025,RoadRunner,East,Central,East-Central,Road,1350,Customs,Delivered,1569.33,Express
SHP002606,20-01-2025,01/22/2025,27-01-2025,26-01-2025,SwiftShip,Central,South,Central-South,Road,710,,Delivered,1048.24,Express
SHP003663,12-09-2025,15-Sep-25,09/22/2025,09/29/2025,SwiftShip,West,East,West-East,Rail,1800,Weather,Delivered,1602.94,Express
SHP000053,16-Feb-25,18-02-2025,02/22/2025,02/22/2025,RoadRunner,South,North,South-North,Air,2310,,Delivered,5038.71,Standard
SHP006085,30-Sep-25,01-10-2025,11-Oct-25,09-Oct-25,SwiftShip,East,South,East-South,Road,2220,,Delivered,2381.66,Express
SHP004382,11/30/2025,12-02-2025,12-06-2025,07-12-2025,ParcelPro,North,East,North-East,Air,1240,Traffic,Delivered,2953.32,Express
SHP001488,03-08-2025,03-10-2025,17-03-2025,03/17/2025,SwiftShip,Central,South,Central-South,Road,1110,,Delivered,1008.39,Express
SHP003159,21-11-2025,23-11-2025,02-12-2025,11/30/2025,MetroLogix,South,Central,South-Central,Road,1760,,Delivered,1784.55,Standard
SHP003003,01-Mar-25,03-05-2025,14-03-2025,17-03-2025,SwiftShip,Central,East,Central-East,Road,1790,Traffic,Delivered,1613.23,Express
SHP001017,09-Mar-25,11-03-2025,13-03-2025,14-Mar-25,ParcelPro,East,Central,East-Central,Road,200,Warehouse Backlog,Delivered,284.77,Express
SHP003853,01-11-2025,13-Jan-25,01/15/2025,01/14/2025,ParcelPro,Central,South,Central-South,Road,280,,Delivered,331.08,Economy
SHP004753,08/20/2025,22-Aug-25,26-Aug-25,,ParcelPro,East,North,East-North,Air,1340,,Cancelled,2227.45,Standard
SHP001106,08-May-25,05-09-2025,13-May-25,13-05-2025,SwiftShip,Central,West,Central-West,Road,610,,Delivered,694.82,Standard
SHP000275,01-12-2025,04-Dec-25,09-12-2025,12-09-2025,SkyFreight,East,South,East-South,Rail,690,,Delivered,797.94,Express
SHP002601,14-May-25,16-May-25,21-05-2025,22-May-25,SkyFreight,Central,South,Central-South,Air,1830,Traffic,Delivered,4228.83,Express
SHP000144,19-Aug-25,22-08-2025,08/31/2025,31-Aug-25,SwiftShip,East,North,East-North,Road,1840,,Delivered,2285.54,Standard
SHP002508,05-05-2025,09-May-25,05-11-2025,18-May-25,SwiftShip,South,East,South-East,Air,940,Capacity Constraint,Delivered,1835.92,Express
SHP003593,10-09-2025,11-10-2025,10/20/2025,20-Oct-25,SkyFreight,Central,South,Central-South,Road,2190,,Delivered,2042.79,Express
SHP002323,21-Nov-25,11/23/2025,28-11-2025,28-11-2025,SkyFreight,West,North,Unknown-Route, air ,1870,,Delivered,3313.3,Express
SHP003686,03/31/2025,04-02-2025,09-04-2025,09-Apr-25,ParcelPro,Central,South,Central-South,Road,1370,,Delivered,1198.35,Standard
SHP004460,18-Dec-25,19-Dec-25,22-12-2025,01-01-2026,SwiftShip,North,Central,North-Central,Road,350,Customs,Delivered,482.25,Standard
SHP000166,14-Mar-25,16-03-2025,21-03-2025,19-03-2025,ParcelPro,North,Central,North-Central,Road,1010,,Delivered,973.95,Express
SHP005614,29-Aug-25,08/31/2025,07-09-2025,09-08-2025,SwiftShip,West,South,West-South,Road,1720,Traffic,Delivered,1229.93,Express
SHP002051,03-03-2025,05-03-2025,03-07-2025,05-03-2025,ParcelPro,North,West,North-West,Road,360,,Delivered,472.66,Express
SHP003065,24-07-2025,25-07-2025,31-Jul-25,02-Aug-25,SkyFreight,West,South,West-South,Rail,1110,Warehouse Backlog,Undelivered,997.61,Economy
SHP000373,18-01-2025,22-Jan-25,29-Jan-25,01/27/2025,RoadRunner,Central,South,Central-South,Road,1350,,Delivered,1438.25,Standard
SHP003085,09-Jun-25,12-06-2025,16-06-2025,18-Jun-25,SkyFreight,South,Central,South-Central,Rail,1120,Customs,Delivered,1295.78,Express
SHP000764,20-May-25,23-May-25,25-05-2025,25-May-25,RoadRunner,West,South,West-South,Air,790,,Delivered,1489.78,Standard
SHP005739,04-02-2025,05-Apr-25,04-09-2025,08-Apr-25,MetroLogix,North,South,North-South,Road,690,,Delivered,808.22,Express
SHP005649,09/14/2025,09/15/2025,09/17/2025,17-09-2025,ParcelPro,East,Central,East-Central,Road,220,,Delivered,353.3,Economy
SHP000490,26-02-2025,01-Mar-25,05-Mar-25,03-10-2025,MetroLogix,North,South,North-South,Road,240,Weather,Delivered,307.02,Economy
SHP000162,07-06-2025,07-Jul-25,11-07-2025,18-07-2025,MetroLogix,Central,West,Central-West,Rail,580,Capacity Constraint,Delivered,532.83,Express
SHP001522,02-02-2025,04-02-2025,12-02-2025,,ParcelPro,West,Central,West-Central,Road,1710,Vehicle Issue,In Transit,2026.13,Economy
SHP004806,26-Jul-25,07/28/2025,08-08-2025,15-Aug-25,RoadRunner,East,Central,East-Central,Road,2350,Vehicle Issue,Delivered,2123.28,Economy
SHP001926,26-Nov-25,29-Nov-25,12-01-2025,,RoadRunner,North,Central,North-Central,Air,300,Customs,Cancelled,426.03,Standard
SHP003764,03-01-2025,03-03-2025,08-Mar-25,08-03-2025,RoadRunner,South,West,South-West,Road,1110,,Delivered,1147.65,Standard
SHP005601,05/28/2025,31-May-25,06-03-2025,03-06-2025,SkyFreight,North,West,North-West,Air,1700,,Delivered,2609.63,Economy
SHP003906,03/31/2025,01-04-2025,08-04-2025,,MetroLogix,North,West,North-West,Road,1580,Capacity Constraint,Cancelled,1647.65,Standard
SHP004355,06-Apr-25,04-07-2025,18-Apr-25,18-Apr-25,MetroLogix,East,West,East-West,Road,2320,,Delivered,1738.71,Express
SHP000655,20-Nov-25,22-11-2025,28-Nov-25,03-12-2025,RoadRunner,East,West,East-West,Rail,1350,Weather,Delivered,1253.13,Economy
SHP004594,27-04-2025,28-Apr-25,04/30/2025,28-Apr-25,RoadRunner,East,Central,East-Central,Road,180,,Delivered,256.61,Express
SHP003966,19-Sep-25,22-09-2025,09/25/2025,29-09-2025,SkyFreight,Central,East,Central-East,Air,1490,Capacity Constraint,Delivered,1758.41,Standard
SHP006370,19-10-2025,22-Oct-25,25-Oct-25,,RoadRunner,South,East,South-East,Road,200,,Cancelled,232.56,Standard
SHP003635,04-03-2025,06-03-2025,17-03-2025,18-03-2025,SkyFreight,South,North,South-North,Road,2320,Weather,Undelivered,1919.75,Express
SHP001317,04/19/2025,04/22/2025,30-04-2025,05-03-2025,MetroLogix,West,Central,West-Central,Road,1430,Traffic,Delivered,1318.96,Economy
SHP002719,15-10-2025,17-Oct-25,23-10-2025,10/28/2025,SwiftShip,East,Central,East-Central,Road,1540,Warehouse Backlog,Delivered,2142.61,Express
SHP004232,30-05-2025,06-02-2025,10-06-2025,10-06-2025,SwiftShip,Central,North,Central-North,Road,1800,,Delivered,1358.49,Economy
SHP001613,06-09-2025,08-Sep-25,11-09-2025,11-09-2025,ParcelPro,West,North,West-North,Road,340,,Delivered,402.59,Express
SHP004053,01-07-2025,07-03-2025,06-Jul-25,07-07-2025,SkyFreight,Central,East,Central-East,Air,630,Traffic,Delivered,865.88,Economy
SHP004190,26-Dec-25,28-12-2025,05-01-2026,05-Jan-26,SwiftShip,East,South,East-South,Road,2040,,Undelivered,1807.19,Express
SHP001827,05-07-2025,07-Jul-25,12-07-2025,12-07-2025,SkyFreight,North,East,North-East,Road,760,,Delivered,598.82,Express
SHP000004,05-02-2025,06-Feb-25,02-10-2025,10-02-2025,SwiftShip,West,South,West-South,Air,2330,,Delivered,3764.37,Economy
SHP006003,15-09-2025,09/18/2025,21-Sep-25,09/26/2025,ParcelPro,Central,East,Central-East,Road,410,Weather,Delivered,550.06,Economy
SHP005382,06-05-2025,07-05-2025,14-May-25,14-05-2025,RoadRunner,North,Central,North-Central,Road,1310,,Delivered,1407.89,Economy
SHP006476,25-Jul-25,27-07-2025,08-02-2025,01-08-2025,MetroLogix,North,Central,North-Central,Road,1120,,Delivered,1641.86,Standard
SHP000855,12/28/2025,12/29/2025,06-Jan-26,01-07-2026,RoadRunner,North,East,North-East,Road,1980,Traffic,Delivered,1696.58,Economy
SHP005590,10-06-2025,09-10-2025,10/13/2025,13-10-2025,SkyFreight,West,North,West-North,Road,640,,Delivered,708.22,Economy
SHP004941,14-Nov-25,11/16/2025,,23-11-2025,MetroLogix,North,Central,North-Central,Rail,130,Weather,Delivered,170.46,Economy
SHP003138,02-01-2025,03-02-2025,09-02-2025,10-02-2025,RoadRunner,South,East,South-East,Road,1070,Traffic,Delivered,1408.42,Express
SHP004267,12/27/2025,29-Dec-25,04-01-2026,03-Jan-26,MetroLogix,South,West,South-West,Road,1530,,Delivered,1462.95,Standard
SHP003891,20-Jul-25,22-07-2025,24-07-2025,03-Aug-25,MetroLogix,Central,North,Central-North,Road,380,Traffic,Delivered,489.87,Express
SHP003706,12-Jan-25,13-Jan-25,18-01-2025,20-Jan-25,SwiftShip,South,West,South-West,Rail,1440,Weather,Delivered,1274.97,Standard
SHP000783,26-05-2025,28-05-2025,31-05-2025,31-May-25,SwiftShip,South,West,South-West,Air,1800,,Delivered,2809.18,Economy
SHP006018,05-09-2025,07-Sep-25,12-09-2025,09-10-2025,RoadRunner,South,West,South-West,Road,850,,Delivered,842.02,Standard
SHP002661,02/13/2025,02/14/2025,17-Feb-25,16-Feb-25,SwiftShip,East,West,East-West,Road,650,,Delivered,534.12,Express
SHP005450,31-Jan-25,02-Feb-25,11-Feb-25,02-11-2025,SkyFreight,South,Central,South-Central,Road,2210,,Delivered,2042.03,Express
SHP005329,09-Apr-25,04-11-2025,21-Apr-25,04/22/2025,RoadRunner,Central,South,Central-South,Road,2290,Weather,Delivered,2349.83,Standard
SHP001653,11-04-2025,04/14/2025,18-Apr-25,16-Apr-25,ParcelPro,Central,West,Central-West,Road,340,,Undelivered,314.39,Express
SHP003894,24-11-2025,11/27/2025,01-Dec-25,12-01-2025,SwiftShip,North,South,North-South,Road,490,,Delivered,627.58,Economy
SHP001050,24-10-2025,26-10-2025,29-10-2025,27-Oct-25,ParcelPro,Central,West,Central-West,Road,380,,Delivered,562.81,Standard
SHP005884,15-Jul-25,07/18/2025,,31-Jul-25,SwiftShip,North,South,North-South, air ,2400,Vehicle Issue,Delivered,4314.82,Standard
SHP005078,06-01-2025,01-07-2025,14-01-2025,01/14/2025,RoadRunner,East,North,East-North,Road,1920,,Delivered,2057.8,Economy
SHP005681,04/26/2025,04/28/2025,03-05-2025,05-02-2025,SkyFreight,North,Central,North-Central,Road,1260,,Delivered,1743.04,Standard
SHP001022,23-06-2025,25-Jun-25,28-Jun-25,26-06-2025,RoadRunner,East,South,East-South,Road,460,,Delivered,665.99,Standard
SHP001652,04-10-2025,12-Apr-25,17-Apr-25,16-04-2025,SwiftShip,North,East,North-East,Road,1050,,Delivered,1549.3,Express
SHP001222,27-May-25,29-05-2025,06-09-2025,13-06-2025,MetroLogix,Central,East,Central-East,Road,2260,Warehouse Backlog,Delivered,2847.91,Express
SHP004923,27-10-2025,29-Oct-25,31-Oct-25,31-10-2025,SwiftShip,East,West,East-West,Rail,260,,Delivered,223.8,Standard
SHP001195,11-12-2025,11/14/2025,17-Nov-25,18-11-2025,RoadRunner,West,South,West-South,Air,740,Customs,Delivered,939.08,Economy
SHP000102,18-11-2025,19-11-2025,26-Nov-25,12-06-2025,ParcelPro,Central,North,Central-North,Road,1510,Capacity Constraint,Delivered,1786.94,Express
SHP000579,11/20/2025,11/22/2025,25-Nov-25,26-Nov-25,SwiftShip,North,East,North-East,Road,430,Vehicle Issue,Delivered,687.92,Economy
SHP000385,15-Aug-25,08/18/2025,08/27/2025,31-08-2025,SwiftShip,East,West,East-West,Road,1980,Capacity Constraint,Delivered,2762.35,Standard
SHP004840,06/20/2025,06/22/2025,27-06-2025,26-06-2025,RoadRunner,East,South,East-South,Air,1780,,Delivered,3568.55,Standard
SHP001114,10-07-2025,12-Jul-25,14-07-2025,18-Jul-25,RoadRunner,West,North,West-North,Road,390,Weather,Delivered,360.87,Standard
SHP001270,25-05-2025,28-05-2025,04-06-2025,04-06-2025,ParcelPro,Central,West,Central-West,Road,1720,,Delivered,1336.65,Standard
SHP004220,29-Sep-25,02-10-2025,10-08-2025,10-10-2025,ParcelPro,North,East,North-East,Road,1630,Vehicle Issue,Delivered,1709.96,Economy
SHP000899,17-07-2025,19-Jul-25,30-07-2025,29-Jul-25,RoadRunner,East,North,East-North,Road,2340,,Delivered,3199.91,Standard
SHP006496,10/27/2025,10/28/2025,01-Nov-25,30-10-2025,RoadRunner,South,North,South-North,Air,1710,,Delivered,2484.69,Express
SHP000006,11-06-2025,13-06-2025,16-Jun-25,,MetroLogix,East,North,East-North,Rail,920,Customs,In Transit,633.33,Economy
SHP004352,22-Jul-25,07/23/2025,26-Jul-25,29-07-2025,SwiftShip,West,East,West-East,Air,1970,Traffic,Delivered,2862.51,Standard
SHP004278,05-05-2025,06-May-25,05-10-2025,05/20/2025,  ROADRUNNER  ,East,South,East-South,Air,1670,Capacity Constraint,Delivered,3605.2,Economy
SHP006157,17-Nov-25,11/19/2025,25-Nov-25,30-Nov-25,RoadRunner,East,Central,East-Central,Road,1300,Traffic,Delivered,1625.28,Standard
SHP002368,11/30/2025,02-12-2025,12-08-2025,12-08-2025,SwiftShip,North,South,North-South,Road,1420,,Delivered,1974.45,Economy
SHP005595,03-10-2025,13-03-2025,03/17/2025,17-Mar-25,SwiftShip,Central,South,Central-South,Air,770,,Delivered,1429.77,Standard
SHP000840,24-06-2025,27-Jun-25,03-07-2025,07-03-2025,RoadRunner,East,Central,East-Central,Road,1310,,Delivered,1686.69,Standard
SHP002592,19-Jan-25,22-01-2025,01/29/2025,01/29/2025,MetroLogix,Central,North,Central-North,Road,1160,,Delivered,1521.18,Express
SHP004686,15-Dec-25,19-Dec-25,12/23/2025,28-12-2025,ParcelPro,South,East,South-East,Road,850,Warehouse Backlog,Delivered,1154.43,Express
SHP005061,01-01-2025,04-01-2025,07-Jan-25,09-01-2025,ParcelPro,Central,South,Central-South,Rail,740,Weather,Delivered,531.36,Economy
SHP000990,20-Feb-25,21-Feb-25,23-Feb-25,02/25/2025,RoadRunner,North,West,North-West,Air,1180,Warehouse Backlog,Delivered,2895.22,Standard
SHP005844,02-Dec-25,12-05-2025,12/13/2025,11-Dec-25,SkyFreight,West,East,West-East,Road,1850,,Delivered,1872.66,Economy
SHP003325,04-08-2025,08-07-2025,14-08-2025,08/17/2025,MetroLogix,East,West,East-West,Road,1240,Traffic,Delivered,1451.3,Economy
SHP005585,26-02-2025,03-01-2025,03-08-2025,03-07-2025,ParcelPro,North,South,North-South,Road,1130,,Delivered,1347.72,Standard
SHP004166,16-Oct-25,10/19/2025,26-10-2025,,ParcelPro,East,Central,East-Central,Road,1410,,In Transit,1767.56,Standard
SHP001759,11-04-2025,06-11-2025,11-09-2025,11-11-2025,RoadRunner,East,West,East-West,Air,1910,Traffic,Delivered,3230.21,Express
SHP005968,11-02-2025,03-Nov-25,09-11-2025,11/13/2025,SkyFreight,West,East,West-East,Road,1500,Weather,Delivered,1619.44,Express
SHP001158,02/23/2025,02/25/2025,03-03-2025,03-06-2025,SkyFreight,South,Central,South-Central,Road,1430,Warehouse Backlog,Delivered,2002.76,Express
SHP003036,11-12-2025,11/13/2025,23-11-2025,,SkyFreight,East,West,East-West,Road,2310,Customs,Cancelled,1915.09,Standard
SHP005368,06-Feb-25,09-02-2025,16-Feb-25,18-02-2025,MetroLogix,Central,East,Central-East,Road,1270,Customs,Delivered,986.38,Economy
SHP001800,01-10-2025,12-Jan-25,16-01-2025,23-01-2025,ParcelPro,North,South,North-South,Road,900,Customs,Delivered,901.99,Standard
SHP000477,10-08-2025,14-Aug-25,22-08-2025,08/22/2025,SwiftShip,South,North,South-North,Road,1360,,Delivered,1210.54,Express
SHP004748,23-Nov-25,11/25/2025,03-Dec-25,12-03-2025,ParcelPro,East,Central,East-Central,Road,1690,,Delivered,1703.32,Economy
SHP000866,05-Oct-25,06-Oct-25,,10-Oct-25,MetroLogix,North,East,North-East,Road,890,,Delivered,1251.7,Standard
SHP004583,26-07-2025,07/29/2025,08-07-2025,09-08-2025,ParcelPro,East,Central,East-Central,Road,1900,Customs,Delivered,1977.68,Express
SHP001053,29-11-2025,30-Nov-25,05-Dec-25,,MetroLogix,Central,West,Central-West,Air,2260,Capacity Constraint,Cancelled,2926.76,Economy
SHP004579,19-Jun-25,22-Jun-25,06/24/2025,,SwiftShip,South,West,South-West,Air,1300,,In Transit,1928.5,Economy
SHP006291,29-06-2025,01-07-2025,05-07-2025,07-07-2025,RoadRunner,East,North,East-North,Rail,1170,Weather,Delivered,1058.49,Economy
SHP000185,16-04-2025,04/18/2025,04/20/2025,24-Apr-25,SkyFreight,Central,West,Central-West,Road,250,Weather,Delivered,419.14,Standard
SHP002355,10-09-2025,14-Sep-25,09/16/2025,18-09-2025,MetroLogix,Central,West,Central-West,Road,120,Weather,Delivered,202.7,Standard
SHP002923,18-May-25,05/20/2025,27-05-2025,28-May-25,  PARCELPRO  ,North,East,North-East,Road,1690,Vehicle Issue,Delivered,1630.58,Economy
SHP001832,22-Nov-25,11/24/2025,11/26/2025,25-Nov-25,SkyFreight,West,East,West-East,Air,230,,Delivered,587.17,Express
SHP000699,08/13/2025,08/15/2025,08/25/2025,08/27/2025,MetroLogix,South,East,South-East,Road,2120,Vehicle Issue,Delivered,1503.84,Economy
SHP002362,11-07-2025,07/14/2025,17-07-2025,16-Jul-25,RoadRunner,West,North,West-North,Air,1510,,Delivered,2626.58,Economy
SHP004979,05/24/2025,25-May-25,06-01-2025,30-May-25,SkyFreight,Central,West,Central-West,Road,1220,,Delivered,1548.32,Express
SHP001737,04/15/2025,17-Apr-25,26-04-2025,27-Apr-25,ParcelPro,East,South,East-South,Rail,2300,Warehouse Backlog,Delivered,1622.05,Standard
SHP003690,23-Feb-25,27-Feb-25,03-09-2025,03/13/2025,MetroLogix,West,Central,West-Central,Road,2020,Traffic,Delivered,2222.56,Standard
SHP004171,09-04-2025,09-06-2025,10-Sep-25,,SkyFreight,North,South,North-South,Air,610,Capacity Constraint,In Transit,1019.88,Express
SHP000524,23-Jun-25,26-06-2025,03-07-2025,02-Jul-25,ParcelPro,North,Central,North-Central,Road,1070,,Delivered,1493.04,Standard
SHP005341,02-Apr-25,04-06-2025,04-12-2025,12-Apr-25,SwiftShip,South,North,South-North,Road,1400,,Delivered,2012.6,Economy
SHP005190,29-Sep-25,02-Oct-25,11-10-2025,,SkyFreight,Central,East,Central-East,Road,2080,Warehouse Backlog,In Transit,1999.75,Economy
SHP004506,26-05-2025,30-May-25,01-06-2025,05-06-2025,SkyFreight,East,South,East-South,Air,720,Traffic,Delivered,1254.06,Standard
SHP005508,04/23/2025,24-Apr-25,30-04-2025,01-May-25,ParcelPro,South,Central,South-Central,Road,870,Warehouse Backlog,Delivered,1175.61,Express
SHP005237,09/15/2025,18-09-2025,09/21/2025,09/21/2025,MetroLogix,South,Central,South-Central,Air,500,,Delivered,697.49,Standard
SHP005128,05-09-2025,10-05-2025,12-05-2025,14-May-25,SkyFreight,South,North,South-North,Rail,210,Warehouse Backlog,Delivered,308.28,Express
SHP003766,09-03-2025,11-03-2025,21-03-2025,03/21/2025,SwiftShip,West,Central,West-Central,Road,2200,,Delivered,2122.99,Standard
SHP006360,03/22/2025,23-03-2025,03/27/2025,28-Mar-25,SkyFreight,North,Central,North-Central,Rail,1270,Traffic,Delivered,1435.58,Economy
SHP001047,02-Sep-25,05-Sep-25,10-09-2025,10-Sep-25,SkyFreight,Central,West,Central-West,Road,710,,Delivered,748.82,Economy
SHP001362,06-08-2025,06-09-2025,12-Jun-25,06/22/2025,RoadRunner,East,North,East-North,Air,1820,Customs,Delivered,2170.65,Economy
SHP000698,18-Oct-25,20-Oct-25,25-10-2025,27-Oct-25,ParcelPro,East,South,East-South,Air,1980,Customs,Delivered,3166.79,Standard
SHP006419,08/25/2025,26-Aug-25,29-Aug-25,08/30/2025,SkyFreight,South,North,South-North,Road,740,Customs,Delivered,615.75,Express
SHP003526,06-Oct-25,10-09-2025,15-Oct-25,14-Oct-25,ParcelPro,North,South,North-South,Road,1230,,Delivered,1050.04,Express
SHP004000,15-05-2025,05/17/2025,24-05-2025,22-05-2025,RoadRunner,East,West,East-West,Road,1620,,Delivered,1605.69,Standard
SHP002677,01/13/2025,01/14/2025,01/20/2025,27-01-2025,RoadRunner,North,East,North-East,Rail,1010,Vehicle Issue,Delivered,1100.1,Express
SHP003818,22-03-2025,24-Mar-25,03/30/2025,01-Apr-25,RoadRunner,Central,North,Central-North,Rail,1520,Capacity Constraint,Delivered,1403.92,Express
SHP005894,06/20/2025,21-Jun-25,01-Jul-25,02-Jul-25,SwiftShip,Central,East,Central-East,Road,2240,Customs,Delivered,3096.78,Economy
SHP001673,26-Jan-25,28-01-2025,01/30/2025,06-Feb-25,MetroLogix,East,North,East-North,Road,430,Capacity Constraint,Delivered,495.73,Express
SHP002448,18-12-2025,19-12-2025,22-12-2025,12/22/2025,RoadRunner,North,East,North-East,Road,350,,Delivered,519.25,Standard
SHP002787,04-09-2025,07-09-2025,13-Sep-25,12-Sep-25,SwiftShip,South,Central,South-Central,Road,960,,Delivered,1035.1,Standard
SHP003205,06-07-2025,07-09-2025,13-Jul-25,,MetroLogix,West,Central,West-Central,Road,990,,In Transit,1351.12,Express
SHP004260,19-12-2025,20-Dec-25,24-12-2025,25-Dec-25,SkyFreight,East,West,East-West,Air,300,Capacity Constraint,Delivered,575.83,Economy
SHP000587,03-Feb-25,02-05-2025,07-Feb-25,09-02-2025,RoadRunner,East,South,East-South,Air,490,Weather,Delivered,741.24,Express
SHP004584,01/20/2025,01/21/2025,01/24/2025,27-01-2025,ParcelPro,North,Central,North-Central,Road,310,Weather,Delivered,294.45,Express
SHP002343,04-04-2025,06-Apr-25,09-Apr-25,04-11-2025,MetroLogix,South,North,South-North,Road,470,Capacity Constraint,Delivered,514.83,Express
SHP003585,10-Sep-25,12-09-2025,21-09-2025,21-09-2025,SkyFreight,South,Central,South-Central,Road,1950,,Delivered,2048.31,Standard
,18-Feb-25,20-Feb-25,22-Feb-25,02/21/2025,MetroLogix,Central,North,Central-North,Road,370,,Delivered,554.19,Economy
SHP003783,06-03-2025,04-Jun-25,06-09-2025,06-11-2025,MetroLogix,Central,East,Central-East,Road,980,Vehicle Issue,Delivered,1062.38,Economy
SHP003658,08/27/2025,08/28/2025,30-Aug-25,31-08-2025,SkyFreight,South,North,South-North,Road,170,Weather,Delivered,279.49,Express
SHP006317,10-May-25,11-May-25,18-May-25,18-05-2025,RoadRunner,East,West,East-West,Rail,2140,,Delivered,2188.84,Express
SHP002083,02-11-2025,13-Feb-25,15-Feb-25,02/16/2025,SwiftShip,West,North,West-North,Air,230,Warehouse Backlog,Delivered,505.8,Economy
SHP001350,20-05-2025,05/22/2025,05/24/2025,25-05-2025,ParcelPro,South,Central,South-Central,Road,170,Warehouse Backlog,Delivered,229.14,Standard
SHP006202,15-09-2025,09/16/2025,09/21/2025,21-09-2025,SwiftShip,South,West,South-West,Rail,1580,,Delivered,1244.13,Express
SHP000922,01-01-2025,05-Jan-25,09-01-2025,10-Jan-25,MetroLogix,East,Central,East-Central,Rail,1370,Weather,Delivered,1078.96,Express
SHP000429,11-12-2025,12/15/2025,12/21/2025,12/21/2025,SkyFreight,West,South,West-South,Road,1430,,Delivered,1137.81,Economy
SHP000190,21-06-2025,06/24/2025,29-06-2025,06/27/2025,RoadRunner,North,East,North-East,Air,1590,,Delivered,3589.09,Express
SHP000734,02-Apr-25,04-03-2025,04-08-2025,08-04-2025,MetroLogix,North,Central,North-Central,Road,1010,,Delivered,1409.34,Economy
SHP005581,06-07-2025,06-09-2025,19-06-2025,06/23/2025,MetroLogix,Central,South,Central-South,Road,2230,Customs,Delivered,1974.39,Standard
SHP004364,02/22/2025,25-Feb-25,03-02-2025,09-Mar-25,SwiftShip,Central,East,Central-East,Road,940,Traffic,Delivered,1396.16,Standard
SHP004343,28-07-2025,30-Jul-25,04-Aug-25,08-04-2025,SwiftShip,Central,North,Central-North,Road,1010,,Delivered,1301.88,Express
SHP003173,17-Feb-25,02/19/2025,22-02-2025,01-Mar-25,ParcelPro,Central,East,Central-East,Road,640,Warehouse Backlog,Delivered,619.48,Economy
SHP006091,03-Jan-25,01-04-2025,01-10-2025,01-10-2025,SkyFreight,West,Central,West-Central,Road,1190,,Delivered,1388.94,Express
SHP001752,19-Jul-25,07/21/2025,07/30/2025,07/28/2025,RoadRunner,Central,South,Central-South,Road,2350,,Delivered,1759.41,Standard
SHP001900,11-Nov-25,13-Nov-25,,03-12-2025,RoadRunner,West,Central,West-Central,Road,2250,Warehouse Backlog,Delivered,3139.26,Standard
SHP002602,26-Dec-25,30-Dec-25,01-09-2026,01/14/2026,SkyFreight,Central,South,Central-South,Road,2270,Capacity Constraint,Delivered,1652.21,Standard
SHP005012,13-07-2025,07/16/2025,07/22/2025,22-Jul-25,RoadRunner,North,Central,North-Central,Rail,1640,,Delivered,1233.71,Express
SHP005867,16-May-25,20-05-2025,27-May-25,05/25/2025,MetroLogix,East,Central,East-Central,Road,1230,,Delivered,1503.18,Express
SHP003360,24-08-2025,26-Aug-25,31-08-2025,03-09-2025,MetroLogix,West,Central,West-Central,Road,740,Vehicle Issue,Delivered,707.4,Economy
SHP003131,10-09-2025,12-09-2025,09/16/2025,,ParcelPro,South,West,South-West,Road,620,,In Transit,732.84,Express
SHP003520,16-10-2025,10/18/2025,10/23/2025,23-10-2025,MetroLogix,Central,East,Central-East,Road,1140,,Delivered,1529,Express
SHP005355,04/13/2025,15-Apr-25,24-Apr-25,,RoadRunner,East,West,East-West,Road,2170,Weather,Cancelled,2034.21,Economy
SHP001674,03/29/2025,31-03-2025,03-04-2025,08-Apr-25,MetroLogix,East,Central,East-Central,Road,580,Weather,Delivered,710.95,Standard
SHP005610,20-05-2025,05/21/2025,27-05-2025,27-05-2025,SkyFreight,South,Central,South-Central,Road,1570,,Delivered,1469.99,Express
SHP002510,24-01-2025,01/26/2025,31-Jan-25,31-01-2025,SkyFreight,West,East,West-East,Air,2280,,Delivered,3882.14,Economy
SHP001867,04-04-2025,07-04-2025,04/14/2025,24-04-2025,MetroLogix,North,West,North-West,Road,1890,Vehicle Issue,Delivered,2582.82,Standard
SHP004078,28-Jan-25,29-01-2025,02-01-2025,03-02-2025,RoadRunner,South,North,South-North,Road,160,Vehicle Issue,Delivered,268.15,Economy
SHP001423,04-01-2025,06-Jan-25,14-Jan-25,,SkyFreight,Central,South,Central-South,Road,1380,,Cancelled,1898.45,Economy
SHP005085,30-05-2025,05/31/2025,10-Jun-25,10-Jun-25,ParcelPro,West,South,West-South,Road,2150,,Delivered,1748.15,Express
SHP005840,08-Jan-25,11-Jan-25,15-Jan-25,13-01-2025,ParcelPro,North,Central,North-Central,Road,970,,Delivered,1080.07,Standard
SHP001723,24-02-2025,27-Feb-25,03-Mar-25,03-03-2025,SkyFreight,West,North,West-North,Air,430,,Delivered,706.71,Express
SHP005503,05-07-2025,06-07-2025,07-11-2025,07-12-2025,ParcelPro,North,West,North-West,Road,1190,Vehicle Issue,Delivered,1293.11,Standard
SHP003370,10/29/2025,01-Nov-25,09-11-2025,11-10-2025,MetroLogix,South,Central,South-Central,Road,1900,Weather,Delivered,1417.33,Express
SHP000302,09-05-2025,12-05-2025,05/14/2025,19-May-25,ParcelPro,East,North,East-North,Road,360,Customs,Delivered,530.55,Economy
SHP003156,03/29/2025,31-03-2025,03-Apr-25,04-02-2025,  SKYFREIGHT  ,West,East,West-East,Road,470,,Delivered,482.48,Express
SHP006386,27-Aug-25,29-08-2025,07-Sep-25,06-09-2025,SkyFreight,Central,West,Central-West,Road,1760,,Delivered,1813.93,Standard
SHP002188,13-Nov-25,15-11-2025,19-11-2025,,SkyFreight,North,West,North-West,Road,580,Warehouse Backlog,Cancelled,560.77,Express
SHP000326,20-01-2025,23-Jan-25,27-Jan-25,27-01-2025,SwiftShip,Central,South,Central-South,Air,2090,,Delivered,4717.21,Economy
SHP004268,28-06-2025,07-01-2025,07-12-2025,12-Jul-25,ParcelPro,West,Central,West-Central,Road,2380,,Delivered,2582.09,Economy
SHP000891,12-01-2025,15-Jan-25,01/17/2025,17-01-2025,SwiftShip,East,North,East-North,Road,280,,Delivered,274.03,Economy
SHP001082,18-Apr-25,20-04-2025,25-04-2025,04/27/2025,RoadRunner,East,South,East-South,Road,950,Traffic,Delivered,1046.55,Express
SHP002570,12/17/2025,18-Dec-25,25-12-2025,25-12-2025,MetroLogix,Central,East,Central-East,Road,"1,150 km",,Delivered,1481.94,Economy
SHP005116,22-Oct-25,23-10-2025,28-Oct-25,10/29/2025,MetroLogix,Central,East,Central-East,Air,2390,Capacity Constraint,Delivered,"$3,108.71",Express
SHP004554,14-Jun-25,06/15/2025,19-06-2025,26-Jun-25,MetroLogix,North,Central,North-Central,Road,910,Capacity Constraint,Delivered,912.25,Express
SHP004491,12/16/2025,17-12-2025,12/20/2025,19-Dec-25,ParcelPro,South,Central,South-Central,Road,440,,Delivered,590.79,Standard
SHP000407,26-Apr-25,28-Apr-25,30-12-2024,05-04-2025,RoadRunner,North,Central,North-Central,Road,1070,,Delivered,1355.13,Express
SHP005374,10-02-2025,12-02-2025,02/14/2025,14-Feb-25,ParcelPro,South,Central,South-Central,Rail,360,,Delivered,367.74,Express
SHP004657,21-05-2025,23-May-25,29-May-25,28-05-2025,SkyFreight,Central,South,Central-South,Road,1460,,Delivered,1794.89,Standard
SHP005258,31-01-2025,03-02-2025,07-Feb-25,07-02-2025,RoadRunner,Central,West,Central-West,Air,2140,,Delivered,2585.41,Standard
SHP000418,01-04-2025,06-Jan-25,01/15/2025,17-Jan-25,ParcelPro,North,Central,North-Central,Road,1930,Warehouse Backlog,Delivered,2054.62,Express
SHP004727,19-11-2025,23-Nov-25,25-11-2025,26-Nov-25,ParcelPro,North,Central,North-Central,Air,830,Warehouse Backlog,Delivered,1981.54,Standard
SHP001934,07/22/2025,23-07-2025,30-07-2025,07/31/2025,MetroLogix,South,Central,South-Central,Road,1540,Weather,Delivered,1522.76,Express
SHP003387,04-08-2025,10-04-2025,04-12-2025,04/16/2025,MetroLogix,West,East,West-East,Air,1110,Warehouse Backlog,Delivered,1417.38,Economy
SHP002864,11-Aug-25,08/13/2025,22-Aug-25,08/22/2025,ParcelPro,Central,North,Central-North,Road,1890,,Delivered,2180.74,Standard
SHP006424,05-04-2025,05-06-2025,12-May-25,12-05-2025,ParcelPro,South,North,South-North,Road,940,,Delivered,861.69,Standard
SHP004424,16-04-2025,17-Apr-25,04/19/2025,21-04-2025,RoadRunner,Central,East,Central-East,Rail,310,Capacity Constraint,Undelivered,360.1,Express
SHP002851,15-Mar-25,18-03-2025,22-03-2025,03/21/2025,MetroLogix,South,East,South-East,Rail,870,,Delivered,711.83,Standard
SHP001236,19-11-2025,21-11-2025,26-Nov-25,28-Nov-25,SkyFreight,North,South,North-South,Road,950,Traffic,Undelivered,1407.51,Economy
SHP004283,30-Jun-25,07-02-2025,09-Jul-25,07-07-2025,ParcelPro,East,Central,East-Central,Road,1870,,Delivered,2469.65,Standard
SHP004194,08/21/2025,08/23/2025,08/30/2025,03-09-2025,SwiftShip,West,North,West-North,Road,1940,Capacity Constraint,Delivered,1413.98,Express
SHP000437,12-04-2025,12-06-2025,12-11-2025,12-09-2025,SkyFreight,Central,South,Central-South,Road,520,,Delivered,668.61,Standard
SHP004098,23-Jun-25,06/24/2025,02-07-2025,30-06-2025,SwiftShip,East,Central,East-Central,Road,1810,,Delivered,2135.48,Express
SHP000972,23-May-25,05/26/2025,05/31/2025,,SwiftShip,West,North,West-North,Road,810,Customs,Cancelled,647.66,Standard
SHP003542,12/20/2025,12/21/2025,12/23/2025,,ParcelPro,South,Central,South-Central,Air,480,Warehouse Backlog,Delivered,692.99,Express
SHP001387,03/25/2025,29-03-2025,04-05-2025,04-06-2025,MetroLogix,East,Central,East-Central,Road,1100,Customs,Delivered,1133.69,Express
SHP004102,16-07-2025,19-07-2025,21-Jul-25,07/25/2025,,East,West,East-West,Air,1210,Customs,Delivered,1470.21,Standard
SHP002205,14-01-2025,18-01-2025,22-01-2025,22-01-2025,SwiftShip,West,Central,West-Central,Road,290,,Delivered,420.68,Standard
SHP003323,12/18/2025,19-12-2025,24-Dec-25,26-Dec-25,SwiftShip,Central,South,Central-South,Road,670,Vehicle Issue,Delivered,847.57,Standard
SHP001187,22-05-2025,25-May-25,29-05-2025,29-05-2025,SkyFreight,South,North,South-North,Road,1020,,Delivered,1310.83,Economy
SHP004034,13-03-2025,14-Mar-25,17-Mar-25,03/18/2025,ParcelPro,West,South,West-South,Air,1550,Vehicle Issue,Delivered,2715.56,Economy
SHP001924,28-08-2025,29-Aug-25,08/31/2025,30-Aug-25,SkyFreight,South,West,South-West,Road,170,,Delivered,302.03,Express
SHP001032,03/29/2025,03/31/2025,04-04-2025,04-11-2025,RoadRunner,North,Central,North-Central,Road,740,Vehicle Issue,Delivered,689.7,Express
SHP004667,12/17/2025,12/18/2025,25-12-2025,12/27/2025,ParcelPro,South,Central,South-Central,Road,1560,Capacity Constraint,Delivered,1978.03,Economy
SHP003838,27-Jun-25,06/29/2025,04-Jul-25,07-07-2025,SkyFreight,East,South,East-South,Road,760,Weather,Delivered,708.9,Standard
SHP004214,17-May-25,19-May-25,05/27/2025,31-May-25,SkyFreight,Central,East,Central-East,Road,1490,Vehicle Issue,Delivered,1140.18,Economy
SHP004557,07/27/2025,30-Jul-25,08-02-2025,08-05-2025,ParcelPro,West,North,West-North,Road,460,Weather,Delivered,443,Standard
SHP002234,09-May-25,12-05-2025,21-05-2025,,ParcelPro,East,North,East-North,Rail,2360,Customs,In Transit,2437.43,Standard
SHP004839,17-Sep-25,18-09-2025,23-Sep-25,23-Sep-25,SkyFreight,West,East,West-East,Road,1190,,Undelivered,1672.11,Express
SHP002359,25-06-2025,06/28/2025,07-01-2025,11-07-2025,RoadRunner,West,North,West-North,Air,1470,Customs,Delivered,2412.92,Economy
SHP003509,09-06-2025,08-09-2025,09/17/2025,15-09-2025,ParcelPro,South,Central,South-Central,Road,1800,,Delivered,1967.23,Express
SHP001625,04/18/2025,21-04-2025,04/27/2025,30-Apr-25,SwiftShip,West,East,West-East,Road,820,Traffic,Delivered,886.2,Express
SHP004603,10-01-2025,03-Oct-25,10-06-2025,10-Oct-25,MetroLogix,East,South,East-South,Air,1160,Traffic,Delivered,2318.32,Economy
SHP003962,22-Aug-25,08/25/2025,08/28/2025,27-08-2025,MetroLogix,Central,South,Central-South,Air,500,,Delivered,762.49,Standard
SHP006358,03-03-2025,05-Mar-25,10-Mar-25,03-08-2025,ParcelPro,South,West,South-West,Rail,1520,,Delivered,1546.82,Express
SHP000284,23-Oct-25,25-Oct-25,29-10-2025,03-Nov-25,SwiftShip,South,West,South-West,Air,1260,Warehouse Backlog,Delivered,2468.73,Standard
SHP006131,06-Jun-25,08-Jun-25,16-06-2025,06/17/2025,MetroLogix,East,West,East-West,Road,1870,Warehouse Backlog,Delivered,2106.88,Express
SHP000811,14-10-2025,17-Oct-25,10/20/2025,10/20/2025,RoadRunner,West,Central,West-Central,Road,740,,Delivered,1099.39,Economy
SHP003321,07-08-2025,08-Aug-25,14-Aug-25,08/17/2025,MetroLogix,East,Central,East-Central,Road,1070,Warehouse Backlog,Delivered,1003.09,Express
SHP002000,26-12-2025,12/28/2025,01-04-2026,01-06-2026,SkyFreight,North,West,North-West,Road,1300,Vehicle Issue,Delivered,1372.61,Standard
SHP000970,08-10-2025,10-Oct-25,10/13/2025,14-Oct-25,SwiftShip,West,East,West-East,Road,210,Traffic,Delivered,304.22,Express
SHP001126,07-Dec-25,09-Dec-25,12/15/2025,14-Dec-25,MetroLogix,North,East,North-East,Rail,2160,,Delivered,1833.29,Standard
SHP000049,04/19/2025,21-Apr-25,04/23/2025,04/21/2025,ParcelPro,East,North,East-North,Road,310,,Delivered,299.09,Economy
SHP004457,06-Sep-25,07-09-2025,10-09-2025,10-09-2025,SwiftShip,Central,East,Central-East,Road,650,,Delivered,714.97,Economy
SHP003742,11-09-2025,11-12-2025,14-Nov-25,16-11-2025,SkyFreight,West,North,West-North,Road,200,Customs,Delivered,353.07,Economy
SHP001128,24-03-2025,03/27/2025,01-Apr-25,08-Apr-25,MetroLogix,South,North,South-North,Road,710,Weather,Delivered,643.4,Standard
SHP003942,05-Mar-25,06-Mar-25,09-Mar-25,03-09-2025,SwiftShip,South,Central,South-Central,Road,220,,Delivered,366.08,Standard
SHP003986,12-03-2025,05-12-2025,12-12-2025,13-12-2025,RoadRunner,North,Central,North-Central,Road,1180,Capacity Constraint,Delivered,1423.61,Economy
SHP006364,04-03-2025,06-Apr-25,09-04-2025,14-04-2025,RoadRunner,West,Central,West-Central,Road,260,Traffic,Delivered,316.67,Economy
SHP000238,02/24/2025,26-02-2025,01-03-2025,02-Mar-25,RoadRunner,Central,West,Central-West,Air,630,Traffic,Delivered,1535.68,Standard
SHP004574,09-03-2025,12-Mar-25,03/16/2025,17-03-2025,SkyFreight,North,West,North-West,Air,2390,Traffic,Delivered,5309.4,Express
SHP001803,07-Jul-25,07-09-2025,13-Jul-25,07/13/2025,SkyFreight,Central,North,Central-North,Road,690,,Delivered,587.78,Express
SHP001765,12/13/2025,16-Dec-25,20-12-2025,,MetroLogix,East,North,East-North,Rail,960,Weather,Cancelled,788.33,Standard
SHP005203,09/26/2025,28-09-2025,10-01-2025,04-Oct-25,ParcelPro,North,Central,North-Central,Rail,230,Customs,Undelivered,324.42,Standard
SHP000763,02-11-2025,02/14/2025,17-02-2025,02/17/2025,ParcelPro,West,South,West-South,Air,2000,,Delivered,2658.09,Standard
SHP004257,07-08-2025,11-Aug-25,19-08-2025,22-08-2025,SwiftShip,North,West,North-West,Road,2130,Warehouse Backlog,Delivered,2211.12,Economy
SHP005444,25-Mar-25,27-Mar-25,02-Apr-25,06-04-2025,RoadRunner,North,East,North-East,Road,940,Customs,Delivered,1173.74,Economy
SHP005271,24-08-2025,27-08-2025,09-05-2025,09-04-2025,MetroLogix,South,North,South-North,Road,1940,,Delivered,2409.84,Express
SHP002251,14-02-2025,02/16/2025,25-Feb-25,25-02-2025,SkyFreight,West,South,West-South,Road,1740,,Delivered,1460.75,Economy
SHP004723,25-Oct-25,27-Oct-25,03-Nov-25,11-03-2025,SkyFreight,North,Central,North-Central,Road,1060,,Delivered,1221.83,Express
SHP006116,14-08-2025,17-Aug-25,22-Aug-25,08/25/2025,RoadRunner,Central,West,Central-West,Rail,1500,Traffic,Delivered,1109.77,Express
SHP003786,05-Aug-25,08-08-2025,08/15/2025,08/18/2025,MetroLogix,East,South,East-South,Road,1920,Customs,Undelivered,1390.34,Express
SHP000932,27-12-2025,12/30/2025,01-03-2026,,SwiftShip,West,Central,West-Central,Road,440,Customs,In Transit,398.8,Economy
SHP000800,07/14/2025,07/15/2025,18-Jul-25,18-Jul-25,ParcelPro,East,South,East-South,Road,690,,Delivered,640.42,Economy
SHP005216,06-Dec-25,12-10-2025,13-12-2025,23-12-2025,SwiftShip,South,Central,South-Central,Road,190,Weather,Delivered,317.56,Standard
SHP001115,17-Apr-25,18-Apr-25,04/22/2025,22-04-2025,SwiftShip,South,West,South-West,Road,820,,Delivered,940.86,Express
SHP002953,25-11-2025,11/27/2025,01-12-2025,11-Dec-25,ParcelPro,North,West,North-West,Air,1410,Vehicle Issue,Undelivered,3396,Economy
SHP005322,12/17/2025,20-Dec-25,27-12-2025,12/28/2025,MetroLogix,East,South,East-South,Road,1810,Customs,Delivered,1499,Economy
SHP001238,01-07-2025,03-07-2025,06-Jul-25,10-Jul-25,MetroLogix,South,West,South-West,Rail,980,Capacity Constraint,Delivered,861.35,Standard
SHP005812,10-05-2025,11-05-2025,05/15/2025,16-05-2025,SkyFreight,East,West,East-West,Road,550,Customs,Delivered,674.02,Express
SHP000436,12-07-2025,14-Jul-25,24-Jul-25,07/28/2025,ParcelPro,East,West,East-West,Road,2320,Capacity Constraint,Delivered,2446.17,Express
SHP002839,12-06-2025,08-12-2025,13-Dec-25,12/18/2025,SwiftShip,East,North,East-North,Air,1790,Weather,Delivered,2953.84,Standard
SHP001157,22-11-2025,23-11-2025,26-Nov-25,26-11-2025,RoadRunner,South,West,South-West,Air,1400,,Delivered,3209.76,Economy
SHP002337,03-08-2025,08-05-2025,08-08-2025,08-09-2025,ParcelPro,North,West,North-West,Air,1930,Customs,Delivered,3988.98,Express
SHP005143,21-04-2025,23-04-2025,04/30/2025,04/30/2025,SwiftShip,South,East,South-East,Road,1440,,Delivered,1758.77,Economy
SHP000504,10-12-2025,10/14/2025,17-Oct-25,10/15/2025,MetroLogix,East,Central,East-Central,Road,540,,Delivered,780.99,Standard
SHP004276,09/18/2025,09/21/2025,29-Sep-25,29-09-2025,MetroLogix,North,West,North-West,Rail,1920,,Delivered,1149.48,Economy
SHP004175,28-Sep-25,30-09-2025,10-02-2025,04-Oct-25,SkyFreight,North,West,North-West,Road,390,Warehouse Backlog,Delivered,542.28,Express
SHP000188,20-Jul-25,22-Jul-25,26-Jul-25,30-Jul-25,SkyFreight,East,South,East-South,Air,2280,Vehicle Issue,Delivered,2769.37,Economy
SHP003801,08-05-2025,07-08-2025,13-Aug-25,13-Aug-25,SkyFreight,Central,South,Central-South,Rail,1240,,Delivered,1045.49,Standard
SHP001125,08/17/2025,20-08-2025,29-08-2025,30-08-2025,ParcelPro,East,South,East-South,Rail,2290,Vehicle Issue,Delivered,1392.62,Economy
SHP005303,20-Oct-25,10/22/2025,29-Oct-25,30-10-2025,SkyFreight,West,East,West-East,Road,1350,Weather,Delivered,1634.69,Express
SHP002927,12/15/2025,17-Dec-25,23-Dec-25,12/23/2025,SkyFreight,North,South,North-South,Air,2390,,Delivered,4965.3,Standard
SHP000129,31-01-2025,03-Feb-25,02-07-2025,02/17/2025,MetroLogix,East,North,East-North,Air,2290,Weather,Delivered,4921.1,Standard
SHP000943,24-May-25,26-May-25,31-May-25,31-May-25,MetroLogix,North,South,North-South,Road,900,,Delivered,1072.95,Economy
SHP002618,24-Apr-25,25-04-2025,28-04-2025,28-04-2025,SwiftShip,East,South,East-South,Road,380,,Delivered,457.66,Economy
SHP004790,23-07-2025,24-07-2025,31-07-2025,07/31/2025,RoadRunner,North,East,North-East,Road,1380,,Delivered,1630.62,Economy
SHP001445,20-08-2025,08/22/2025,31-Aug-25,01-09-2025,RoadRunner,Central,South,Central-South,Road,2060,Customs,Delivered,2313.73,Standard
SHP001171,12/16/2025,18-12-2025,28-Dec-25,28-Dec-25,RoadRunner,South,East,South-East,Road,2170,,Delivered,2240.15,Economy
SHP005593,10-May-25,13-May-25,18-05-2025,05/17/2025,ParcelPro,Central,East,Central-East,Rail,1270,,Delivered,830.83,Express
SHP003620,05/17/2025,19-May-25,05/26/2025,,SkyFreight,North,Central,North-Central,Road,1910,,In Transit,2483.91,Express
SHP004178,03/31/2025,03-04-2025,06-04-2025,06-04-2025,MetroLogix,East,West,East-West,Road,440,,Delivered,389.04,Economy
SHP005618,10/30/2025,31-10-2025,02-11-2025,02-11-2025,SkyFreight,West,South,West-South,Road,170,,Delivered,255.85,Express
SHP001785,02-Oct-25,10-05-2025,10-08-2025,08-Oct-25,ParcelPro,East,North,East-North,Road,650,,Delivered,867.15,Express
SHP001605,10-10-2025,12-Oct-25,10/18/2025,20-Oct-25,RoadRunner,North,Central,North-Central,Road,900,Vehicle Issue,Delivered,675.45,Economy
SHP002190,23-06-2025,26-06-2025,01-07-2025,04-07-2025,SwiftShip,West,Central,West-Central,Road,1260,Vehicle Issue,Delivered,1328.08,Express
SHP004660,10-06-2025,06/13/2025,17-Jun-25,06/17/2025,SwiftShip,South,Central,South-Central,Road,660,,Delivered,949.51,Standard
SHP001850,05-Oct-25,08-10-2025,10/15/2025,10/17/2025,SwiftShip,West,North,West-North,Road,1070,Traffic,Delivered,1214.76,Standard
SHP004358,05-Feb-25,02-06-2025,12-Feb-25,10-Feb-25,SwiftShip,East,West,East-West,Rail,2050,,Delivered,1848.31,Express
SHP004071,07/16/2025,17-07-2025,20-Jul-25,07/21/2025,SwiftShip,North,Central,North-Central,Air,140,Warehouse Backlog,Delivered,411.42,Standard
SHP002903,06-06-2025,08-Jun-25,06/14/2025,14-Jun-25,MetroLogix,East,North,East-North,Air,2380,,Delivered,4323.09,Express
SHP000688,11-09-2025,12-09-2025,15-09-2025,16-09-2025,RoadRunner,West,South,West-South,Air,130,Vehicle Issue,Delivered,319.81,Express
SHP002512,19-Dec-25,12/21/2025,12/26/2025,12/26/2025,SkyFreight,Central,East,Central-East,Rail,1160,,Delivered,701.63,Standard
SHP002885,24-12-2025,26-Dec-25,12/31/2025,01-05-2026,ParcelPro,Central,North,Central-North,Rail,1180,Capacity Constraint,Delivered,975.76,Express
SHP000161,06/14/2025,06/16/2025,06/22/2025,22-Jun-25,RoadRunner,West,Central,West-Central,Road,1130,,Delivered,1487.22,Express
SHP004975,21-02-2025,24-Feb-25,06-Mar-25,03-04-2025,ParcelPro,South,North,South-North,Road,2200,,Delivered,1698.29,Standard
SHP004298,10-08-2025,13-Aug-25,17-Aug-25,19-08-2025,SwiftShip,South,East,South-East,Air,1930,Weather,Delivered,2274.24,Express
SHP001226,10-02-2025,02-12-2025,18-Feb-25,18-Feb-25,SwiftShip,Central,South,Central-South,Rail,1540,,Delivered,"$1,122.46",Express
SHP004215,09-02-2025,09-04-2025,12-09-2025,09/19/2025,ParcelPro,East,North,East-North,Road,2060,Weather,Delivered,2037.34,Express
SHP003345,28-10-2025,31-10-2025,11-02-2025,,SwiftShip,North,West,North-West,Road,240,,In Transit,302.13,Standard
SHP004958,07/22/2025,24-07-2025,07/26/2025,,RoadRunner,East,Central,East-Central,Air,1300,Warehouse Backlog,In Transit,1613.2,Express
SHP002999,18-07-2025,19-07-2025,27-Jul-25,,ParcelPro,North,South,North-South,Road,1860,,Cancelled,2341.5,Express
SHP005951,07-11-2025,08-11-2025,11/18/2025,16-11-2025,SwiftShip,Central,South,Central-South,Road,2080,,Delivered,2093.47,Economy
SHP004495,14-04-2025,16-04-2025,19-Apr-25,17-Apr-25,SkyFreight,East,South,East-South,Air,2230,,Delivered,2968.24,Economy
SHP004170,07-Jan-25,01-08-2025,01/16/2025,15-01-2025,ParcelPro,West,Central,West-Central,Road,1410,,Delivered,1763.1,Express
SHP002882,10-10-2025,11-10-2025,14-10-2025,10/16/2025,SkyFreight,Central,North,Central-North,Road,330,Weather,Delivered,377.48,Economy
SHP003362,03-10-2025,10-04-2025,07-Oct-25,05-Oct-25,ParcelPro,South,North,South-North,Air,750,,Delivered,1522.92,Express
SHP003253,05-11-2025,12-05-2025,16-May-25,15-05-2025,RoadRunner,Central,North,Central-North,Road,910,,Delivered,1206.11,Standard
SHP005069,05/24/2025,25-May-25,31-05-2025,31-05-2025,ParcelPro,East,South,East-South,Road,1370,,Delivered,1643.23,Standard
SHP003488,24-05-2025,05/25/2025,05/31/2025,04-06-2025,SkyFreight,West,Central,West-Central,Road,910,Weather,Delivered,1290.09,Express
SHP006449,03-07-2025,05-Jul-25,08-Jul-25,11-Jul-25,MetroLogix,West,South,West-South,Air,1920,Customs,Delivered,2365.58,Standard
SHP004044,15-May-25,16-May-25,19-May-25,05/29/2025,SwiftShip,East,North,East-North,Air,1430,Weather,Delivered,1860.93,Standard
SHP004580,23-06-2025,24-06-2025,07-02-2025,,ParcelPro,East,Central,East-Central,Road,1650,Vehicle Issue,In Transit,1771.35,Standard
SHP003864,20-08-2025,08/23/2025,28-08-2025,08/28/2025,SkyFreight,West,Central,West-Central,Road,1070,,Delivered,1075.4,Economy
SHP004837,12/25/2025,26-Dec-25,30-12-2025,30-Dec-25,SwiftShip,Central,North,Central-North,Rail,740,,Delivered,627.26,Express
SHP006437,28-01-2025,30-Jan-25,02-09-2025,10-02-2025,ParcelPro,North,South,North-South,Road,2200,Weather,Delivered,2371.11,Economy
SHP002976,02-03-2025,02-05-2025,02-08-2025,08-Feb-25,ParcelPro,Central,North,Central-North,Air,590,,Delivered,1260.79,Economy
SHP002152,08-Aug-25,10-Aug-25,15-08-2025,25-Aug-25,MetroLogix,Central,North,Central-North,Road,800,Capacity Constraint,Delivered,1150.6,Standard
SHP006215,12-04-2025,13-04-2025,17-Apr-25,04/19/2025,SwiftShip,West,South,West-South,Air,1490,Customs,Undelivered,3319.16,Express
SHP003243,27-09-2025,29-Sep-25,09-10-2025,10-09-2025,RoadRunner,Central,North,Central-North,Road,1960,,Delivered,2049.31,Express
SHP002621,03/14/2025,16-Mar-25,21-03-2025,24-Mar-25,RoadRunner,West,North,West-North,Air,1380,Vehicle Issue,Delivered,1872.52,Standard
SHP001569,04-09-2025,10-04-2025,30-12-2024,04-11-2025,ParcelPro,West,,West-South,Road,410,,Delivered,565.38,Express
SHP001732,08-02-2025,10-02-2025,02/16/2025,16-02-2025,ParcelPro,East,West,East-West,Road,930,,Delivered,719.07,Express
SHP005407,06/17/2025,06/19/2025,24-Jun-25,06/23/2025,  SWIFTSHIP  ,West,North,West-North,Rail,1120,,Delivered,816.82,Economy
SHP005908,03-08-2025,04-08-2025,11-08-2025,08/14/2025,SwiftShip,Central,North,Central-North,Road,1490,Vehicle Issue,Undelivered,1788.33,Express
SHP006130,23-Nov-25,11/25/2025,30-11-2025,12-02-2025,ParcelPro,Central,West,Central-West,Road,660,Weather,Delivered,847.04,Economy
SHP004158,25-Jan-25,01/26/2025,01/29/2025,,ParcelPro,Central,North,Central-North,Road,550,Vehicle Issue,Cancelled,797.37,Express
SHP003808,30-Apr-25,05-01-2025,09-May-25,10-May-25,RoadRunner,East,South,East-South,Rail,2370,Weather,Delivered,2590.56,Economy
SHP002928,28-Apr-25,04/30/2025,08-May-25,05-08-2025,ParcelPro,Central,North,Central-North,Road,1600,,Delivered,2044.23,Standard
SHP000374,05-06-2025,05-08-2025,05/14/2025,16-May-25,MetroLogix,East,South,East-South,Road,990,Customs,Delivered,1278.36,Express
SHP000305,15-02-2025,17-Feb-25,02/19/2025,02/19/2025,RoadRunner,North,Central,North-Central,Road,140,,Delivered,230.27,Express
SHP000336,12-May-25,15-May-25,22-05-2025,21-May-25,ParcelPro,East,South,East-South,Road,1120,,Delivered,1332.46,Express
SHP005426,26-Apr-25,30-Apr-25,05-10-2025,10-May-25,SwiftShip,North,Central,North-Central,Road,2310,,Delivered,2444.18,Economy
SHP005849,14-Nov-25,11/16/2025,24-Nov-25,24-11-2025,RoadRunner,North,South,North-South,Road,2240,,Delivered,3204.69,Economy
SHP000659,03/27/2025,30-03-2025,04-08-2025,13-04-2025,MetroLogix,Central,North,Central-North,Road,1660,Weather,Delivered,2176.26,Standard
SHP000796,19-Feb-25,02/21/2025,25-Feb-25,02/25/2025,SkyFreight,East,Central,East-Central,Air,2050,,Delivered,4183.73,Standard
SHP002291,10-04-2025,11-04-2025,15-04-2025,04/13/2025,SwiftShip,South,West,South-West,Air,1570,,Delivered,2724.22,Economy
SHP004381,16-Jul-25,18-Jul-25,26-07-2025,07/28/2025,RoadRunner,East,West,East-West,Road,2060,Traffic,Delivered,1843.51,Economy
SHP002838,22-Jan-25,23-01-2025,26-01-2025,24-01-2025,MetroLogix,East,Central,East-Central,Air,580,,Delivered,875.08,Standard
SHP000351,25-Feb-25,02/27/2025,04-03-2025,04-Mar-25,SkyFreight,Central,East,Central-East,Air,1660,,Delivered,3141.59,Economy
SHP003021,18-May-25,20-May-25,28-05-2025,07-06-2025,MetroLogix,South,North,South-North,Road,1420,Traffic,Delivered,1206.73,Standard
SHP001672,01/21/2025,01/22/2025,25-Jan-25,01/25/2025,SwiftShip,North,East,North-East,Air,590,,Delivered,1164.1,Express
SHP000740,01-07-2025,08-Jan-25,14-01-2025,13-Jan-25,MetroLogix,East,West,East-West,Road,1360,,Delivered,1226.25,Express
SHP002119,21-Jan-25,01/24/2025,01/31/2025,07-02-2025,RoadRunner,South,East,South-East,Road,1870,Vehicle Issue,Delivered,2424.07,Express
SHP002016,04-01-2025,04-04-2025,07-Apr-25,07-04-2025,RoadRunner,East,West,East-West,Air,1800,,Delivered,3702.49,Express
SHP005946,03-07-2025,03-09-2025,03-11-2025,10-Mar-25,SkyFreight,West,South,West-South,Road,330,,Delivered,513.02,Express
SHP005846,07-Dec-25,12-10-2025,14-Dec-25,14-12-2025,,Central,South,Central-South,Road,530,,Delivered,681.32,Express
SHP006169,15-Mar-25,17-Mar-25,20-Mar-25,03/30/2025,SwiftShip,East,West,East-West,Air,2150,Capacity Constraint,Delivered,2906.66,Express
SHP003538,07-06-2025,07-08-2025,11-07-2025,11-07-2025,ParcelPro,South,East,South-East,Road,620,,Undelivered,564.48,Express
SHP000388,01-04-2025,03-04-2025,07-04-2025,08-Apr-25,  ROADRUNNER  ,South,West,South-West,Air,390,Customs,Delivered,615.16,Economy
SHP001539,08/21/2025,23-Aug-25,08/27/2025,27-Aug-25,ParcelPro,West,Central,West-Central,Road,480,,Delivered,586.1,Economy
SHP002481,14-01-2025,01/18/2025,01/24/2025,24-01-2025,SkyFreight,East,Central,East-Central,Road,760,,Delivered,868.78,Economy
SHP002020,06-06-2025,08-Jun-25,16-06-2025,06/14/2025,MetroLogix,West,East,West-East,Road,1470,,Delivered,1219.46,Economy
SHP004349,19-Nov-25,11/23/2025,02-12-2025,11/30/2025,SkyFreight,Central,South,Central-South,Road,2040,,Delivered,2248.22,Economy
SHP000820,03-Dec-25,04-Dec-25,07-12-2025,11-12-2025,SkyFreight,North,West,North-West,Rail,710,Customs,Delivered,634.37,Express
SHP000609,23-Dec-25,24-12-2025,12/28/2025,04-01-2026,MetroLogix,Central,South,Central-South,Air,1460,Weather,Delivered,2120.14,Standard
SHP003660,01-Jan-25,02-Jan-25,08-01-2025,10-Jan-25,RoadRunner,Central,North,Central-North,Road,1450,Vehicle Issue,Delivered,1339.1,Economy
SHP003358,05/24/2025,05/27/2025,06-02-2025,01-06-2025,SkyFreight,North,South,North-South,Road,850,,Delivered,1157.57,Express
SHP002218,20-May-25,22-05-2025,05/25/2025,05/26/2025,MetroLogix,West,Central,West-Central,Air,1070,Vehicle Issue,Delivered,1541.22,Economy
SHP003153,28-10-2025,10/31/2025,11-02-2025,,SkyFreight,North,West,North-West,Road,200,Weather,In Transit,269.52,Standard
SHP001134,23-06-2025,06/24/2025,29-Jun-25,29-Jun-25,RoadRunner,West,North,West-North,Road,740,,Delivered,1108.05,Express
SHP001548,28-Dec-25,30-12-2025,02-Jan-26,05-Jan-26,ParcelPro,West,North,West-North,Road,350,Warehouse Backlog,Delivered,511.45,Express
SHP005080,26-08-2025,28-Aug-25,31-08-2025,08/30/2025,RoadRunner,Central,East,Central-East,Air,970,,Delivered,1963.74,Express
SHP001534,24-May-25,27-May-25,05-Jun-25,05-Jun-25,RoadRunner,South,North,South-North,Road,2140,,Delivered,1605.22,Economy
SHP003810,02/14/2025,15-02-2025,02/20/2025,23-02-2025,ParcelPro,East,West,East-West,Rail,1550,Capacity Constraint,Delivered,1732.1,Economy
SHP001628,17-Nov-25,18-11-2025,11/25/2025,25-11-2025,MetroLogix,East,Central,East-Central,Road,1570,,Delivered,1278.88,Standard
SHP003043,13-11-2025,15-Nov-25,11/18/2025,16-11-2025,SkyFreight,South,Central,South-Central,Road,140,,Delivered,233.85,Standard
SHP004334,10-Jul-25,11-07-2025,15-07-2025,13-Jul-25,SkyFreight,West,North,West-North,Road,750,,Delivered,1124.9,Express
SHP003136,02-Aug-25,04-08-2025,08-06-2025,13-Aug-25,RoadRunner,Central,North,Central-North,Air,1300,Capacity Constraint,Delivered,2901.45,Express
SHP002431,03-07-2025,09-Mar-25,17-Mar-25,,SkyFreight,West,South,West-South,Road,1540,Vehicle Issue,Cancelled,1094.82,Economy
SHP006472,12/22/2025,24-12-2025,02-Jan-26,07-Jan-26,MetroLogix,West,South,West-South,Road,2090,Weather,Delivered,1893.06,Express
SHP003640,11-01-2025,12-Jan-25,19-Jan-25,18-01-2025,ParcelPro,Central,North,Central-North,Road,1740,,Delivered,2298.96,Standard
SHP004089,02-12-2025,14-Feb-25,18-02-2025,18-02-2025,RoadRunner,South,,South-West,Road,790,,Delivered,1089.69,Economy
SHP001046,06-08-2025,08-09-2025,08/13/2025,16-Aug-25,MetroLogix,West,North,West-North,Air,860,Weather,Delivered,2120.51,Standard
SHP005476,10-11-2025,11-12-2025,18-Nov-25,22-Nov-25,MetroLogix,Central,South,Central-South,Road,1380,Capacity Constraint,Delivered,1982.33,Express
SHP003517,06-Sep-25,07-09-2025,09/18/2025,25-Sep-25,MetroLogix,West,North,West-North,Road,2380,Weather,Delivered,3050.75,Express
SHP002416,16-Jul-25,18-07-2025,28-07-2025,07/29/2025,MetroLogix,North,East,North-East,Road,2260,Warehouse Backlog,Delivered,1803.72,Express
SHP003093,07/18/2025,21-Jul-25,07/29/2025,31-07-2025,SkyFreight,West,Central,West-Central,Road,1430,Customs,Delivered,1469.26,Economy
SHP005459,08/18/2025,19-Aug-25,25-Aug-25,,SkyFreight,East,North,East-North,Road,1190,Warehouse Backlog,Cancelled,1364.16,Standard
SHP001435,05-02-2025,07-02-2025,09-02-2025,12-02-2025,MetroLogix,North,East,North-East,Road,170,Traffic,Delivered,238.72,Express
SHP004916,17-Dec-25,20-12-2025,28-Dec-25,30-Dec-25,MetroLogix,South,East,South-East,Road,1800,Warehouse Backlog,Delivered,1981.88,Standard
SHP001186,10-08-2025,10-10-2025,10/20/2025,,ParcelPro,West,South,West-South,Road,2160,Vehicle Issue,In Transit,1570.84,Express
SHP006313,05-06-2025,08-Jun-25,06/17/2025,17-06-2025,SwiftShip,North,West,North-West,Road,1840,,Delivered,1289.51,Standard
SHP005402,09-Aug-25,08-11-2025,08/16/2025,08/19/2025,SkyFreight,North,East,North-East,Road,1250,Weather,Delivered,1253.87,Economy
SHP003262,02/27/2025,02/28/2025,06-Mar-25,31-12-2024,ParcelPro,Central,East,Unknown-Route,Rail,1960,,Delivered,1499.85,Express
SHP006498,15-07-2025,07/18/2025,22-07-2025,21-07-2025,RoadRunner,East,South,East-South,Air,1840,,Delivered,2886.74,Economy
SHP000894,31-Oct-25,03-11-2025,05-11-2025,12-11-2025,ParcelPro,East,Central,East-Central,Road,320,Vehicle Issue,Delivered,465.99,Standard
SHP004613,16-11-2025,19-Nov-25,26-Nov-25,27-11-2025,RoadRunner,West,East,West-East,Road,1830,Vehicle Issue,Delivered,1556.53,Express
SHP005648,10-Aug-25,08-11-2025,13-08-2025,,SwiftShip,East,West,East-West,Air,1020,,In Transit,2015.17,Express
SHP000045,10-02-2025,06-10-2025,10-10-2025,10-10-2025,ParcelPro,West,North,West-North,Air,820,,Delivered,1866.61,Standard
SHP002720,09-09-2025,12-09-2025,21-Sep-25,19-Sep-25,SwiftShip,South,North,South-North,Road,1990,,Undelivered,1588.57,Express
SHP005248,18-Nov-25,11/20/2025,28-11-2025,11/28/2025,SkyFreight,North,East,North-East,Road,1510,,Delivered,1211.79,Express
SHP004207,16-Aug-25,08/18/2025,08/22/2025,21-08-2025,SkyFreight,North,East,North-East,Air,690,,Delivered,1693.12,Express
SHP004264,08-02-2025,06-Aug-25,09-08-2025,08-07-2025,SkyFreight,East,South,East-South,Air,1620,,Delivered,2238.13,Express
SHP005025,31-Jan-25,03-Feb-25,07-02-2025,12-02-2025,ParcelPro,East,Central,East-Central,Road,990,Customs,Delivered,1130.07,Economy
SHP002869,28-05-2025,29-05-2025,06-03-2025,06-04-2025,SwiftShip,North,Central,North-Central,Air,2030,Warehouse Backlog,Delivered,3321.22,Standard
SHP002729,10-Dec-25,13-12-2025,17-12-2025,12/22/2025,ParcelPro,North,Central,North-Central,Road,670,Traffic,Delivered,772.17,Express
SHP004075,28-Sep-25,09/30/2025,03-10-2025,,SkyFreight,West,Central,West-Central,Road,610,Customs,Delivered,568.17,Standard
SHP004641,11/20/2025,21-11-2025,27-Nov-25,11/28/2025,RoadRunner,East,South,East-South,Road,1200,Capacity Constraint,Delivered,1604.91,Express
SHP002414,12-08-2025,08/14/2025,08/16/2025,,RoadRunner,South,West,South-West,Road,200,,Cancelled,296.09,Standard
SHP001377,04/30/2025,05-02-2025,05-07-2025,08-May-25,MetroLogix,North,South,North-South,Rail,1400,Customs,Delivered,818.8,Standard
SHP003847,22-11-2025,25-Nov-25,03-12-2025,,MetroLogix,North,East,North-East,Road,1800,Capacity Constraint,In Transit,2309.01,Standard
SHP005702,04/18/2025,21-04-2025,04/26/2025,25-04-2025,ParcelPro,West,East,West-East,Road,1040,,Delivered,912.29,Standard
SHP003445,01/16/2025,01/20/2025,01/29/2025,02-08-2025,ParcelPro,North,East,North-East,Road,2220,Customs,Delivered,1679.45,Economy
SHP002021,22-10-2025,25-10-2025,10/28/2025,28-10-2025,SwiftShip,East,North,East-North,Air,610,,Delivered,837.24,Economy
SHP004484,20-Feb-25,02/23/2025,28-02-2025,03-01-2025,ParcelPro,Central,East,Central-East,Rail,1320,Vehicle Issue,Delivered,1365.89,Economy
SHP000617,01-11-2025,14-Jan-25,01/24/2025,01/23/2025,SwiftShip,East,South,East-South,Road,2260,,Delivered,2212.22,Standard
SHP006186,11/18/2025,21-11-2025,11/30/2025,,SkyFreight,South,East,South-East,Road,1670,Warehouse Backlog,Cancelled,1544.85,Express
SHP006393,16-03-2025,03/20/2025,03/25/2025,04-01-2025,RoadRunner,Central,East,Central-East,Road,1290,Capacity Constraint,Delivered,1108.66,Express
SHP006152,28-08-2025,30-Aug-25,03-Sep-25,01-09-2025,SkyFreight,East,North,East-North,Road,730,,Delivered,745.8,Express
SHP003167,31-10-2025,03-Nov-25,10-Nov-25,11-08-2025,ParcelPro,East,North,East-North,Road,1210,,Delivered,1170.26,Express
SHP000541,07-08-2025,07-09-2025,07/13/2025,13-Jul-25,SkyFreight,East,South,East-South,Road,760,,Delivered,969.1,Economy
SHP002144,02/15/2025,02/16/2025,22-Feb-25,23-Feb-25,SwiftShip,South,Central,South-Central,Road,1480,Warehouse Backlog,Delivered,1343.23,Economy
SHP004084,23-Jan-25,26-01-2025,01/30/2025,01/29/2025,SkyFreight,East,South,East-South,Air,120,,Delivered,239.47,Economy
SHP005646,23-Dec-25,25-12-2025,12/31/2025,12/31/2025,SwiftShip,South,East,South-East,Rail,1620,,Delivered,1747.52,Economy
SHP002316,13-10-2025,10/15/2025,19-Oct-25,18-Oct-25,RoadRunner,West,Central,West-Central,Road,820,,Delivered,845.52,Standard
SHP005149,03/15/2025,17-Mar-25,24-03-2025,29-Mar-25,ParcelPro,North,South,North-South,Road,1120,Weather,Delivered,1268.1,Express
SHP000538,22-05-2025,23-May-25,26-05-2025,05/26/2025,SwiftShip,West,Central,West-Central,Air,1660,,Delivered,2903.59,Express
SHP003212,23-03-2025,25-03-2025,04-02-2025,04-04-2025,SkyFreight,South,Central,South-Central, road ,1480,Customs,Delivered,1161.51,Express
SHP004347,22-Jun-25,23-06-2025,01-07-2025,07-04-2025,MetroLogix,West,South,West-South,Road,2060,Traffic,Delivered,1726.51,Economy
SHP001912,04-07-2025,07-06-2025,07-10-2025,15-Jul-25,RoadRunner,West,North,West-North,Air,1330,Customs,Undelivered,2548.6,Standard
SHP002209,19-Oct-25,22-Oct-25,10/25/2025,28-Oct-25,MetroLogix,South,North,South-North,Air,1680,Customs,Delivered,2515.49,Economy
SHP001155,09-09-2025,11-09-2025,20-09-2025,22-Sep-25,SkyFreight,Central,East,Central-East,Road,2100,Capacity Constraint,Delivered,2624.06,Standard
SHP003715,11-02-2025,05-Nov-25,09-Nov-25,11-09-2025,SkyFreight,East,North,East-North,Road,660,,Delivered,781.57,Standard
SHP005944,25-06-2025,26-06-2025,03-Jul-25,01-07-2025,ParcelPro,South,East,South-East,Road,1660,,Delivered,1918.06,Economy
SHP000777,06-Jul-25,07-07-2025,07/13/2025,20-Jul-25,MetroLogix,West,Central,West-Central,Air,2340,Traffic,Delivered,5100.79,Standard
SHP004925,11-01-2025,11-03-2025,11-10-2025,15-Nov-25,RoadRunner,West,South,West-South,Road,1070,Traffic,Delivered,820.28,Economy
SHP004783,11-Apr-25,13-Apr-25,22-04-2025,04/26/2025,RoadRunner,West,South,West-South,Road,2110,Warehouse Backlog,Undelivered,2296.92,Express
SHP000722,04/28/2025,30-Apr-25,03-05-2025,03-05-2025,SkyFreight,West,North,West-North,Air,1820,,Delivered,2290.23,Economy
SHP001687,29-Apr-25,01-05-2025,05-06-2025,10-05-2025,RoadRunner,East,Central,East-Central,Road,1030,Customs,Delivered,1125.59,Express
SHP000658,03/26/2025,29-Mar-25,07-04-2025,09-04-2025,SkyFreight,South,Central,South-Central,Road,2030,Customs,Delivered,2272.97,Express
SHP005167,14-Oct-25,16-Oct-25,21-Oct-25,10/20/2025,SwiftShip,West,South,West-South,Rail,900,,Delivered,847.14,Express
SHP005257,07/24/2025,25-07-2025,31-Jul-25,05-Aug-25,ParcelPro,South,East,South-East,Road,820,Customs,Undelivered,1129.37,Economy
SHP000904,03-07-2025,11-03-2025,19-Mar-25,19-Mar-25,MetroLogix,Central,West,Central-West,Road,2200,,Delivered,2973.2,Express
SHP000329,24-12-2025,12/25/2025,01-01-2026,01-Jan-26,MetroLogix,West,Central,West-Central,Road,1130,,Undelivered,1033.19,Express
SHP001560,03-02-2025,05-02-2025,02-08-2025,08-02-2025,SkyFreight,North,South,North-South,Air,1900,,Delivered,2550.01,Economy
SHP006092,23-12-2025,12/26/2025,30-12-2025,12/30/2025,ParcelPro,Central,North,Central-North,Air,390,,Delivered,928.5,Economy
SHP002203,28-Aug-25,29-08-2025,09-03-2025,09-08-2025,RoadRunner,South,Central,South-Central,Road,780,Warehouse Backlog,Delivered,683.11,Standard
SHP001269,10-05-2025,10-06-2025,10-12-2025,14-Oct-25,SkyFreight,South,West,South-West,Road,980,Weather,Delivered,1301.73,Economy
SHP001831,21-Aug-25,24-Aug-25,08/26/2025,24-Aug-25,SkyFreight,South,Central,South-Central,Air,1230,,Delivered,2770.86,Economy
SHP003198,05/29/2025,31-May-25,02-06-2025,09-Jun-25,RoadRunner,East,North,East-North,Road,220,Warehouse Backlog,Delivered,374.52,Standard
SHP002811,06-07-2025,10-06-2025,16-Jun-25,06/17/2025,SkyFreight,South,Central,South-Central,Road,1340,Weather,Delivered,1854.02,Standard
SHP000591,06-06-2025,08-Jun-25,11-Jun-25,18-06-2025,SwiftShip,North,East,North-East,Road,730,Customs,Delivered,1091.29,Economy
SHP006195,01-02-2025,06-01-2025,12-Jan-25,10-Jan-25,RoadRunner,Central,South,Central-South,Rail,1980,,Delivered,1141.51,Standard
SHP001983,08/16/2025,18-Aug-25,25-Aug-25,08/24/2025,MetroLogix,North,East,North-East,Road,1540,,Delivered,1258.89,Standard
SHP004912,10-Aug-25,08-11-2025,15-08-2025,18-08-2025,RoadRunner,Central,East,Central-East,Road,640,Weather,Delivered,528.68,Economy
SHP002524,26-Oct-25,29-Oct-25,03-Nov-25,06-Nov-25,SwiftShip,East,South,East-South,Air,1540,Warehouse Backlog,Delivered,3099.44,Standard
SHP002852,18-Nov-25,20-11-2025,25-Nov-25,,MetroLogix,East,Central,East-Central,Road,1320,Traffic,In Transit,1751.34,Express
SHP005389,05-04-2025,05-07-2025,05-09-2025,09-May-25,MetroLogix,South,Central,South-Central,Air,140,,Delivered,296.09,Express
SHP005690,25-Dec-25,27-Dec-25,01-03-2026,02-Jan-26,RoadRunner,East,North,East-North,Rail,2190,,Delivered,2322.73,Express
SHP006089,08/22/2025,24-Aug-25,30-08-2025,01-Sep-25,ParcelPro,West,South,West-South,Air,2340,Capacity Constraint,Delivered,3914.79,Standard
SHP006286,06-08-2025,11-Jun-25,06/18/2025,20-06-2025,RoadRunner,North,Central,North-Central,Road,1350,Traffic,Delivered,1807.36,Express
SHP003143,21-Oct-25,23-10-2025,31-Oct-25,31-Oct-25,ParcelPro,Central,West,Central-West,Road,1990,,Delivered,1962.99,Economy
SHP005720,05-Nov-25,07-Nov-25,11-09-2025,09-11-2025,RoadRunner,Central,South,Central-South,Air,1270,,Delivered,2106.13,Standard
SHP005996,22-Apr-25,23-Apr-25,04-05-2025,05-06-2025,SwiftShip,South,West,South-West,Road,2390,Capacity Constraint,Undelivered,2428.29,Economy
SHP000207,09/27/2025,30-Sep-25,10-05-2025,10-05-2025,SkyFreight,East,South,East-South,Road,980,,Delivered,1309,Standard
SHP005449,01-04-2025,05-Jan-25,07-01-2025,09-Jan-25,MetroLogix,South,North,South-North,Road,240,Capacity Constraint,Delivered,313.5,Economy
SHP005076,27-07-2025,28-07-2025,02-Aug-25,31-Jul-25,RoadRunner,North,West,North-West,Rail,1120,,Delivered,832.73,Standard
SHP002221,24-Nov-25,11/26/2025,04-Dec-25,,ParcelPro,Central,East,Central-East,Rail,2070,,Cancelled,1528.16,Economy
SHP002032,06-07-2025,08-07-2025,07/17/2025,21-07-2025,RoadRunner,South,Central,South-Central,Road,2000,Weather,Delivered,1447.89,Express
SHP003252,27-06-2025,30-Jun-25,04-07-2025,05-Jul-25,MetroLogix,Central,,Central-East,Road,370,Capacity Constraint,Delivered,395.75,Express
SHP004631,06-Feb-25,08-02-2025,02/14/2025,14-Feb-25,ParcelPro,West,East,West-East,Rail,1290,,Delivered,1252.18,Economy
SHP006054,26-01-2025,27-01-2025,02-02-2025,04-02-2025,RoadRunner,East,South,East-South,Road,1540,Vehicle Issue,Delivered,1868.1,Economy
SHP001923,22-Dec-25,12/23/2025,12/30/2025,29-12-2025,SkyFreight,South,West,South-West,Road,1680,,Delivered,1201.92,Standard
SHP000683,17-07-2025,07/19/2025,24-07-2025,24-07-2025,RoadRunner,East,South,East-South,Road,560,,Delivered,740.99,Express
SHP004442,20-Mar-25,24-03-2025,03/29/2025,04-03-2025,ParcelPro,South,East,South-East,Road,820,Weather,Delivered,1177.09,Express
SHP000395,02-Nov-25,03-Nov-25,07-11-2025,11-12-2025,RoadRunner,South,East,South-East,Road,130,Vehicle Issue,Undelivered,258.62,Express
SHP002217,06-04-2025,05-06-2025,12-06-2025,10-Jun-25,RoadRunner,North,West,North-West,Road,1900,,Delivered,1525.53,Economy
SHP003161,05/16/2025,17-May-25,25-May-25,25-May-25,SkyFreight,East,North,East-North,Road,2220,,Delivered,1772.56,Economy
SHP003449,21-03-2025,23-Mar-25,03/28/2025,26-Mar-25,SwiftShip,South,West,South-West,Rail,1270,,Delivered,749.44,Economy
SHP004972,22-06-2025,25-Jun-25,,07-02-2025,RoadRunner,North,Central,North-Central,Road,1410,Vehicle Issue,Delivered,1248.47,Standard
SHP004824,23-06-2025,26-06-2025,01-Jul-25,07-01-2025,SkyFreight,North,West,North-West,Road,590,,Delivered,791.24,Standard
SHP003956,25-04-2025,27-Apr-25,05-02-2025,06-May-25,MetroLogix,Central,North,Central-North,Road,1340,Capacity Constraint,Delivered,1118.92,Economy
SHP005521,05-09-2025,11-05-2025,17-05-2025,,SwiftShip,East,West,East-West,Road,1030,,Delivered,1479.14,Standard
SHP002596,28-05-2025,31-May-25,09-Jun-25,11-06-2025,SwiftShip,East,South,East-South,Road,2140,Traffic,Delivered,2132.74,Standard
SHP005306,03-06-2025,06-06-2025,08-Jun-25,06-07-2025,RoadRunner,Central,South,Central-South,Road,190,,Delivered,340.04,Express
SHP003885,16-07-2025,18-07-2025,07/22/2025,07/20/2025,  SKYFREIGHT  ,North,East,North-East,Road,650,,Delivered,640.57,Standard
SHP000111,03-Feb-25,05-Feb-25,07-Feb-25,14-Feb-25,SkyFreight,South,Central,South-Central,Air,300,Capacity Constraint,Delivered,553.28,Standard
SHP005987,23-07-2025,07/26/2025,08-03-2025,08-03-2025,ParcelPro,East,South,East-South,Road,2110,,Delivered,2293.78,Economy
SHP004766,12-Apr-25,04/14/2025,04/18/2025,16-Apr-25,RoadRunner,Central,South,Central-South,Road,930,,Delivered,743.05,Express
SHP001802,03-05-2025,08-03-2025,12-03-2025,03/13/2025,SkyFreight,North,Central,North-Central,Air,2080,Capacity Constraint,Delivered,4229.51,Express
SHP004590,03/22/2025,24-03-2025,03/26/2025,26-Mar-25,SwiftShip,South,West,South-West,Road,340,,Delivered,425.94,Standard
SHP004515,11/30/2025,01-12-2025,04-Dec-25,04-12-2025,SwiftShip,North,East,North-East,Air,1110,,Delivered,2283.03,Standard
SHP004141,17-03-2025,19-03-2025,27-03-2025,31-Mar-25,SwiftShip,North,Central,North-Central,Road,2000,Weather,Delivered,2741.49,Economy
SHP002298,02/23/2025,02/25/2025,05-03-2025,06-Mar-25,ParcelPro,East,South,East-South,Road,2150,Weather,Delivered,3026.52,Standard
SHP004362,24-Apr-25,04/25/2025,28-04-2025,26-Apr-25,SkyFreight,North,West,North-West,Road,300,,Delivered,461.28,Economy
SHP004700,04-12-2025,15-04-2025,22-04-2025,23-04-2025,  PARCELPRO  ,South,East,South-East,Road,1350,Traffic,Delivered,1936.62,Express
SHP000307,07/13/2025,14-07-2025,24-07-2025,26-Jul-25,ParcelPro,East,Central,East-Central,Road,2160,Capacity Constraint,Delivered,2804.27,Standard
SHP005296,13-09-2025,16-09-2025,09/22/2025,20-Sep-25,SwiftShip,East,Central,East-Central,Road,860,,Delivered,772.09,Economy
SHP000148,22-06-2025,24-Jun-25,03-07-2025,02-Jul-25,SkyFreight,South,Central,South-Central,Road,2150,,Delivered,3084.4,Standard
SHP000024,12/26/2025,12/27/2025,01-02-2026,02-01-2026,ParcelPro,East,Central,East-Central,Road,1290,,Delivered,1567.08,Standard
SHP003753,23-Jan-25,26-01-2025,01/28/2025,26-01-2025,RoadRunner,East,West,East-West, air ,670,,Delivered,1528.8,Standard
SHP002514,16-12-2025,12/17/2025,20-12-2025,12/21/2025,SkyFreight,Central,East,Central-East,Air,390,Traffic,Delivered,973.59,Economy
SHP002254,03-10-2025,03-11-2025,15-03-2025,15-03-2025,ParcelPro,South,West,South-West,Air,1640,,Delivered,3275.85,Economy
SHP001455,03/18/2025,20-03-2025,30-Mar-25,02-Apr-25,MetroLogix,Central,South,Central-South,Road,2340,Weather,Delivered,3103.91,Economy
SHP002107,06-Oct-25,07-Oct-25,10-10-2025,11-Oct-25,ParcelPro,North,East,North-East,Road,410,Vehicle Issue,Delivered,622.64,Economy
SHP006217,22-11-2025,11/24/2025,26-11-2025,26-11-2025,RoadRunner,Central,East,Central-East,Air,1010,,Delivered,1683.36,Express
SHP001906,06-12-2025,08-12-2025,13-12-2025,23-Dec-25,RoadRunner,South,North,South-North,Rail,700,Traffic,Delivered,540.78,Express
SHP002680,21-Jan-25,23-Jan-25,01/29/2025,01/28/2025,SwiftShip,Central,North,Central-North,Road,1410,,Delivered,1379.7,Standard
SHP001492,12-Mar-25,03/13/2025,03/18/2025,16-03-2025,RoadRunner,North,South,North-South,Rail,690,,Delivered,729.8,Economy
SHP004655,06-Oct-25,08-10-2025,14-Oct-25,15-Oct-25,ParcelPro,Central,West,Central-West,Road,1460,Weather,Delivered,1243.53,Express
SHP002415,03/24/2025,26-Mar-25,04-02-2025,06-Apr-25,MetroLogix,West,South,West-South,Rail,1550,Capacity Constraint,Delivered,1740.63,Standard
SHP000733,29-Aug-25,30-Aug-25,06-09-2025,09-11-2025,RoadRunner,West,Central,West-Central,Road,1740,Weather,Delivered,1308.78,Economy
SHP004872,08/18/2025,19-Aug-25,08/26/2025,28-08-2025,SwiftShip,North,Central,North-Central,Road,1180,Vehicle Issue,Delivered,1611.34,Standard
SHP005294,01-08-2025,08-04-2025,08/15/2025,08/15/2025,  SWIFTSHIP  ,South,West,South-West,Road,2340,,Delivered,2543.97,Express
SHP004991,07-Jan-25,10-Jan-25,19-Jan-25,01/19/2025,MetroLogix,Central,North,Central-North,Road,1790,,Delivered,2404.57,Economy
SHP006361,09-03-2025,11-03-2025,15-Mar-25,25-03-2025,MetroLogix,West,North,West-North,Air,2240,Weather,Delivered,3475.59,Express
SHP000600,29-05-2025,31-May-25,06-10-2025,06-09-2025,ParcelPro,East,Central,East-Central,Road,1980,,Delivered,2853.47,Standard
SHP006178,24-03-2025,27-Mar-25,03/29/2025,02-Apr-25,SwiftShip,North,South,North-South,Road,420,Customs,Delivered,440.6,Standard
SHP004843,30-08-2025,01-09-2025,08-09-2025,09-10-2025,SkyFreight,West,North,West-North,Road,1580,Warehouse Backlog,Delivered,1336.43,Express
SHP005155,17-May-25,19-May-25,05/25/2025,01-Jun-25,MetroLogix,East,South,East-South,Road,1560,Warehouse Backlog,Delivered,2180.91,Economy
SHP005538,19-05-2025,22-May-25,26-05-2025,05/29/2025,SkyFreight,East,South,East-South,Road,820,Traffic,Delivered,1110.51,Economy
SHP003717,19-10-2025,21-10-2025,10/29/2025,10/30/2025,MetroLogix,North,Central,North-Central,Road,1860,Capacity Constraint,Delivered,1375.04,Express
SHP006227,09-04-2025,09-06-2025,10-Sep-25,15-09-2025,,West,South,West-South,Road,930,Traffic,Delivered,998.68,Economy
SHP004111,02-Dec-25,04-12-2025,13-Dec-25,12/15/2025,RoadRunner,North,South,North-South,Road,2360,Customs,Delivered,1860.96,Economy
SHP006255,04-Sep-25,06-Sep-25,09-09-2025,07-09-2025,RoadRunner,South,North,South-North,Road,750,,Delivered,728.21,Standard
SHP000472,02-11-2025,14-Feb-25,02/18/2025,02/16/2025,SkyFreight,East,West,East-West, road ,580,,Delivered,722.44,Economy
SHP000861,01-Apr-25,04-04-2025,08-Apr-25,04-11-2025,SkyFreight,West,North,West-North,Road,210,Warehouse Backlog,Delivered,243.47,Economy
SHP002394,12-08-2025,08/13/2025,08/18/2025,18-Aug-25,MetroLogix,South,West,South-West,Road,990,,Delivered,1209.67,Express
SHP006305,12-11-2025,15-Nov-25,22-Nov-25,,MetroLogix,West,South,West-South,Rail,2290,,In Transit,2108.43,Standard
SHP003836,14-05-2025,17-May-25,24-May-25,28-May-25,SwiftShip,West,South,West-South,Road,1840,Weather,Delivered,1702.18,Economy
SHP001402,19-Aug-25,08/20/2025,23-08-2025,22-08-2025,SkyFreight,South,Central,South-Central,Air,1000,,Delivered,1502.58,Standard
SHP000099,08-10-2025,10-11-2025,14-Oct-25,13-Oct-25,SwiftShip,Central,South,Central-South,Air,720,,Delivered,1305.23,Economy
SHP005172,02-03-2025,04-02-2025,02-07-2025,06-Feb-25,ParcelPro,East,West,East-West,Air,180,,Delivered,413.61,Standard
SHP006432,02-12-2025,02/14/2025,16-Feb-25,16-02-2025,MetroLogix,North,South,North-South,Air,990,,Delivered,1494.66,Express
SHP005331,16-10-2025,17-10-2025,20-Oct-25,22-10-2025,SkyFreight,West,Central,West-Central,Air,400,Customs,Delivered,640.97,Express
SHP005584,02-Oct-25,03-10-2025,10-07-2025,09-10-2025,SkyFreight,North,West,North-West,Road,820,Warehouse Backlog,Delivered,1195.83,Economy
SHP005485,10/16/2025,18-Oct-25,10/26/2025,,SwiftShip,South,East,South-East,Road,2060,Traffic,In Transit,2385.58,Economy
SHP001162,04-10-2025,07-10-2025,12-10-2025,13-10-2025,ParcelPro,South,North,South-North,Road,640,Traffic,Delivered,778.65,Economy
SHP001735,06-03-2025,05-Jun-25,11-06-2025,06-10-2025,ParcelPro,Central,West,Central-West,Road,1320,,Delivered,1841.5,Economy
SHP003642,06-11-2025,06/13/2025,20-Jun-25,19-06-2025,MetroLogix,Central,North,Central-North,Rail,1530,,Delivered,1647.58,Standard
SHP000346,23-01-2025,26-01-2025,30-01-2025,01/28/2025,ParcelPro,North,West,North-West, air ,570,,Delivered,929.72,Standard
SHP003692,02/27/2025,03-01-2025,03-11-2025,03-11-2025,SkyFreight,North,South,North-South,Road,2350,,Delivered,2416.44,Economy
SHP004706,28-Apr-25,05-01-2025,05-May-25,06-05-2025,RoadRunner,East,West,East-West,Air,540,Vehicle Issue,Delivered,1156.62,Express
SHP001229,13-08-2025,08/16/2025,24-08-2025,26-08-2025,RoadRunner,East,West,East-West,Road,1440,Capacity Constraint,Delivered,1813.85,Express
SHP001928,08-05-2025,05-09-2025,15-May-25,25-05-2025,MetroLogix,Central,West,Central-West,Rail,1720,Traffic,Delivered,1766.37,Economy
SHP005135,04-Apr-25,06-04-2025,08-04-2025,04-08-2025,RoadRunner,Central,East,Central-East,Rail,360,,Delivered,293.17,Standard
SHP005036,04-05-2025,07-May-25,12-May-25,10-May-25,MetroLogix,West,Central,West-Central,Air,1790,,Delivered,4063.38,Express
SHP002520,15-Oct-25,10/17/2025,19-Oct-25,26-10-2025,ParcelPro,West,Central,West-Central,Road,180,Warehouse Backlog,Delivered,272.15,Express
SHP000165,01-06-2025,01-07-2025,14-01-2025,14-01-2025,SkyFreight,West,North,West-North,Road,1300,,Delivered,1405.7,Standard
SHP005082,26-Dec-25,12/29/2025,08-01-2026,08-Jan-26,ParcelPro,North,West,North-West,Road,2360,,Delivered,2190.11,Economy
SHP003414,07/18/2025,20-07-2025,07/26/2025,27-Jul-25,ParcelPro,East,West,East-West,Road,1190,Traffic,Undelivered,1185.43,Standard
SHP004359,13-12-2025,14-12-2025,24-Dec-25,27-12-2025,  METROLOGIX  ,West,East,West-East,Road,2310,Capacity Constraint,Delivered,1769.18,Express
SHP005880,11/13/2025,11/15/2025,19-11-2025,,RoadRunner,Central,West,Central-West,Air,350,,In Transit,685.03,Express
SHP001239,30-Sep-25,01-Oct-25,10-04-2025,10-04-2025,RoadRunner,South,Central,South-Central,Road,720,,Delivered,974.97,Standard
SHP003427,12-Aug-25,14-Aug-25,21-Aug-25,21-Aug-25,SwiftShip,West,Central,West-Central,Rail,2360,,Undelivered,1607.82,Economy
SHP002991,07-Oct-25,09-10-2025,12-Oct-25,10-11-2025,MetroLogix,East,South,East-South,Road,370,,Delivered,400.68,Express
SHP001925,12-03-2025,12-05-2025,09-12-2025,12/16/2025,SkyFreight,Central,South,Central-South,Air,1960,Warehouse Backlog,Delivered,4386.73,Economy
SHP002859,02-Jul-25,04-Jul-25,06-07-2025,06-07-2025,MetroLogix,East,North,East-North,Road,140,,Delivered,207.34,Express
SHP003037,24-Dec-25,25-Dec-25,28-12-2025,12/27/2025,SwiftShip,West,Central,West-Central,Road,130,,Delivered,205.79,Express
SHP005021,18-09-2025,09/20/2025,23-09-2025,26-Sep-25,SkyFreight,North,South,North-South,Air,1770,Traffic,Delivered,2274.53,Standard
SHP001320,18-Feb-25,21-Feb-25,25-Feb-25,26-Feb-25,MetroLogix,Central,South,Central-South,Road,850,Vehicle Issue,Delivered,832.18,Express
SHP001668,20-Dec-25,22-Dec-25,25-Dec-25,04-Jan-26,SkyFreight,Central,West,Central-West,Air,330,Capacity Constraint,Delivered,739.07,Standard
SHP000182,09-Mar-25,11-03-2025,13-03-2025,13-03-2025,SwiftShip,West,Central,West-Central,Air,380,,Delivered,820.74,Economy
SHP003436,11/13/2025,11/15/2025,17-Nov-25,20-Nov-25,RoadRunner,North,East,North-East,Air,860,Weather,Delivered,1305.8,Express
SHP005150,03-09-2025,06-Sep-25,08-09-2025,07-09-2025,SwiftShip,Central,West,Central-West,Air,900,,Delivered,2224.87,Standard
SHP005017,20-Jan-25,21-Jan-25,29-Jan-25,01-Feb-25,SkyFreight,Central,South,Central-South,Rail,1960,Capacity Constraint,Delivered,1720.95,Express
SHP006180,22-07-2025,07/23/2025,27-Jul-25,,SkyFreight,East,South,East-South,Road,540,,In Transit,683.45,Economy
SHP004080,25-Dec-25,12/26/2025,12/30/2025,02-Jan-26,MetroLogix,South,West,South-West,Air,700,Capacity Constraint,Delivered,1311.8,Express
SHP002331,07-01-2025,07-03-2025,09-07-2025,09-Jul-25,SwiftShip,South,Central,South-Central,Road,1250,,Delivered,1771.33,Standard
SHP004849,10-02-2025,12-Feb-25,15-02-2025,22-02-2025,SkyFreight,East,South,East-South,Air,960,Traffic,Delivered,1564.78,Standard
SHP005777,12-12-2025,14-Dec-25,12/21/2025,20-12-2025,SwiftShip,West,East,West-East,Road,1240,,Delivered,1798.94,Standard
SHP005295,12/18/2025,20-12-2025,12/26/2025,26-12-2025,RoadRunner,West,North,West-North,Road,1450,,Delivered,1512.94,Express
SHP004858,01/22/2025,01/24/2025,01-Feb-25,08-02-2025,MetroLogix,West,North,West-North,Road,1940,Weather,Delivered,1445.3,Economy
SHP005798,28-Sep-25,10-01-2025,11-10-2025,15-10-2025,SkyFreight,North,Central,North-Central,Road,2340,Warehouse Backlog,Delivered,1936.68,Economy
SHP000355,08/25/2025,28-08-2025,07-09-2025,07-Sep-25,MetroLogix,South,East,South-East,Road,1970,,Delivered,1860.62,Express
SHP004477,09-Jul-25,07-11-2025,15-07-2025,13-07-2025,SwiftShip,West,Central,West-Central,Rail,580,,Delivered,483.68,Economy
SHP000938,07/31/2025,01-Aug-25,06-Aug-25,07-08-2025,ParcelPro,East,North,East-North,Road,460,Weather,Delivered,569.97,Standard
SHP001156,12-10-2025,10/14/2025,10/18/2025,10/18/2025,SkyFreight,West,East,West-East,Road,150,,Delivered,295.76,Economy
SHP002866,12-08-2025,12-12-2025,15-Dec-25,19-12-2025,SkyFreight,North,Central,North-Central,Air,1860,Warehouse Backlog,Delivered,2195.24,Economy
SHP003281,01-Mar-25,03-02-2025,06-Mar-25,04-Mar-25,MetroLogix,South,West,South-West,Road,360,,Delivered,569.34,Standard
SHP006247,25-May-25,05/26/2025,05-Jun-25,06-05-2025,ParcelPro,North,South,North-South,Road,1980,,Delivered,1498.97,Economy
SHP003578,06-12-2025,15-Jun-25,20-Jun-25,20-Jun-25,MetroLogix,East,West,East-West,Road,1050,,Delivered,1115.19,Express
SHP000380,10-Aug-25,12-08-2025,15-Aug-25,16-08-2025,RoadRunner,North,South,North-South,Road,370,Capacity Constraint,Delivered,534.27,Express
SHP003208,06-08-2025,10-06-2025,13-06-2025,13-Jun-25,SkyFreight,North,South,North-South,Road,130,,Delivered,228.06,Economy
SHP006095,24-06-2025,25-06-2025,06/29/2025,07-02-2025,SwiftShip,North,East,North-East,Road,710,Weather,Delivered,596.77,Express
SHP005922,23-07-2025,25-07-2025,08-04-2025,08-11-2025,MetroLogix,Central,East,Central-East,Road,2100,Customs,Delivered,1499.77,Economy
SHP002770,28-07-2025,07/30/2025,02-Aug-25,02-Aug-25,SkyFreight,West,Central,West-Central,Rail,770,,Delivered,666.83,Economy
SHP002065,12/18/2025,20-Dec-25,23-Dec-25,27-Dec-25,MetroLogix,South,Central,South-Central,Air,1500,Warehouse Backlog,Delivered,2429.39,Standard
SHP006488,20-12-2025,22-Dec-25,12/25/2025,25-12-2025,SkyFreight,North,East,North-East,Air,-25 km,,Delivered,368.87,Economy
SHP001700,23-07-2025,24-Jul-25,01-Aug-25,08-01-2025,SwiftShip,East,South,East-South,Road,1960,,Delivered,1801.47,Economy
SHP006029,09/21/2025,23-Sep-25,29-Sep-25,04-10-2025,RoadRunner,Central,West,Central-West,Road,950,Weather,Delivered,787.28,Standard
SHP000507,10-Mar-25,12-Mar-25,18-03-2025,03/18/2025,SwiftShip,East,Central,East-Central,Rail,1840,,Delivered,1602.12,Economy
SHP004163,20-Jun-25,22-Jun-25,01-07-2025,01-Jul-25,ParcelPro,North,Central,North-Central,Road,"1,840 km",,Delivered,2183.74,Express
SHP001369,07-11-2025,12-Jul-25,22-07-2025,26-07-2025,RoadRunner,South,Central,South-Central,Road,2200,Capacity Constraint,Delivered,3121.56,Standard
SHP002623,12/30/2025,01-01-2026,09-Jan-26,,,Central,East,Central-East,Road,1680,Vehicle Issue,Cancelled,1680.53,Standard
SHP000749,14-Mar-25,03/16/2025,22-03-2025,21-03-2025,MetroLogix,West,South,West-South,Road,1320,,Delivered,1110.6,Express
SHP004029,10-05-2025,08-Oct-25,10-Oct-25,09-Oct-25,MetroLogix,South,North,South-North,Air,690,,Delivered,1664.65,Standard
SHP005735,01-08-2025,11-01-2025,15-01-2025,01/14/2025,ParcelPro,West,South,West-South,Rail,880,,Delivered,672.7,Standard
SHP004367,15-01-2025,01/17/2025,24-Jan-25,24-Jan-25,,West,North,West-North,Road,1920,,Delivered,1352.98,Economy
SHP002676,20-Dec-25,22-Dec-25,30-12-2025,12/28/2025,RoadRunner,South,Central,South-Central,Road,2130,,Delivered,2435.27,Standard
SHP000914,08-07-2025,10-Jul-25,07/14/2025,07/16/2025,ParcelPro,West,Central,West-Central,Road,130,Vehicle Issue,Delivered,190.09,Express
SHP005062,06/15/2025,16-Jun-25,25-Jun-25,28-06-2025,SwiftShip,West,South,West-South,Road,2260,Customs,Delivered,1595.72,Economy
SHP004489,08-May-25,12-May-25,05/15/2025,20-May-25,ParcelPro,South,West,South-West,Rail,730,Customs,Delivered,609.36,Express
SHP004842,28-08-2025,08/29/2025,09-Sep-25,16-Sep-25,MetroLogix,North,Central,North-Central,Road,2250,Vehicle Issue,Delivered,3035.2,Express
SHP003531,08-07-2025,09-08-2025,08/14/2025,08-12-2025,SwiftShip,North,West,North-West,Air,2160,,Delivered,3863.23,Standard
SHP006376,19-06-2025,20-Jun-25,29-06-2025,06-07-2025,SwiftShip,Central,North,Central-North,Road,2000,Vehicle Issue,Delivered,2811.23,Express
SHP000918,01/26/2025,29-01-2025,02-08-2025,02-11-2025,RoadRunner,North,East,North-East,Road,1980,Traffic,Delivered,2478.64,Express
SHP006008,01-08-2025,10-Jan-25,01/14/2025,01/14/2025,RoadRunner,East,West,East-West,Road,600,,Delivered,860.87,Standard
SHP002004,29-05-2025,06-01-2025,06-Jun-25,07-Jun-25,MetroLogix,Central,West,Central-West,Air,2400,Customs,Delivered,4386.56,Express
SHP001719,24-Dec-25,25-12-2025,01-01-2026,12/31/2025,SkyFreight,West,,West-East,Road,1380,,Delivered,1216.57,Standard
SHP004085,07-Oct-25,08-10-2025,11-10-2025,10/18/2025,RoadRunner,Central,North,Central-North,Rail,550,Weather,Delivered,485.03,Economy
SHP006155,30-Nov-25,12-03-2025,09-Dec-25,09-Dec-25,SwiftShip,East,West,East-West,Road,1510,,Delivered,2123.6,Standard
SHP004235,09/23/2025,26-Sep-25,10-05-2025,07-Oct-25,SwiftShip,North,Central,North-Central,Road,2000,Warehouse Backlog,Delivered,2157.81,Standard
SHP005390,02-07-2025,02-10-2025,14-02-2025,13-02-2025,RoadRunner,South,North,South-North,Air,1060,,Delivered,1387.48,Economy
SHP002974,28-Apr-25,01-05-2025,05-06-2025,10-05-2025,MetroLogix,North,South,North-South,Road,1280,Capacity Constraint,Delivered,1543.73,Standard
SHP000824,15-Jun-25,16-Jun-25,06/22/2025,21-Jun-25,MetroLogix,West,North,West-North,Road,1440,,Delivered,1892.57,Express
SHP001554,01-01-2025,01-02-2025,10-Jan-25,09-Jan-25,ParcelPro,North,Central,North-Central,Road,2190,,Delivered,2661.52,Economy
SHP003294,21-Apr-25,22-Apr-25,25-Apr-25,25-04-2025,RoadRunner,West,South,West-South,Air,670,,Delivered,1491.7,Express
SHP003536,16-Jul-25,20-07-2025,07/23/2025,07/22/2025,RoadRunner,East,West,East-West,Road,300,,Delivered,390.79,Express
SHP003613,03-01-2025,01-05-2025,01/14/2025,16-Jan-25,MetroLogix,North,Central,North-Central,Road,1660,Customs,Delivered,2363.52,Express
SHP000195,06-07-2025,06-08-2025,10-Jun-25,06-12-2025,  SKYFREIGHT  ,Central,West,Central-West,Road,270,Vehicle Issue,Delivered,407.42,Standard
SHP002926,06/25/2025,27-06-2025,03-07-2025,,SwiftShip,Central,East,Central-East,Road,810,Capacity Constraint,In Transit,994.82,Express
SHP006294,09-04-2025,09-06-2025,09-11-2025,09-11-2025,ParcelPro,East,Central,East-Central,Road,1310,,Delivered,1199.32,Express
SHP002356,16-01-2025,01/17/2025,20-01-2025,30-Jan-25,MetroLogix,West,North,West-North,Road,500,Capacity Constraint,Delivered,496.32,Economy
SHP002370,15-01-2025,17-01-2025,28-Jan-25,28-01-2025,MetroLogix,West,Central,West-Central,Road,2380,,Delivered,2353.2,Express
SHP000547,01-08-2025,01-10-2025,13-Jan-25,14-01-2025,SkyFreight,North,East,North-East,Road,680,Weather,Delivered,983.58,Express
SHP004803,01/22/2025,23-01-2025,01/27/2025,27-Jan-25,SwiftShip,East,West,East-West,Rail,1370,,Delivered,1310.21,Express
SHP001054,08-11-2025,08/13/2025,19-Aug-25,08/20/2025,SkyFreight,Central,West,Central-West,Road,1030,Vehicle Issue,Delivered,1202.08,Standard
SHP000737,07/30/2025,01-08-2025,04-Aug-25,04-08-2025,SkyFreight,South,Central,South-Central,Road,250,,Delivered,310.35,Standard
SHP003111,01-08-2025,01-10-2025,14-Jan-25,01-12-2025,ParcelPro,East,West,East-West,Air,1930,,Delivered,3489.21,Economy
SHP002472,18-Apr-25,20-Apr-25,23-Apr-25,22-Apr-25,MetroLogix,South,East,South-East,Air,1490,,Delivered,2571.13,Economy
SHP005560,24-04-2025,04/25/2025,05-May-25,05/15/2025,RoadRunner,West,South,West-South,Road,2370,Traffic,Delivered,2613.37,Economy
SHP001903,20-05-2025,22-05-2025,05/29/2025,,SkyFreight,Central,East,Central-East,Road,1780,Customs,In Transit,2312.24,Express
SHP003229,06-Jul-25,08-07-2025,07-12-2025,07-12-2025,SkyFreight,West,Central,West-Central,Air,1890,,Delivered,3622.01,Express
SHP004637,06/27/2025,06/28/2025,07-02-2025,02-Jul-25,SkyFreight,West,North,West-North,Air,470,,Delivered,654.52,Economy
SHP004731,29-11-2025,30-11-2025,12-04-2025,14-12-2025,SkyFreight,Central,South,Central-South,Road,710,Traffic,Delivered,717.9,Standard
SHP005863,03-10-2025,12-03-2025,18-Mar-25,21-Mar-25,ParcelPro,South,North,South-North,Road,990,Capacity Constraint,Delivered,871.94,Standard
SHP006038,17-Mar-25,18-Mar-25,03/27/2025,03/30/2025,ParcelPro,North,West,North-West,Rail,2390,Vehicle Issue,Delivered,2463.45,Standard
SHP005936,19-Feb-25,21-02-2025,25-02-2025,28-02-2025,RoadRunner,West,South,West-South,Road,880,Vehicle Issue,Delivered,708.74,Standard
SHP004169,22-Jan-25,25-01-2025,30-Jan-25,01-Feb-25,MetroLogix,Central,South,Central-South,Rail,1730,Vehicle Issue,Delivered,1967.02,Standard
SHP006425,30-Sep-25,10-03-2025,07-10-2025,10-12-2025,ParcelPro,South,West,South-West,Air,1040,Traffic,Delivered,1904.55,Standard
SHP002177,20-May-25,22-May-25,29-May-25,29-May-25,SkyFreight,West,South,West-South,Road,1810,,Delivered,1561.39,Express
SHP005349,02-08-2025,04-08-2025,,09-08-2025,RoadRunner,East,Central,East-Central,Road,860,Weather,Delivered,1067.32,Standard
SHP002675,23-May-25,05/25/2025,30-05-2025,05/30/2025,MetroLogix,North,Central,North-Central,Air,2230,,Delivered,3294.25,Express
SHP004541,01-May-25,02-05-2025,05-May-25,05-06-2025,SkyFreight,West,North,West-North, air ,1360,Weather,Delivered,3036.62,Economy
SHP003398,29-May-25,31-05-2025,06-05-2025,05-Jun-25,SkyFreight,North,South,North-South,Rail,1590,,Delivered,1722.93,Express
SHP002603,02-07-2025,09-Feb-25,16-02-2025,15-Feb-25,SkyFreight,East,West,East-West,Rail,1480,,Delivered,1312.72,Economy
SHP003678,07/13/2025,15-07-2025,07/19/2025,07/21/2025,  SWIFTSHIP  ,North,South,North-South,Air,1850,Warehouse Backlog,Delivered,2903.84,Economy
SHP002094,12/25/2025,27-12-2025,30-12-2025,12/30/2025,MetroLogix,East,West,East-West,Air,1740,,Delivered,2809.83,Standard
SHP002041,30-Mar-25,04-02-2025,04-09-2025,12-Apr-25,MetroLogix,Central,North,Central-North,Road,1930,Vehicle Issue,Delivered,1904.97,Standard
SHP006081,14-03-2025,03/16/2025,23-03-2025,23-03-2025,SwiftShip,East,North,East-North,Road,1330,,Delivered,1797.36,Economy
SHP006068,10-Dec-25,12-12-2025,14-Dec-25,14-Dec-25,ParcelPro,North,South,North-South,Air,470,,Delivered,1184.56,Economy
SHP000677,10-May-25,12-May-25,18-May-25,05/20/2025,RoadRunner,East,South,East-South,Air,2400,Vehicle Issue,Delivered,3087.05,Economy
SHP006160,10-Feb-25,02-11-2025,15-Feb-25,02/16/2025,RoadRunner,South,East,South-East,Air,550,Vehicle Issue,Delivered,917.48,Express
SHP003788,15-Apr-25,17-04-2025,20-Apr-25,04/21/2025,ParcelPro,West,South,West-South,Air,370,Traffic,Delivered,800.38,Standard
SHP000021,27-01-2025,28-01-2025,05-02-2025,06-Feb-25,SwiftShip,South,North,South-North,Road,2090,Vehicle Issue,Delivered,2118.9,Economy
SHP001697,20-02-2025,02/22/2025,01-03-2025,03-01-2025,MetroLogix,West,Central,West-Central,Rail,2130,,Delivered,1311.85,Economy
SHP001261,21-12-2025,23-12-2025,31-Dec-25,01-01-2026,SwiftShip,South,East,South-East,Road,-25 km,Warehouse Backlog,Delivered,2252.61,Standard
SHP003148,24-Jul-25,07/26/2025,28-07-2025,28-Jul-25,MetroLogix,North,West,North-West,Air,200,,Delivered,431.15,Economy
SHP001019,05/17/2025,05/20/2025,05/28/2025,29-May-25,SkyFreight,Central,North,Central-North,Road,1640,Traffic,Delivered,2185.13,Express
SHP005132,28-01-2025,31-Jan-25,08-02-2025,07-02-2025,SwiftShip,North,East,North-East,Road,1660,,Delivered,1735.66,Economy
SHP002255,25-09-2025,28-Sep-25,10-06-2025,10-06-2025,MetroLogix,Central,South,Central-South,Rail,2220,,Delivered,2338.61,Express
SHP003339,28-01-2025,31-01-2025,02-07-2025,05-Feb-25,ParcelPro,Central,West,Central-West,Road,1580,,Delivered,2042.75,Economy
SHP002669,17-08-2025,20-Aug-25,08/23/2025,24-08-2025,SkyFreight,South,Central,South-Central,Air,1380,Traffic,Delivered,1790.62,Economy
SHP004897,01/29/2025,31-Jan-25,05-02-2025,02-05-2025,SwiftShip,West,Central,West-Central,Air,1790,,Delivered,2305.13,Express
SHP001544,01/26/2025,01/27/2025,05-Feb-25,07-02-2025,SwiftShip,Central,South,Central-South,Road,2040,Capacity Constraint,Delivered,2307.65,Express
SHP001882,01-Jul-25,03-07-2025,07-07-2025,,SkyFreight,North,South,North-South,Road,890,Capacity Constraint,In Transit,961.46,Economy
SHP001721,07-10-2025,12-Jul-25,15-07-2025,16-07-2025,RoadRunner,North,West,North-West,Air,2220,Weather,Delivered,3906.92,Economy
SHP000241,15-11-2025,17-11-2025,23-11-2025,11/27/2025,RoadRunner,East,South,East-South,Road,1140,Customs,Delivered,1385.76,Economy
SHP005548,11-Oct-25,14-10-2025,17-10-2025,21-10-2025,MetroLogix,West,North,West-North,Air,2250,Customs,Delivered,5351.44,Express
SHP006064,07-10-2025,10-Oct-25,17-10-2025,,SwiftShip,South,West,South-West,Road,1530,,Cancelled,1865.77,Express
SHP001176,05/17/2025,05/20/2025,29-05-2025,29-May-25,RoadRunner,East,South,East-South,Road,2250,,Delivered,1791.34,Economy
SHP002108,25-Feb-25,02/27/2025,03-02-2025,03-02-2025,ParcelPro,East,Central,East-Central,Air,530,,Delivered,1223.53,Economy
SHP001813,12-Jan-25,13-01-2025,01/16/2025,01/18/2025,SkyFreight,East,West,East-West,Air,700,Traffic,Delivered,1599.24,Standard
SHP006220,11-07-2025,13-07-2025,07/19/2025,19-Jul-25,ParcelPro,West,East,West-East,Road,1030,,Delivered,788.55,Standard
SHP002287,03-09-2025,03-11-2025,03/19/2025,20-Mar-25,SwiftShip,Central,West,Central-West,Road,1780,Vehicle Issue,Delivered,2511.74,Express
SHP004601,26-06-2025,27-Jun-25,01-Jul-25,01-Jul-25,ParcelPro,Central,West,Central-West,Road,440,,Delivered,508.56,Economy
SHP006226,04-06-2025,06-06-2025,15-06-2025,06/14/2025,MetroLogix,West,South,West-South,Road,1900,,Delivered,2694.3,Express
SHP002043,04/15/2025,04/17/2025,21-Apr-25,22-04-2025,RoadRunner,South,North,South-North,Road,710,Vehicle Issue,Delivered,989.91,Economy
SHP004365,20-04-2025,22-04-2025,25-04-2025,04/24/2025,ParcelPro,West,North,West-North,Air,2060,,Delivered,4036.5,Express
SHP004815,03/23/2025,24-Mar-25,29-03-2025,03/28/2025,RoadRunner,Central,North,Central-North,Road,720,,Delivered,591.66,Express
SHP000801,07-Jan-25,10-Jan-25,13-01-2025,14-Jan-25,ParcelPro,Central,West,Central-West,Road,200,Warehouse Backlog,Delivered,364.25,Standard
SHP005965,10-03-2025,10-05-2025,12-Oct-25,16-Oct-25,ParcelPro,South,Central,South-Central,Rail,1430,Traffic,Delivered,1402.81,Economy
SHP004253,29-07-2025,07/31/2025,05-08-2025,07-08-2025,RoadRunner,Central,East,Central-East,Rail,1770,Weather,Delivered,1756.57,Standard
SHP003246,01-09-2025,12-Jan-25,15-Jan-25,19-01-2025,SwiftShip,Central,West,Central-West,Road,330,Vehicle Issue,Delivered,359.89,Economy
SHP000708,27-06-2025,30-06-2025,05-07-2025,07-04-2025,RoadRunner,Central,South,Central-South,Road,470,,Delivered,651.03,Economy
SHP001506,01-08-2025,04-08-2025,08-10-2025,10-08-2025,SkyFreight,Central,East,Central-East,Road,880,,Delivered,1030.62,Standard
SHP006340,02-02-2025,02-03-2025,02-07-2025,02-09-2025,SwiftShip,Central,North,Central-North,Rail,1220,Traffic,Delivered,795.53,Standard
SHP001170,13-Jul-25,15-07-2025,07/20/2025,20-Jul-25,ParcelPro,Central,South,Central-South,Road,1290,,Delivered,1797.03,Economy
SHP003432,02-04-2025,05-Feb-25,13-02-2025,16-Feb-25,SwiftShip,South,North,South-North,Road,1690,Customs,Delivered,1649.44,Standard
SHP002552,04-Dec-25,05-12-2025,12-08-2025,12-08-2025,SwiftShip,North,West,North-West,Rail,1000,,Delivered,634.41,Standard
SHP001463,20-01-2025,22-Jan-25,26-01-2025,26-Jan-25,RoadRunner,South,Central,South-Central,Road,450,,Delivered,687.96,Express
SHP004067,11/15/2025,11/16/2025,18-Nov-25,18-11-2025,SwiftShip,Central,West,Central-West,Air,980,,Delivered,1297.23,Express
SHP002842,20-May-25,22-05-2025,01-06-2025,,ParcelPro,East,Central,East-Central,Road,2400,Weather,In Transit,2022.49,Economy
SHP001954,22-03-2025,23-Mar-25,27-03-2025,27-Mar-25,RoadRunner,West,South,West-South,Road,600,,Delivered,629.86,Standard
SHP003330,14-Aug-25,16-Aug-25,20-08-2025,08/19/2025,SkyFreight,North,South,North-South,Air,890,,Delivered,1320.45,Standard
SHP006224,03-04-2025,04-05-2025,07-04-2025,09-Apr-25,SwiftShip,Central,East,Central-East,Road,260,Capacity Constraint,Delivered,436.29,Economy
SHP003529,11/14/2025,17-11-2025,25-11-2025,25-Nov-25,RoadRunner,West,South,West-South,Rail,2210,,Delivered,1989.4,Standard
SHP004126,21-01-2025,23-01-2025,31-Jan-25,01/29/2025,RoadRunner,South,East,South-East,Rail,2050,,Delivered,1841.1,Economy
SHP002243,04-12-2025,15-Apr-25,04/20/2025,04/21/2025,MetroLogix,South,Central,South-Central,Road,1180,Vehicle Issue,Delivered,921.57,Economy
SHP004795,03/27/2025,03/29/2025,02-04-2025,03-Apr-25,SwiftShip,East,Central,East-Central,Air,890,Customs,Delivered,1495.15,Economy
SHP000066,18-Nov-25,11/20/2025,28-Nov-25,26-11-2025,SwiftShip,North,Central,North-Central,Road,1990,,Delivered,1683.19,Economy
SHP004961,14-May-25,17-May-25,27-May-25,05/28/2025,ParcelPro,East,Central,East-Central,Road,2120,Capacity Constraint,Delivered,1478.97,Economy
SHP001258,01-Nov-25,11-03-2025,09-11-2025,11/14/2025,SkyFreight,North,South,North-South,Rail,1540,Weather,Delivered,1506.65,Express
SHP003040,08/20/2025,08/23/2025,29-Aug-25,31-Aug-25,ParcelPro,East,North,East-North,Road,1260,Warehouse Backlog,Delivered,1050.77,Standard
SHP001647,30-Dec-25,12/31/2025,05-01-2026,15-01-2026,MetroLogix,North,West,North-West,Road,880,Traffic,Delivered,1015.21,Economy
SHP000262,21-09-2025,22-09-2025,29-Sep-25,28-Sep-25,MetroLogix,East,North,East-North,Road,1720,,Delivered,1755.23,Economy
SHP001841,02-Jan-25,04-01-2025,11-01-2025,01/14/2025,ParcelPro,North,West,North-West,Road,1490,Vehicle Issue,Delivered,1329.43,Express
SHP001168,09-12-2025,12-11-2025,19-12-2025,23-Dec-25,SwiftShip,North,East,Unknown-Route,Road,1770,Weather,Delivered,2356.56,Express
SHP005013,03-12-2025,04-12-2025,12-10-2025,09-Dec-25,RoadRunner,North,West,North-West,Road,820,,Delivered,847.15,Express
SHP003919,14-10-2025,10/15/2025,10/18/2025,18-10-2025,SkyFreight,South,North,South-North,Air,630,,Delivered,916.82,Economy
SHP005283,10-Mar-25,12-03-2025,15-Mar-25,14-03-2025,ParcelPro,South,East,South-East, air ,1360,,Delivered,2277.55,Economy
SHP005342,15-Nov-25,17-11-2025,11/23/2025,23-11-2025,SwiftShip,Central,West,Central-West,Road,1460,,Delivered,2039.65,Standard
SHP002105,18-06-2025,20-Jun-25,06/22/2025,21-Jun-25,RoadRunner,Central,West,Central-West,Air,740,,Delivered,988.08,Express
SHP005635,06/16/2025,06/18/2025,23-06-2025,24-Jun-25,MetroLogix,Central,South,Central-South,Air,1730,Traffic,Delivered,3854.87,Economy
SHP003570,06/27/2025,30-Jun-25,07-Jul-25,07-Jul-25,RoadRunner,West,South,West-South,Road,1560,,Delivered,2240.74,Express
SHP004682,09-07-2025,09-08-2025,11-Sep-25,09/13/2025,RoadRunner,West,North,West-North,Air,1680,Warehouse Backlog,Delivered,2908.26,Standard
SHP000975,29-10-2025,30-Oct-25,07-11-2025,07-11-2025,RoadRunner,South,West,South-West,Road,2170,,Delivered,1664.32,Standard
SHP004011,02/15/2025,02/16/2025,21-Feb-25,02/24/2025,SwiftShip,Central,East,Central-East,Road,570,Traffic,Delivered,741.1,Economy
SHP005348,04/19/2025,21-Apr-25,04/27/2025,26-04-2025,MetroLogix,East,South,East-South,Road,1550,,Delivered,1523.89,Standard
SHP004644,17-Dec-25,12/20/2025,24-12-2025,12/23/2025,SkyFreight,Central,South,Central-South,Air,310,,Delivered,826.46,Express
SHP001956,20-Dec-25,12/21/2025,12/27/2025,27-12-2025,ParcelPro,West,North,West-North,Road,1360,,Delivered,1570.86,Express
SHP002202,01/15/2025,17-Jan-25,26-01-2025,28-01-2025,SwiftShip,North,South,North-South,Road,1920,Warehouse Backlog,Undelivered,2747.93,Express
SHP000481,13-Oct-25,14-10-2025,17-10-2025,10/20/2025,RoadRunner,East,South,East-South,Road,520,Weather,Delivered,595.94,Economy
SHP004172,27-08-2025,30-08-2025,06-09-2025,09-08-2025,MetroLogix,Central,North,Central-North,Rail,2270,Warehouse Backlog,Delivered,1621.8,Economy
SHP001460,27-Jul-25,07/30/2025,08-08-2025,08-06-2025,MetroLogix,East,North,East-North,Road,2060,,Delivered,1920.69,Express
SHP000629,09-02-2025,11-Feb-25,17-02-2025,02/15/2025,ParcelPro,North,East,North-East,Road,1500,,Delivered,1276.21,Standard
SHP005152,02-09-2025,02-12-2025,23-02-2025,03-05-2025,ParcelPro,South,East,South-East,Road,2320,Traffic,Delivered,2536.59,Standard
SHP004577,05-10-2025,07-Oct-25,10/14/2025,14-10-2025,SwiftShip,North,South,North-South,Road,1360,,Delivered,1887.82,Standard
SHP000333,27-Sep-25,09/28/2025,07-Oct-25,,RoadRunner,West,East,West-East,Road,1900,,In Transit,1419.9,Economy
SHP000313,09-01-2025,03-Sep-25,09-09-2025,,SwiftShip,West,South,West-South,Road,1390,Capacity Constraint,Cancelled,1056.1,Economy
SHP004259,17-Oct-25,10/20/2025,22-Oct-25,,SkyFreight,North,South,North-South,Air,1020,Traffic,Cancelled,2495.93,Express
SHP000850,19-10-2025,23-10-2025,27-10-2025,26-10-2025,SkyFreight,North,West,North-West,Air,740,,Delivered,1693.87,Express
SHP004025,18-Aug-25,08/20/2025,08/30/2025,08/30/2025,SkyFreight,North,East,North-East,Road,2400,,Delivered,1911.09,Standard
SHP003174,16-Apr-25,17-Apr-25,04/22/2025,24-Apr-25,SwiftShip,South,East,South-East,Road,650,Customs,Delivered,610.86,Standard
SHP005580,09-10-2025,10-Oct-25,15-Oct-25,15-10-2025,ParcelPro,East,West,East-West,Rail,1730,,Delivered,1528.64,Standard
SHP004012,03-07-2025,07-06-2025,12-07-2025,11-07-2025,RoadRunner,North,West,North-West,Road,980,,Delivered,731.91,Express
SHP002198,10/23/2025,26-10-2025,28-Oct-25,28-10-2025,SkyFreight,North,East,North-East,Air,790,,Delivered,1059.54,Express
SHP006209,03-11-2025,05-11-2025,11-Nov-25,10-Nov-25,MetroLogix,South,Central,South-Central,Rail,1680,,Delivered,1832.36,Express
SHP005102,11/21/2025,11/23/2025,26-11-2025,29-11-2025,RoadRunner,West,Central,West-Central,Air,1180,Traffic,Delivered,1684.26,Standard
SHP000657,30-11-2025,02-Dec-25,06-Dec-25,12-05-2025,MetroLogix,South,Central,South-Central,Rail,610,,Delivered,742.51,Express
SHP001146,10-03-2025,10-06-2025,10-08-2025,10-10-2025,RoadRunner,Central,South,Central-South,Air,680,Traffic,Delivered,1584.45,Express
SHP004763,04-Jun-25,06-06-2025,10-Jun-25,06/15/2025,RoadRunner,South,East,South-East,Road,370,Traffic,Delivered,553.82,Standard
SHP003989,07-11-2025,07/13/2025,07/22/2025,23-Jul-25,RoadRunner,North,East,North-East,Road,2130,Warehouse Backlog,Delivered,3067.72,Standard
SHP003061,20-09-2025,22-09-2025,28-09-2025,05-10-2025,SkyFreight,North,West,North-West,Road,1250,Warehouse Backlog,Delivered,1568.58,Express
SHP000770,20-06-2025,23-06-2025,26-06-2025,27-06-2025,RoadRunner,East,West,East-West,Air,480,Traffic,Delivered,804.78,Standard
SHP005699,12-Apr-25,16-04-2025,19-04-2025,04/18/2025,RoadRunner,South,East,South-East,Road,140,,Delivered,200.51,Standard
SHP001706,15-Nov-25,17-11-2025,11/23/2025,11/23/2025,RoadRunner,North,South,North-South,Rail,1190,,Delivered,1266.05,Express
SHP000593,08-11-2025,11-09-2025,11-11-2025,,MetroLogix,South,West,South-West,Rail,560,Customs,Cancelled,536.25,Express
SHP002204,25-Oct-25,27-10-2025,01-Nov-25,02-11-2025,SwiftShip,West,Central,West-Central,Air,2240,Weather,Delivered,4167.74,Standard
SHP006218,03-09-2025,03/13/2025,03/19/2025,20-03-2025,SkyFreight,South,North,South-North,Road,1120,Capacity Constraint,Delivered,907.13,Express
SHP003632,18-Feb-25,20-02-2025,02-Mar-25,12-03-2025,RoadRunner,East,South,East-South,Road,2190,Weather,Delivered,1684.06,Standard
SHP001285,02-Feb-25,03-02-2025,06-02-2025,,MetroLogix,West,South,West-South,Road,400,Vehicle Issue,In Transit,581.75,Express
SHP003051,10/16/2025,10/19/2025,24-Oct-25,22-10-2025,SkyFreight,East,West,East-West,Road,970,,Delivered,923.53,Standard
SHP006074,19-03-2025,22-03-2025,03/24/2025,24-03-2025,RoadRunner,West,East,West-East,Air,790,,Delivered,1152.15,Economy
SHP002279,06-07-2025,09-07-2025,20-07-2025,07/20/2025,MetroLogix,South,Central,South-Central,Road,2380,,Delivered,1673.95,Standard
SHP002978,31-Mar-25,02-04-2025,04-06-2025,13-04-2025,RoadRunner,Central,South,Central-South,Air,2270,Weather,Delivered,4211.74,Express
SHP001220,17-May-25,05/19/2025,23-05-2025,05/25/2025,MetroLogix,South,Central,South-Central,Air,1390,Capacity Constraint,Delivered,2905.06,Express
SHP004864,01-May-25,04-05-2025,05-07-2025,08-05-2025,SwiftShip,West,South,West-South,Road,380,Traffic,Delivered,389.51,Standard
SHP000952,05-Mar-25,03-06-2025,03-09-2025,03/13/2025,ParcelPro,South,West,South-West,Road,540,Capacity Constraint,Delivered,617.25,Standard
SHP006408,10/30/2025,31-Oct-25,06-11-2025,06-Nov-25,RoadRunner,South,Central,South-Central,Road,800,,Delivered,729.2,Express
SHP004472,27-Dec-25,28-Dec-25,01-01-2026,06-01-2026,SwiftShip,South,West,South-West,Air,2150,Traffic,Delivered,4565.59,Express
SHP001816,20-Aug-25,24-Aug-25,27-Aug-25,28-08-2025,RoadRunner,North,Central,North-Central,Air,580,Weather,Delivered,1116.01,Economy
SHP005821,10-09-2025,10-10-2025,12-Oct-25,10-11-2025,SkyFreight,North,East,North-East,Air,270,,Delivered,623.05,Economy
SHP002231,14-Nov-25,17-11-2025,11/25/2025,02-Dec-25,SkyFreight,North,South,North-South,Road,1400,Warehouse Backlog,Delivered,1077.81,Standard
SHP003936,25-Oct-25,27-10-2025,03-Nov-25,11-04-2025,SwiftShip,East,North,East-North,Road,1330,Weather,Delivered,1917.16,Express
SHP002193,08-12-2025,14-Aug-25,19-Aug-25,21-08-2025,MetroLogix,East,Central,East-Central,Road,1300,Vehicle Issue,Delivered,1763.16,Standard
SHP003460,07/19/2025,23-Jul-25,08-01-2025,08-06-2025,ParcelPro,Central,West,Central-West,Road,1740,Customs,Delivered,1356.79,Economy
SHP003169,18-Jun-25,06/21/2025,30-Jun-25,07-03-2025,ParcelPro,East,Central,East-Central,Road,1890,Weather,Delivered,1967.89,Express
SHP005092,01-Feb-25,02-Feb-25,02-07-2025,02-08-2025,SwiftShip,South,Central,South-Central,Road,500,Weather,Delivered,634.03,Express
SHP001010,25-05-2025,05/27/2025,29-05-2025,06-03-2025,SkyFreight,West,North,West-North,Rail,120,Vehicle Issue,Delivered,190.71,Standard
SHP002671,08/27/2025,08/28/2025,31-Aug-25,31-08-2025,MetroLogix,West,Central,West-Central,Road,660,,Delivered,962.6,Standard
SHP002424,21-06-2025,23-06-2025,28-Jun-25,28-06-2025,ParcelPro,West,North,West-North,Road,1070,,Delivered,1261.75,Economy
SHP006457,06-Mar-25,08-03-2025,14-Mar-25,17-03-2025,SwiftShip,South,West,South-West,Road,1350,Customs,Delivered,1727.42,Express
SHP000404,26-08-2025,08/29/2025,09-07-2025,05-Sep-25,RoadRunner,South,West,South-West,Road,1920,,Delivered,1817.38,Express
SHP006214,02/26/2025,27-Feb-25,03-05-2025,03-05-2025,MetroLogix,Central,North,Central-North,Road,1100,,Delivered,970.78,Economy
SHP004738,28-09-2025,10-01-2025,05-10-2025,10-06-2025,RoadRunner,West,East,West-East,Air,1330,Traffic,Delivered,2556.55,Economy
SHP002069,17-12-2025,12/20/2025,12/27/2025,12/28/2025,SwiftShip,West,South,West-South,Road,1230,Weather,Delivered,1485.65,Express
SHP003623,26-Feb-25,28-02-2025,03-06-2025,03-04-2025,ParcelPro,West,Central,West-Central,Air,2380,,Delivered,4194.87,Economy
SHP002008,05-06-2025,08-May-25,12-May-25,10-05-2025,ParcelPro,East,West,East-West,Air,1410,,Delivered,2093.44,Standard
SHP000274,21-Aug-25,08/24/2025,08/29/2025,01-Sep-25,SwiftShip,East,South,East-South,Air,1450,Vehicle Issue,Delivered,2013.65,Economy
SHP000833,02-Feb-25,05-02-2025,09-Feb-25,02/16/2025,MetroLogix,South,East,South-East,Road,700,Warehouse Backlog,Delivered,782.6,Standard
SHP005075,12/30/2025,01-02-2026,01-06-2026,06-Jan-26,MetroLogix,East,South,East-South,Air,470,,Delivered,1157.71,Economy
SHP002523,21-Jun-25,22-Jun-25,29-06-2025,27-06-2025,RoadRunner,West,North,West-North,Rail,2100,,Delivered,1286.41,Standard
SHP000273,02-Apr-25,04-04-2025,04-06-2025,08-04-2025,SkyFreight,Central,West,Central-West,Rail,220,Traffic,Delivered,287.59,Express
SHP003567,01-02-2025,05-Jan-25,12-Jan-25,01-11-2025,SwiftShip,North,West,North-West,Rail,2360,,Delivered,1996.09,Economy
SHP004383,24-Feb-25,02/26/2025,05-03-2025,09-Mar-25,SwiftShip,North,South,North-South,Road,1680,Weather,Delivered,1994.91,Express
SHP006036,27-Nov-25,29-11-2025,08-12-2025,10-Dec-25,ParcelPro,North,Central,North-Central,Road,1950,Warehouse Backlog,Delivered,1414.51,Express
SHP001469,22-Nov-25,25-11-2025,12-02-2025,03-Dec-25,SwiftShip,South,West,South-West,Road,1500,Traffic,Delivered,1949.14,Standard
SHP000194,07-10-2025,10-Oct-25,10-12-2025,12-10-2025,SwiftShip,West,North,West-North,Rail,180,,Delivered,281.4,Economy
SHP004896,20-Dec-25,23-Dec-25,27-12-2025,31-Dec-25,SkyFreight,Central,West,Central-West,Air,1400,Weather,Delivered,"$1,807.13",Express
SHP004694,01-11-2025,13-01-2025,15-Jan-25,01/13/2025,SwiftShip,North,Central,North-Central,Road,270,,Delivered,456.06,Standard
SHP005682,29-11-2025,02-12-2025,07-12-2025,07-Dec-25,SkyFreight,North,West,North-West,Air,2260,,Delivered,4020.93,Express
SHP005728,12-08-2025,08/14/2025,19-Aug-25,19-08-2025,ParcelPro,South,East,South-East,Road,680,,Delivered,541.68,Economy
SHP002755,13-Jul-25,16-Jul-25,07/18/2025,07/16/2025,SkyFreight,South,West,South-West,Road,370,,Delivered,525.65,Express
SHP003305,29-Oct-25,31-Oct-25,04-Nov-25,05-11-2025,RoadRunner,West,South,West-South,Road,870,Weather,Delivered,729.08,Express
SHP002113,02/22/2025,24-02-2025,03-03-2025,03-03-2025,ParcelPro,West,Central,West-Central,Road,1790,,Delivered,1598.42,Economy
SHP001804,08/28/2025,08/29/2025,02-Sep-25,09-Sep-25,ParcelPro,North,West,North-West,Air,1490,Capacity Constraint,Delivered,2842.24,Economy
SHP004378,14-Jan-25,15-Jan-25,18-01-2025,21-01-2025,RoadRunner,Central,North,Central-North,Rail,260,Customs,Delivered,323.47,Standard
SHP006066,11/23/2025,11/26/2025,29-11-2025,11/28/2025,SwiftShip,Central,East,Central-East,Air,1080,,Delivered,1516.32,Standard
SHP002973,02-05-2025,04-05-2025,14-May-25,05/17/2025,ParcelPro,West,Central,West-Central,Road,2090,Vehicle Issue,Delivered,1998.92,Standard
SHP000214,17-Nov-25,11/19/2025,27-11-2025,12-04-2025,SwiftShip,West,East,West-East,Road,"1,750 km",Customs,Delivered,1869.44,Economy
SHP002979,01-11-2025,12-Jan-25,01/19/2025,29-Jan-25,ParcelPro,South,North,South-North,Rail,1800,Capacity Constraint,Delivered,1138.28,Economy
SHP006083,11/16/2025,17-11-2025,24-11-2025,11/24/2025,SkyFreight,East,North,East-North,Road,1860,,Delivered,2334.83,Standard
SHP001573,11/14/2025,11/17/2025,11/26/2025,11/25/2025,SwiftShip,South,North,South-North,Road,2120,,Delivered,1721.21,Express
SHP000601,31-08-2025,09-03-2025,10-09-2025,09-11-2025,ParcelPro,East,North,East-North,Rail,1630,Weather,Delivered,1860.8,Economy
SHP002930,07-05-2025,07-Jul-25,12-Jul-25,07/14/2025,SkyFreight,Central,North,Central-North,Air,1740,Warehouse Backlog,Delivered,2361.81,Express
SHP004155,11/22/2025,11/23/2025,11/25/2025,25-11-2025,ParcelPro,Central,South,Central-South,Air,240,,Delivered,497.54,Express
SHP004679,08-09-2025,11-Sep-25,15-Sep-25,09/15/2025,  SKYFREIGHT  ,Central,South,Central-South,Road,290,,Delivered,494.41,Standard
SHP001953,18-Dec-25,21-12-2025,12/29/2025,01-01-2026,SwiftShip,South,Central,South-Central,Rail,1870,Capacity Constraint,Delivered,1576.24,Economy
SHP000109,09-Sep-25,10-09-2025,18-Sep-25,,SkyFreight,West,East,West-East,Road,1940,Warehouse Backlog,Cancelled,2322.71,Economy
SHP005327,25-Aug-25,28-Aug-25,03-Sep-25,05-Sep-25,ParcelPro,North,West,North-West,Rail,2030,Customs,Delivered,2200.06,Economy
SHP003807,21-Jun-25,24-06-2025,03-07-2025,05-Jul-25,SkyFreight,Central,West,Central-West,Road,1930,Vehicle Issue,Delivered,2243.41,Standard
SHP005194,05-02-2025,05-03-2025,08-May-25,09-05-2025,SwiftShip,North,West,North-West,Road,860,Vehicle Issue,Delivered,839.26,Express
SHP003794,27-Nov-25,30-Nov-25,08-Dec-25,12-11-2025,SkyFreight,West,South,West-South,Road,2060,Warehouse Backlog,Delivered,2460.32,Economy
SHP002096,08-02-2025,02-10-2025,20-02-2025,25-Feb-25,RoadRunner,South,East,South-East,Road,2100,Warehouse Backlog,Delivered,2833.57,Economy
SHP000401,02/14/2025,16-Feb-25,26-02-2025,26-02-2025,ParcelPro,Central,South,Central-South,Road,2260,,Delivered,1979.07,Economy
SHP001223,22-Oct-25,24-10-2025,10/27/2025,10/27/2025,ParcelPro,North,Central,North-Central,Road,730,,Delivered,989.86,Standard
SHP004523,01-05-2025,02-May-25,06-May-25,11-05-2025,MetroLogix,North,Central,North-Central,Road,390,Customs,Delivered,515.03,Economy
SHP000604,10-May-25,13-May-25,20-May-25,21-May-25,RoadRunner,North,South,North-South,Road,1830,Warehouse Backlog,Delivered,2391.27,Economy
SHP005943,26-Jul-25,28-07-2025,08-01-2025,08-01-2025,MetroLogix,West,East,West-East,Air,1300,,Delivered,1844.05,Express
SHP003054,12/24/2025,28-Dec-25,01-01-2026,02-Jan-26,ParcelPro,South,North,South-North,Road,460,Weather,Delivered,397.89,Standard
SHP004471,06/23/2025,25-06-2025,07-05-2025,04-07-2025,SwiftShip,West,North,West-North,Road,2180,,Delivered,1656.37,Express
SHP002007,11-11-2025,13-Nov-25,16-11-2025,16-11-2025,ParcelPro,North,South,North-South,Road,200,,Delivered,228.87,Standard
SHP005914,23-09-2025,25-09-2025,09/30/2025,09/30/2025,SkyFreight,West,East,West-East,Road,1210,,Delivered,1623.91,Express
SHP000235,18-12-2025,12/22/2025,25-Dec-25,27-Dec-25,RoadRunner,North,Central,North-Central,Air,540,Weather,Delivered,1034.14,Economy
SHP000509,11-Jan-25,14-Jan-25,18-Jan-25,20-01-2025,SwiftShip,North,West,North-West,Air,1720,Warehouse Backlog,Undelivered,2606.3,Standard
SHP000348,04-Nov-25,11-06-2025,11/14/2025,21-11-2025,MetroLogix,West,South,West-South,Road,2210,Traffic,Delivered,2632.05,Standard
SHP000557,03/25/2025,26-03-2025,04-03-2025,04-Apr-25,RoadRunner,South,North,South-North,Road,1370,Customs,Delivered,1234.08,Economy
SHP001458,06/16/2025,19-Jun-25,27-Jun-25,30-06-2025,RoadRunner,South,West,South-West,Road,1450,Traffic,Delivered,1832.67,Standard
SHP004340,11-03-2025,12-03-2025,20-Mar-25,20-03-2025,SkyFreight,South,North,South-North,Road,1780,,Delivered,2341.54,Economy
SHP002210,31-08-2025,09-01-2025,04-Sep-25,09-05-2025,MetroLogix,Central,East,Central-East,Road,400,Warehouse Backlog,Delivered,485.34,Economy
SHP001150,04-01-2025,07-Jan-25,14-Jan-25,14-01-2025,SwiftShip,Central,East,Central-East,Road,1440,,Delivered,1970.59,Express
SHP000953,04/29/2025,04/30/2025,09-May-25,12-05-2025,SkyFreight,East,Central,East-Central,Road,2010,Warehouse Backlog,Delivered,2725.82,Express
SHP004429,03-11-2025,11-06-2025,13-Nov-25,15-11-2025,MetroLogix,South,East,South-East,Road,1220,Customs,Delivered,1576.29,Standard
SHP001214,30-04-2025,05-03-2025,05-09-2025,05-09-2025,MetroLogix,West,East,West-East,Road,1120,,Delivered,1070.42,Express
SHP003238,25-Apr-25,28-Apr-25,05-02-2025,01-05-2025,SkyFreight,East,North,East-North,Road,820,,Delivered,1139.37,Economy
SHP000405,24-12-2025,12/27/2025,01-02-2026,,SwiftShip,Central,West,Central-West,Road,970,Warehouse Backlog,In Transit,1366.5,Express
SHP000010,03-11-2025,05-Nov-25,13-11-2025,,RoadRunner,East,West,East-West,Rail,2240,Weather,In Transit,2184.77,Standard
SHP000662,10-Sep-25,12-09-2025,09/17/2025,09/17/2025,SwiftShip,North,Central,North-Central,Road,550,,Delivered,454.86,Express
SHP001826,06-Jan-25,07-01-2025,11-01-2025,,ParcelPro,Central,West,Central-West,Air,1060,,Delivered,2395.47,Express
SHP005896,08-10-2025,10-10-2025,17-10-2025,18-Oct-25,SkyFreight,South,North,South-North,Rail,1970,Customs,Delivered,1384.71,Express
SHP001227,05/13/2025,15-May-25,22-05-2025,25-May-25,SwiftShip,South,East,South-East,Road,1760,Capacity Constraint,Delivered,1776.42,Standard
SHP000525,03-08-2025,11-03-2025,18-03-2025,03/23/2025,RoadRunner,West,Central,West-Central,Road,1210,Vehicle Issue,Delivered,1593.05,Economy
SHP005850,28-09-2025,01-Oct-25,10-05-2025,08-Oct-25,SwiftShip,West,East,West-East,Air,930,Vehicle Issue,Delivered,2208.8,Express
SHP001024,13-Jan-25,16-Jan-25,01/26/2025,01/28/2025,RoadRunner,East,West,East-West,Road,2020,Weather,Delivered,2590.23,Standard
SHP005346,12-09-2025,16-09-2025,19-09-2025,09/22/2025,MetroLogix,North,South,North-South,Road,560,Capacity Constraint,Delivered,800.69,Economy
SHP005240,17-Feb-25,20-02-2025,24-Feb-25,24-Feb-25,ParcelPro,West,South,West-South,Road,130,,Delivered,247.32,Express
SHP002430,04/22/2025,25-04-2025,03-May-25,05-03-2025,ParcelPro,West,Central,West-Central,Road,2040,,Delivered,2739.26,Express
SHP003384,11/29/2025,03-12-2025,12-12-2025,11-Dec-25,SwiftShip,North,Central,North-Central,Road,2310,,Delivered,1974.68,Express
SHP000792,31-12-2025,01-03-2026,05-Jan-26,01-05-2026,RoadRunner,North,West,North-West,Road,190,,Delivered,354.53,Economy
SHP000919,12-01-2025,02-12-2025,07-12-2025,,RoadRunner,East,West,East-West,Road,1280,,Cancelled,1683.05,Standard
SHP000427,10-12-2025,12-12-2025,17-Dec-25,16-12-2025,RoadRunner,East,North,East-North,Rail,1010,,Delivered,900.4,Standard
SHP005039,02-10-2025,05-Oct-25,10-10-2025,10/17/2025,MetroLogix,West,East,West-East,Rail,1790,Weather,Delivered,1737.18,Standard
SHP002753,13-12-2025,15-Dec-25,24-12-2025,26-12-2025,RoadRunner,West,North,West-North,Road,1680,Traffic,Delivered,1234.02,Express
SHP002647,08-09-2025,10-Aug-25,08/19/2025,19-08-2025,SwiftShip,North,South,North-South,Road,2370,,Delivered,2771.41,Economy
SHP000950,01/21/2025,24-Jan-25,02-02-2025,02-Feb-25,SwiftShip,Central,East,Central-East,Road,1710,,Delivered,1975.7,Standard
SHP002526,18-09-2025,09/19/2025,09/25/2025,28-09-2025,SwiftShip,East,South,Unknown-Route,Road,840,Capacity Constraint,Delivered,1073.77,Economy
SHP000092,03-Dec-25,07-12-2025,12/14/2025,12/18/2025,RoadRunner,Central,West,Central-West,Road,1810,Capacity Constraint,Delivered,1441.55,Economy
SHP001178,03/25/2025,28-Mar-25,03/31/2025,31-03-2025,RoadRunner,Central,North,Central-North,Road,340,,Delivered,352.03,Standard
SHP000059,06-12-2025,15-06-2025,17-Jun-25,06/17/2025,ParcelPro,South,Central,South-Central,Road,210,,Delivered,242.2,Standard
SHP005151,13-Aug-25,08/14/2025,22-08-2025,,SwiftShip,North,West,North-West, road ,1700,Weather,In Transit,2194.12,Economy
SHP003950,02/14/2025,18-02-2025,21-02-2025,02/19/2025,RoadRunner,North,East,North-East,Road,700,,Delivered,1001.22,Express
SHP001729,18-May-25,05/19/2025,05/22/2025,05/21/2025,ParcelPro,Central,North,Central-North,Air,1830,,Delivered,2129.24,Express
SHP001598,14-09-2025,17-Sep-25,22-09-2025,09/24/2025,ParcelPro,East,South,East-South,Road,480,Vehicle Issue,Delivered,571.58,Express
SHP006428,04/29/2025,05-02-2025,04-May-25,08-05-2025,RoadRunner,South,East,South-East,Air,750,Capacity Constraint,Delivered,1335.02,Economy
SHP004863,27-Dec-25,28-12-2025,01-01-2026,04-Jan-26,ParcelPro,East,North,East-North,Air,1440,Vehicle Issue,Delivered,3255.61,Economy
SHP003515,06-09-2025,08-09-2025,11-Sep-25,09-09-2025,SwiftShip,West,South,West-South,Road,730,,Delivered,956.84,Standard
SHP006022,06-03-2025,08-Mar-25,14-03-2025,17-Mar-25,SwiftShip,Central,North,Central-North,Road,850,Customs,Delivered,806,Express
SHP004437,18-11-2025,20-11-2025,11/23/2025,24-11-2025,RoadRunner,West,Central,West-Central,Rail,530,Weather,Delivered,439.98,Economy
SHP005530,20-Jul-25,24-07-2025,31-Jul-25,31-07-2025,ParcelPro,Central,North,Central-North,Road,-25 km,,Delivered,1419.49,Express
SHP002611,02/14/2025,02/16/2025,20-02-2025,27-02-2025,ParcelPro,West,Central,West-Central,Air,650,Weather,Delivered,1285.31,Economy
SHP002501,03-Aug-25,05-08-2025,12-08-2025,11-08-2025,SkyFreight,East,North,East-North,Road,1340,,Delivered,1806.22,Express
SHP003584,10/21/2025,10/24/2025,28-10-2025,31-Oct-25,SwiftShip,West,North,West-North,Rail,1210,Traffic,Delivered,1144.17,Express
SHP002146,06/24/2025,25-06-2025,07-04-2025,07-02-2025,SkyFreight,North,West,North-West,Road,2060,,Delivered,2097.54,Standard
SHP005903,28-01-2025,29-Jan-25,01-Feb-25,31-Jan-25,RoadRunner,South,West,South-West,Air,630,,Delivered,1063.73,Express
SHP001914,07-02-2025,09-02-2025,18-02-2025,25-02-2025,ParcelPro,Central,South,Central-South,Road,2130,Weather,Delivered,2988.23,Economy
SHP005280,10-Jul-25,11-07-2025,07/14/2025,07/16/2025,ParcelPro,South,West,South-West,Road,150,Traffic,Delivered,219.4,Economy
SHP005710,04/28/2025,04/30/2025,02-May-25,05-03-2025,SwiftShip,South,North,South-North,Air,1290,Warehouse Backlog,Delivered,1529.27,Standard
SHP005784,17-06-2025,06/18/2025,23-Jun-25,22-06-2025,MetroLogix,East,West,East-West,Rail,810,,Delivered,649.84,Express
SHP001739,01-03-2025,04-Jan-25,01-11-2025,14-Jan-25,RoadRunner,Central,North,Central-North,Road,1420,Vehicle Issue,Delivered,1441.09,Express
SHP002799,12-07-2025,07/16/2025,25-Jul-25,25-07-2025,SkyFreight,North,West,North-West,Road,2250,,Delivered,2469.1,Economy
SHP000954,14-06-2025,15-06-2025,06/20/2025,21-06-2025,SkyFreight,Central,South,Central-South,Road,1070,Customs,Delivered,1417.93,Express
SHP001981,18-Dec-25,20-12-2025,12/24/2025,12/24/2025,SkyFreight,South,East,South-East,Air,130,,Delivered,283.57,Economy
SHP006362,09-09-2025,11-Sep-25,19-Sep-25,09/19/2025,MetroLogix,North,East,North-East,Road,2140,,Delivered,2307.86,Economy
SHP002066,19-02-2025,21-Feb-25,25-Feb-25,25-Feb-25,SkyFreight,Central,West,Central-West,Road,520,,Delivered,749.32,Express
SHP001913,06-11-2025,09-11-2025,11/13/2025,20-Nov-25,SwiftShip,East,South,East-South,Road,560,Weather,Delivered,777.7,Express
SHP005923,13-Jan-25,16-01-2025,22-01-2025,20-Jan-25,SkyFreight,West,East,West-East,Rail,1910,,Delivered,1364.4,Economy
SHP003914,16-Mar-25,18-Mar-25,23-03-2025,26-Mar-25,RoadRunner,East,North,East-North,Air,1610,Vehicle Issue,Delivered,3601.27,Economy
SHP001958,20-07-2025,07/21/2025,07/30/2025,28-Jul-25,MetroLogix,West,East,West-East,Road,1810,,Delivered,2292.53,Standard
SHP006258,29-Aug-25,01-09-2025,05-09-2025,03-Sep-25,MetroLogix,East,South,East-South,Road,150,,Delivered,197.72,Economy
SHP001663,21-Jul-25,07/22/2025,07/30/2025,08-09-2025,ParcelPro,East,West,East-West,Rail,1840,Vehicle Issue,Undelivered,1862.27,Standard
SHP002241,05-Nov-25,11-07-2025,12-Nov-25,11-12-2025,SwiftShip,West,East,West-East,Air,1860,,Delivered,2736.86,Standard
SHP001738,19-10-2025,21-Oct-25,27-Oct-25,25-10-2025,RoadRunner,Central,South,Central-South,Road,940,,Delivered,883.32,Standard
SHP000612,03-Oct-25,05-Oct-25,10-10-2025,10-11-2025,SkyFreight,Central,East,Central-East,Rail,770,Traffic,Delivered,601.47,Standard
SHP005497,28-Jun-25,07-01-2025,03-Jul-25,04-07-2025,ParcelPro,East,South,East-South,Road,200,Capacity Constraint,Delivered,241.73,Express
SHP002116,28-Aug-25,08/29/2025,31-Aug-25,31-Aug-25,ParcelPro,East,West,East-West,Air,890,,Delivered,1880.76,Economy
SHP000641,12-04-2025,14-Apr-25,22-Apr-25,,SkyFreight,South,Central,South-Central,Road,2120,Vehicle Issue,In Transit,2086.73,Standard
SHP003348,09-11-2025,10-Nov-25,11/20/2025,11/27/2025,SkyFreight,East,West,East-West,Road,2400,Weather,Delivered,3029.93,Economy
SHP002737,14-Jun-25,06/17/2025,22-06-2025,22-Jun-25,MetroLogix,East,West,East-West,Road,950,,Delivered,1259.54,Express
SHP000107,13-08-2025,14-Aug-25,20-08-2025,,RoadRunner,East,North,East-North,Road,1570,,In Transit,1548.55,Economy
SHP005991,01-10-2025,12-01-2025,14-01-2025,01/14/2025,MetroLogix,West,South,West-South,Rail,550,,Delivered,670.27,Standard
SHP002806,25-09-2025,29-Sep-25,05-10-2025,10-Oct-25,MetroLogix,North,East,North-East,Road,1480,Vehicle Issue,Delivered,1973.14,Express
SHP006339,30-Mar-25,04-01-2025,12-Apr-25,12-04-2025,ParcelPro,South,North,South-North,Road,2310,,Undelivered,2907.83,Standard
SHP000808,12-11-2025,12-Dec-25,12/16/2025,,SkyFreight,West,North,West-North,Air,2300,Customs,Cancelled,4547.86,Standard
SHP001876,02/19/2025,22-Feb-25,27-02-2025,02/27/2025,SkyFreight,West,North,West-North,Air,1460,,Delivered,3191.1,Express
SHP004331,13-06-2025,14-Jun-25,21-Jun-25,28-Jun-25,MetroLogix,Central,West,Central-West,Road,1340,Vehicle Issue,Delivered,1263.13,Economy
SHP005615,20-04-2025,04/23/2025,25-Apr-25,25-04-2025,SwiftShip,West,South,West-South,Rail,580,,Delivered,611.43,Standard
SHP003013,12/23/2025,25-12-2025,01-04-2026,01-06-2026,SkyFreight,South,Central,South-Central,Road,2080,Customs,Delivered,2346.83,Standard
SHP006002,22-Jul-25,07/24/2025,26-07-2025,26-Jul-25,RoadRunner,West,North,West-North,Road,170,,Delivered,322.11,Standard
SHP000730,24-Sep-25,25-Sep-25,29-09-2025,29-09-2025,SwiftShip,South,North,South-North,Air,2280,,Delivered,5496.28,Express
SHP002247,21-Jan-25,25-01-2025,01/31/2025,01-Feb-25,ParcelPro,West,North,West-North,Road,1510,Vehicle Issue,Delivered,1811.98,Express
SHP005315,10/17/2025,18-Oct-25,10/23/2025,10/23/2025,SkyFreight,West,South,West-South,Rail,1240,,Delivered,797.97,Standard
SHP006154,19-Apr-25,21-Apr-25,25-04-2025,02-05-2025,MetroLogix,East,West,East-West,Air,2320,Warehouse Backlog,Delivered,4440.03,Standard
SHP002349,18-Apr-25,04/20/2025,24-04-2025,24-Apr-25,RoadRunner,Central,West,Central-West,Rail,160,,Delivered,211.1,Express
SHP006106,01/22/2025,24-01-2025,01/31/2025,07-Feb-25,SwiftShip,West,East,West-East,Road,1060,Traffic,Delivered,1108.26,Standard
SHP000623,05-07-2025,06-Jul-25,07-09-2025,07-07-2025,MetroLogix,East,South,East-South,Road,460,,Delivered,490.67,Standard
SHP005109,20-Jan-25,22-Jan-25,26-01-2025,01/26/2025,SwiftShip,North,Central,North-Central,Air,1550,,Undelivered,2802.64,Standard
SHP005470,20-08-2025,22-Aug-25,30-08-2025,30-Aug-25,MetroLogix,East,Central,East-Central,Road,1460,,Delivered,1491.08,Express
SHP003426,10/16/2025,19-Oct-25,26-Oct-25,10/31/2025,RoadRunner,East,West,East-West,Road,1570,Warehouse Backlog,Delivered,1509.14,Express
SHP000606,17-Aug-25,08/20/2025,08/23/2025,25-Aug-25,RoadRunner,East,South,East-South,Air,2060,Vehicle Issue,Delivered,3029.56,Express
SHP002262,07/31/2025,02-08-2025,08-Aug-25,09-Aug-25,ParcelPro,Central,West,Central-West,Rail,2160,Traffic,Delivered,2026.78,Express
SHP005795,26-Oct-25,27-Oct-25,30-Oct-25,29-Oct-25,SwiftShip,West,East,West-East,Road,190,,Delivered,306.64,Express
SHP000341,31-07-2025,01-Aug-25,08-Aug-25,08-08-2025,,West,North,West-North,Road,1240,,Delivered,1293.63,Express
SHP003411,03/16/2025,19-Mar-25,24-03-2025,03-Apr-25,RoadRunner,South,East,South-East,Road,780,Customs,Delivered,1129.86,Standard
SHP002698,09-04-2025,04-12-2025,04/16/2025,18-04-2025,SwiftShip,South,North,South-North,Air,1870,Weather,Delivered,3081.91,Economy
SHP003373,06-Jan-25,01-07-2025,10-Jan-25,01/13/2025,SkyFreight,East,North,East-North,Air,2010,Vehicle Issue,Delivered,4268.95,Economy
SHP003827,04/22/2025,25-04-2025,28-Apr-25,04/28/2025,MetroLogix,East,South,East-South,Air,1400,,Delivered,1642.73,Standard
SHP001424,08-09-2025,11-Aug-25,20-Aug-25,08/21/2025,ParcelPro,North,East,North-East,Road,1950,Vehicle Issue,Delivered,2288.44,Economy
SHP004901,05/20/2025,22-May-25,05/29/2025,29-May-25,MetroLogix,South,North,South-North,Road,1380,,Delivered,1873.69,Standard
SHP006375,07/22/2025,24-07-2025,28-Jul-25,30-07-2025,SkyFreight,South,West,South-West,Road,810,Weather,Delivered,1210.58,Express
SHP002586,09-01-2025,01-12-2025,15-Jan-25,01/15/2025,ParcelPro,Central,West,Central-West,Air,490,,Delivered,872.49,Express
SHP003399,08-02-2025,10-02-2025,17-Feb-25,,ParcelPro,South,West,South-West,Road,1510,Warehouse Backlog,In Transit,1820.68,Economy
SHP001894,08-05-2025,10-May-25,15-May-25,20-May-25,SkyFreight,South,East,South-East,Road,790,Vehicle Issue,Delivered,677.05,Standard
SHP006433,02/20/2025,22-02-2025,24-Feb-25,06-03-2025,SkyFreight,North,South,North-South,Air,190 km,Traffic,Delivered,530.52,Standard
SHP001722,11/20/2025,11/21/2025,11/25/2025,28-11-2025,SwiftShip,North,South,North-South,Road,810,Vehicle Issue,Delivered,998.83,Standard
SHP002936,29-Dec-25,30-12-2025,01-01-2026,11-01-2026,ParcelPro,West,East,West-East,Road,130,Traffic,Delivered,206.73,Express
SHP001486,01/30/2025,02-02-2025,02-05-2025,10-02-2025,SwiftShip,West,North,West-North,Road,280,Capacity Constraint,Delivered,393.08,Express
SHP006175,06-01-2025,07-Jan-25,01-11-2025,01-09-2025,MetroLogix,East,West,East-West,Air,320,,Delivered,707.66,Economy
SHP001491,10/22/2025,10/24/2025,02-Nov-25,11-06-2025,SwiftShip,West,Central,West-Central,Road,1950,Customs,Delivered,2325.07,Economy
SHP001862,06-Mar-25,03-09-2025,18-Mar-25,18-Mar-25,RoadRunner,West,North,West-North,Road,2000,,Delivered,2346.06,Express
SHP005472,07-03-2025,10-Mar-25,03/13/2025,16-03-2025,RoadRunner,Central,East,Central-East,Road,120,Capacity Constraint,Delivered,221.43,Economy
SHP006229,18-Jun-25,19-06-2025,06/22/2025,29-Jun-25,MetroLogix,West,Central,West-Central,Air,1770,Capacity Constraint,Delivered,2870.5,Economy
SHP001910,01/18/2025,20-01-2025,01/22/2025,25-01-2025,MetroLogix,North,South,North-South,Air,1340,Capacity Constraint,Delivered,2234.59,Economy
SHP004353,20-Feb-25,02/22/2025,02/28/2025,03-07-2025,RoadRunner,South,Central,South-Central,Rail,2070,Customs,Undelivered,2143.25,Express
SHP003985,06-03-2025,08-Mar-25,03-10-2025,09-Mar-25,SwiftShip,East,South,East-South,Air,390,,Delivered,880.21,Economy
SHP005321,10/31/2025,02-Nov-25,10-11-2025,15-Nov-25,SkyFreight,West,North,West-North,Road,2110,Vehicle Issue,Delivered,1858.44,Standard
SHP004350,09-11-2025,11-11-2025,15-Nov-25,14-11-2025,SkyFreight,South,North,South-North,Road,370,,Delivered,354.48,Economy
SHP002344,12-Apr-25,04/14/2025,17-04-2025,15-04-2025,SkyFreight,West,North,West-North,Road,230,,Delivered,249.4,Economy
SHP003391,06/20/2025,06/23/2025,28-06-2025,29-Jun-25,SwiftShip,East,West,East-West,Air,1540,Traffic,Delivered,2019.15,Standard
SHP000653,03/15/2025,17-03-2025,03/23/2025,22-03-2025,SwiftShip,Central,East,Central-East,Road,1640,,Delivered,1251.18,Standard
SHP000947,11/28/2025,01-Dec-25,12-07-2025,07-12-2025,SkyFreight,North,West,North-West,Road,810,,Delivered,769.92,Standard
SHP003813,12/13/2025,15-12-2025,23-12-2025,02-01-2026,ParcelPro,Central,West,Central-West,Road,2150,Capacity Constraint,Delivered,2968.67,Standard
SHP004419,02/19/2025,21-02-2025,26-Feb-25,25-Feb-25,ParcelPro,Central,West,Central-West,Road,1060,,Delivered,1445.05,Standard
SHP001463,20-01-2025,22-Jan-25,26-01-2025,26-Jan-25,RoadRunner,South,Central,South-Central,Road,450,,Delivered,687.96,Express
SHP006090,31-Aug-25,04-Sep-25,09-06-2025,16-09-2025,MetroLogix,South,North,South-North,Road,340,Vehicle Issue,Delivered,391.47,Express
SHP004490,04-07-2025,06-Jul-25,14-Jul-25,16-Jul-25,SwiftShip,Central,West,Central-West,Road,1450,Customs,Delivered,1127.75,Economy
SHP005685,07-Jun-25,10-06-2025,14-Jun-25,14-Jun-25,SwiftShip,East,West,East-West,Air,970,,Delivered,1621.37,Economy
SHP000912,01/29/2025,01/31/2025,03-Feb-25,13-02-2025,SwiftShip,Central,East,Central-East,Air,1900,Traffic,Delivered,3402.16,Economy
SHP000116,21-09-2025,09/23/2025,28-Sep-25,02-10-2025,SkyFreight,North,West,North-West,Road,1270,Customs,Delivered,1832.46,Economy
SHP001434,26-Aug-25,28-08-2025,09-04-2025,04-Sep-25,SkyFreight,South,North,South-North,Rail,2400,,Delivered,1717.21,Express
SHP004645,20-01-2025,01/23/2025,30-01-2025,,RoadRunner,South,Central,South-Central,Road,1420,,In Transit,1281.42,Express
SHP001476,06-11-2025,15-06-2025,06/25/2025,23-Jun-25,SkyFreight,East,Central,East-Central,Road,2110,,Delivered,2343.53,Economy
SHP003271,28-Jun-25,07-01-2025,07-07-2025,07-09-2025,RoadRunner,West,East,West-East,Road,1470,Vehicle Issue,Delivered,2022.54,Economy
SHP006452,25-Jul-25,07/27/2025,03-08-2025,08-06-2025,SwiftShip,East,Central,East-Central,Road,1500,Weather,Delivered,1839.5,Standard
SHP004177,01-09-2025,10-Jan-25,16-Jan-25,01/26/2025,SwiftShip,Central,North,Central-North,Road,1160,Warehouse Backlog,Delivered,1162.61,Standard
SHP006165,28-09-2025,01-Oct-25,08-Oct-25,10/13/2025,SwiftShip,South,West,South-West,Rail,2360,Vehicle Issue,Delivered,1844.74,Standard
SHP000776,08/21/2025,22-Aug-25,08/28/2025,29-Aug-25,SwiftShip,South,Central,South-Central,Road,780,Customs,Delivered,815.1,Economy
SHP004328,09-02-2025,04-09-2025,10-09-2025,,SkyFreight,South,East,South-East,Rail,1630,,In Transit,1095.83,Express
SHP004449,28-07-2025,30-Jul-25,07-Aug-25,07-08-2025,MetroLogix,East,West,East-West,Road,1860,,Delivered,1536.73,Express
SHP002160,06/23/2025,06/25/2025,02-07-2025,07-03-2025,MetroLogix,West,East,West-East,Road,1200,Warehouse Backlog,Delivered,1537.57,Economy
SHP001830,24-Dec-25,12/26/2025,03-01-2026,05-01-2026,SkyFreight,North,East,North-East,Road,2190,Traffic,Delivered,2249.7,Economy
SHP002372,19-Nov-25,21-Nov-25,30-Nov-25,28-11-2025,SwiftShip,West,South,West-South,Road,1810,,Delivered,2542.6,Standard
SHP004928,03/30/2025,31-Mar-25,04-Apr-25,04-04-2025,SwiftShip,South,East,South-East,Road,850,,Delivered,730.37,Standard
SHP003980,03-Jan-25,07-01-2025,15-Jan-25,15-01-2025,RoadRunner,West,North,West-North,Road,1980,,Delivered,1551.93,Economy
SHP002712,04-07-2025,06-Jul-25,07-10-2025,15-07-2025,ParcelPro,East,Central,Unknown-Route,Road,380,Customs,Delivered,466.15,Economy
SHP005385,07/30/2025,08-01-2025,03-Aug-25,08-01-2025,SwiftShip,East,Central,East-Central,Air,850,,Delivered,2107.41,Standard
SHP003315,20-02-2025,23-02-2025,04-Mar-25,03-04-2025,RoadRunner,East,West,East-West,Road,1750,,Delivered,2209.93,Standard
SHP001685,01/15/2025,17-01-2025,23-Jan-25,22-01-2025,RoadRunner,West,Central,West-Central,Road,1290,,Delivered,1708.43,Standard
SHP004528,29-Dec-25,31-12-2025,02-Jan-26,12/31/2025,MetroLogix,South,North,South-North,Air,1330,,Delivered,3126.32,Economy
SHP004710,04/29/2025,02-05-2025,06-05-2025,,ParcelPro,East,South,East-South,Rail,710,,In Transit,475.98,Express
SHP004785,23-Mar-25,24-03-2025,03/28/2025,31-03-2025,SkyFreight,East,North,East-North,Air,2160,Traffic,Delivered,3149.47,Standard
SHP000038,10/16/2025,19-Oct-25,28-Oct-25,29-10-2025,RoadRunner,South,North,South-North,Road,1670,Warehouse Backlog,Delivered,1900.3,Express
SHP006233,22-Feb-25,24-Feb-25,02/28/2025,,SwiftShip,Central,North,Central-North,Air,220,Warehouse Backlog,Cancelled,529.32,Standard
SHP006134,25-Sep-25,27-Sep-25,02-Oct-25,02-Oct-25,MetroLogix,Central,East,Central-East,Road,1160,,Delivered,1039.4,Standard
SHP000070,10-03-2025,04-10-2025,14-Oct-25,10/13/2025,MetroLogix,South,North,South-North,Road,2020,,Delivered,2335.71,Express
SHP006491,03/24/2025,03/28/2025,02-04-2025,07-04-2025,SwiftShip,East,Central,East-Central,Rail,900,Vehicle Issue,Delivered,1046.97,Standard
SHP001543,08-07-2025,12-07-2025,15-Jul-25,15-Jul-25,SwiftShip,Central,West,Central-West,Rail,910,,Delivered,605.88,Express
SHP001880,26-01-2025,01/29/2025,02-03-2025,02/13/2025,MetroLogix,Central,South,Central-South,Air,1610,Warehouse Backlog,Delivered,3116.23,Standard
SHP002575,01-02-2025,01-04-2025,15-01-2025,01/16/2025,SwiftShip,West,Central,West-Central,Road,2330,Vehicle Issue,Delivered,2392.44,Economy
SHP000506,16-Sep-25,09/20/2025,27-09-2025,27-09-2025,RoadRunner,North,South,North-South,Rail,1930,,Delivered,1587.65,Economy
SHP003397,03-10-2025,06-10-2025,10-10-2025,12-10-2025,ParcelPro,North,West,North-West,Road,1040,Weather,Delivered,1504.07,Economy
SHP003216,07/22/2025,07/24/2025,26-Jul-25,26-07-2025,RoadRunner,Central,South,Central-South,Air,290,,Delivered,733.43,Express
SHP001349,09-Mar-25,10-Mar-25,14-03-2025,13-03-2025,  SKYFREIGHT  ,West,East,West-East,Road,990,,Delivered,1442.1,Economy
SHP002112,11-Sep-25,09/13/2025,15-Sep-25,16-Sep-25,SwiftShip,Central,South,Central-South,Air,450,Traffic,Delivered,1110.11,Standard
SHP000907,09/26/2025,29-09-2025,10-07-2025,07-10-2025,SkyFreight,North,West,North-West,Road,2210,,Delivered,2606.58,Express
SHP005300,20-08-2025,22-Aug-25,29-Aug-25,01-Sep-25,RoadRunner,Central,North,Central-North,Road,1940,Capacity Constraint,Delivered,2268.61,Express
SHP002917,08/18/2025,08/20/2025,25-08-2025,08/30/2025,SkyFreight,South,East,South-East,Air,1950,Capacity Constraint,Delivered,2376.64,Standard
SHP006192,25-09-2025,26-09-2025,03-Oct-25,07-Oct-25,MetroLogix,South,East,South-East,Road,1540,Weather,Delivered,1649.22,Economy
SHP002341,03-Feb-25,02-05-2025,02-10-2025,09-Feb-25,RoadRunner,South,West,South-West,Road,920,,Delivered,940.85,Economy
SHP000780,09-Aug-25,12-Aug-25,22-Aug-25,08/25/2025,MetroLogix,North,Central,North-Central,Road,2230,Warehouse Backlog,Delivered,1603.54,Standard
SHP003157,19-Jun-25,22-06-2025,06/29/2025,02-Jul-25,SwiftShip,South,Central,South-Central,Road,1070,Warehouse Backlog,Delivered,1506.25,Express
SHP003193,09-08-2025,10-09-2025,09-12-2025,09/13/2025,SkyFreight,East,West,East-West, air ,1020,Traffic,Delivered,2453.37,Economy
SHP004595,10-02-2025,12-02-2025,21-Feb-25,21-02-2025,ParcelPro,North,East,North-East,Road,2070,,Delivered,1707.8,Economy
SHP002803,10-Jan-25,01-12-2025,20-Jan-25,20-01-2025,SkyFreight,South,North,South-North,Road,-25 km,,Delivered,1636.67,Economy
SHP001102,27-Nov-25,28-Nov-25,02-12-2025,07-12-2025,SwiftShip,Central,North,Central-North,Road,1000,Weather,Delivered,1324.21,Economy
SHP000542,24-Jul-25,27-07-2025,03-Aug-25,03-08-2025,SwiftShip,South,East,South-East,Road,1930,,Delivered,1463.99,Express
SHP001744,16-05-2025,19-05-2025,05/28/2025,28-05-2025,SwiftShip,Central,South,Central-South,Road,1910,,Delivered,1762.2,Standard
SHP003862,08/18/2025,20-08-2025,25-Aug-25,25-08-2025,  METROLOGIX  ,North,Central,North-Central,Road,710,,Delivered,758.09,Economy
SHP001040,26-12-2025,12/28/2025,06-Jan-26,07-01-2026,SkyFreight,North,East,North-East,Rail,2370,Warehouse Backlog,Delivered,2519.82,Standard
SHP004052,12-03-2025,03/15/2025,03/19/2025,03/17/2025,MetroLogix,West,East,West-East,Air,1570,,Delivered,2109.34,Express
SHP000420,03-03-2025,03-06-2025,10-Mar-25,03-10-2025,MetroLogix,South,East,South-East,Air,1600,,Delivered,3845.49,Economy
SHP001893,25-08-2025,08/26/2025,28-08-2025,30-Aug-25,RoadRunner,East,South,East-South,Road,300,Customs,Delivered,417.11,Economy
SHP001995,08-Jan-25,01-10-2025,13-Jan-25,01/13/2025,MetroLogix,West,Central,West-Central,Air,240,,Delivered,545.71,Express
SHP003166,13-Nov-25,11/16/2025,21-11-2025,28-11-2025,MetroLogix,West,North,West-North,Rail,1250,Capacity Constraint,Delivered,1032.4,Express
SHP002475,24-04-2025,27-Apr-25,05-04-2025,04-05-2025,SwiftShip,East,North,East-North,Road,1880,,Delivered,2700.47,Express
SHP002879,08-May-25,10-May-25,18-05-2025,19-May-25,MetroLogix,South,Central,South-Central,Road,1470,Vehicle Issue,Delivered,1640.9,Standard
SHP001284,02-03-2025,04-03-2025,03-08-2025,07-03-2025,RoadRunner,West,North,West-North,Air,400,,Delivered,570.3,Economy
SHP002088,11-Feb-25,13-Feb-25,02/17/2025,17-02-2025,SkyFreight,South,East,South-East,Road,140,,Delivered,255.25,Standard
SHP000739,23-09-2025,24-Sep-25,28-Sep-25,,ParcelPro,Central,West,Central-West,Air,1130,,In Transit,1816.26,Standard
SHP003896,24-Oct-25,25-10-2025,29-Oct-25,29-Oct-25,SkyFreight,West,Central,West-Central,Road,1000,,Delivered,970.68,Express
SHP003696,25-Feb-25,26-Feb-25,03-02-2025,,SwiftShip,Central,North,Central-North,Air,810,Capacity Constraint,Cancelled,1548.37,Economy
SHP001436,10/14/2025,15-Oct-25,10/21/2025,20-10-2025,RoadRunner,North,South,North-South,Road,1390,,Delivered,1515.77,Express
SHP003259,22-05-2025,24-05-2025,26-05-2025,05/27/2025,SkyFreight,East,North,East-North,Road,270,Warehouse Backlog,Delivered,340,Standard
SHP005837,22-Jun-25,23-06-2025,29-06-2025,,RoadRunner,South,West,South-West,Road,1470,,Cancelled,1834.29,Standard
SHP005308,29-01-2025,30-Jan-25,06-Feb-25,05-02-2025,ParcelPro,Central,West,Central-West,Road,1500,,Delivered,1147.81,Standard
SHP003178,26-11-2025,28-11-2025,04-Dec-25,12-07-2025,ParcelPro,East,Central,East-Central,Road,870,Capacity Constraint,Delivered,876.51,Express
SHP002352,02-Jun-25,04-Jun-25,06-11-2025,11-Jun-25,MetroLogix,South,East,South-East,Road,1080,,Delivered,1396.43,Economy
SHP004152,01/26/2025,01/28/2025,30-Jan-25,29-Jan-25,SwiftShip,South,East,South-East,Road,150,,Delivered,234.5,Express
SHP004834,06-09-2025,08-09-2025,09-11-2025,09-09-2025,RoadRunner,North,West,North-West,Air,130,,Delivered,382.2,Express
SHP006322,06-06-2025,08-Jun-25,06-10-2025,14-06-2025,SwiftShip,West,North,West-North,Road,340,Vehicle Issue,Delivered,367.12,Economy
SHP001061,09/26/2025,28-09-2025,10-03-2025,06-10-2025,ParcelPro,North,East,North-East,Road,1280,Traffic,Delivered,1252.95,Economy
SHP003954,31-05-2025,01-Jun-25,06-06-2025,08-06-2025,SkyFreight,East,West,East-West,Road,1010,Traffic,Delivered,1145.83,Standard
SHP005594,11-Aug-25,13-Aug-25,18-Aug-25,17-08-2025,SwiftShip,West,East,West-East,Road,540,,Delivered,675.5,Economy
SHP004465,01-Dec-25,03-12-2025,05-Dec-25,05-12-2025,SkyFreight,South,East,South-East,Rail,340,,Delivered,263.91,Economy
SHP002229,02-04-2025,03-04-2025,07-04-2025,04-07-2025,SwiftShip,Central,East,Central-East,Air,520,,Delivered,737.64,Economy
SHP003382,08-Oct-25,12-10-2025,18-Oct-25,18-10-2025,MetroLogix,North,East,North-East,Rail,1510,,Delivered,1654.54,Express
SHP000181,06-06-2025,09-06-2025,06-11-2025,13-06-2025,SwiftShip,West,Central,West-Central,Air,120,Customs,Delivered,223.83,Economy
SHP005906,14-Mar-25,16-03-2025,21-Mar-25,03/21/2025,SkyFreight,East,South,East-South,Air,1900,,Delivered,4103.6,Standard
SHP000368,23-Oct-25,25-Oct-25,11-02-2025,06-11-2025,RoadRunner,West,South,West-South,Road,1850,Warehouse Backlog,Delivered,2101.03,Standard
SHP002150,14-Aug-25,16-08-2025,08/23/2025,23-Aug-25,SwiftShip,North,West,North-West,Road,1440,,Delivered,1333.53,Express
SHP002283,08-07-2025,08-Aug-25,13-Aug-25,17-Aug-25,MetroLogix,South,North,South-North,Road,790,Warehouse Backlog,Delivered,972.73,Standard
SHP000720,10-03-2025,06-10-2025,10/14/2025,10/14/2025,MetroLogix,Central,East,Central-East,Road,1460,,Delivered,2036.62,Standard
SHP005435,03/29/2025,31-Mar-25,03-04-2025,04-10-2025,SwiftShip,North,South,North-South,Air,970,Traffic,Delivered,1469.19,Economy
SHP000410,11/27/2025,29-11-2025,12-08-2025,08-Dec-25,RoadRunner,Central,North,Central-North,Road,1820,,Delivered,1453.12,Standard
SHP005628,07/26/2025,28-07-2025,01-Aug-25,01-08-2025,SwiftShip,South,East,South-East,Road,840,,Delivered,1073.37,Express
SHP001221,03-05-2025,05-05-2025,15-05-2025,17-05-2025,RoadRunner,Central,South,Central-South,Road,1980,Customs,Delivered,2722.33,Express
SHP005263,08-Jun-25,06-09-2025,06/13/2025,06/13/2025,RoadRunner,Central,East,Central-East,Air,970,,Delivered,1560.52,Economy
SHP002045,27-Jul-25,31-Jul-25,08-08-2025,,RoadRunner,West,East,West-East,Rail,2110,Warehouse Backlog,In Transit,1374.21,Express
SHP003222,10-08-2025,12-Aug-25,14-Aug-25,14-08-2025,MetroLogix,West,South,West-South,Air,480,,Delivered,699.81,Standard
SHP005498,02-08-2025,04-08-2025,09-08-2025,08/19/2025,RoadRunner,North,South,North-South,Rail,1170,Warehouse Backlog,Delivered,1053.29,Economy
SHP000949,01-Sep-25,03-Sep-25,09-07-2025,08-09-2025,ParcelPro,North,East,North-East, road ,1040,Warehouse Backlog,Delivered,1377.42,Standard
SHP004459,30-Jul-25,07/31/2025,06-08-2025,08-11-2025,ParcelPro,North,South,North-South,Rail,2160,Weather,Delivered,1239.95,Economy
SHP005802,19-Aug-25,21-Aug-25,23-08-2025,22-Aug-25,SkyFreight,East,North,East-North,Rail,580,,Delivered,472.95,Standard
SHP000136,04/16/2025,19-Apr-25,22-04-2025,21-Apr-25,MetroLogix,South,East,South-East,Road,260,,Delivered,349.16,Express
SHP001770,04-Jul-25,06-Jul-25,16-07-2025,07/16/2025,RoadRunner,North,South,North-South,Road,2010,,Delivered,1576.92,Economy
SHP001775,22-08-2025,08/23/2025,01-09-2025,01-Sep-25,ParcelPro,West,North,West-North,Road,1770,,Delivered,1895.42,Economy
SHP000793,26-02-2025,03-01-2025,03-03-2025,03-05-2025,ParcelPro,North,West,North-West,Road,290,Vehicle Issue,Delivered,466.02,Economy
SHP004445,07-09-2025,13-Jul-25,19-07-2025,19-Jul-25,RoadRunner,East,Central,East-Central,Road,1180,,Delivered,1018.66,Economy
SHP006118,27-Feb-25,01-03-2025,05-03-2025,07-Mar-25,SwiftShip,West,North,West-North,Air,410,Weather,Delivered,990.04,Express
SHP005958,08-06-2025,10-Jun-25,14-Jun-25,06/14/2025,SwiftShip,South,East,South-East,Air,530,,Delivered,1270.33,Standard
SHP005747,06-03-2025,06-05-2025,13-Jun-25,06/17/2025,SkyFreight,South,West,South-West,Road,1600,Traffic,Delivered,1833.94,Economy
SHP000412,01-03-2025,02-Mar-25,03-05-2025,03-08-2025,SkyFreight,North,West,North-West,Road,590,Traffic,Undelivered,671.93,Standard
SHP001112,11/29/2025,02-12-2025,11-12-2025,14-Dec-25,RoadRunner,East,South,East-South,Road,2330,Traffic,Delivered,2845.8,Standard
SHP003850,09-May-25,11-05-2025,14-May-25,13-May-25,MetroLogix,West,North,West-North,Air,1180,,Delivered,1783.58,Standard
SHP002299,07-09-2025,09-10-2025,15-Sep-25,09/25/2025,RoadRunner,North,West,North-West,Road,630,Capacity Constraint,Delivered,711.72,Economy
SHP000409,24-09-2025,28-09-2025,03-10-2025,03-10-2025,SkyFreight,East,South,East-South,Rail,1500,,Delivered,1106.31,Economy
SHP003751,06/22/2025,06/23/2025,06/28/2025,06/30/2025,MetroLogix,West,South,West-South,Road,720,Weather,Delivered,1041.72,Express
SHP003590,09/20/2025,23-Sep-25,27-09-2025,,RoadRunner,West,South,West-South,Road,990,Vehicle Issue,In Transit,941.48,Express
SHP004873,13-11-2025,16-Nov-25,20-11-2025,18-11-2025,SkyFreight,South,East,South-East,Air,2310,,Delivered,4831.42,Economy
SHP001873,30-Mar-25,03-Apr-25,04/13/2025,12-04-2025,SkyFreight,West,South,West-South,Road,2270,,Delivered,2708.48,Economy
SHP001025,19-11-2025,22-Nov-25,26-11-2025,11/27/2025,ParcelPro,Central,East,Central-East,Rail,920,Warehouse Backlog,Delivered,696.8,Economy
SHP000170,02-06-2025,05-Jun-25,06-09-2025,06-08-2025,ParcelPro,Central,East,Central-East,Road,730,,Delivered,793.49,Express
SHP000761,17-May-25,05/18/2025,27-05-2025,27-05-2025,RoadRunner,South,East,South-East,Road,1880,,Delivered,1750.74,Express
SHP006135,06-Feb-25,08-02-2025,11-Feb-25,11-Feb-25,MetroLogix,East,South,Unknown-Route,Air,2060,,Delivered,4308.98,Standard
SHP005959,19-Jul-25,07/21/2025,01-Aug-25,08-04-2025,RoadRunner,Central,East,Central-East,Road,2250,Vehicle Issue,Delivered,2841.29,Economy
SHP005479,03-Mar-25,05-Mar-25,03/16/2025,18-Mar-25,ParcelPro,East,Central,East-Central,Road,2330,Warehouse Backlog,Delivered,2007.41,Express
SHP006487,22-06-2025,24-06-2025,06/26/2025,06/29/2025,SwiftShip,North,South,North-South,Rail,470,Capacity Constraint,Delivered,531.17,Express
SHP002350,14-Jul-25,16-Jul-25,24-Jul-25,07/24/2025,ParcelPro,West,North,West-North,Road,2000,,Delivered,2772.72,Standard
SHP001999,04/18/2025,21-04-2025,04/27/2025,,SkyFreight,East,North,East-North,Rail,1450,Capacity Constraint,In Transit,1232.76,Economy
SHP003622,12-Nov-25,13-Nov-25,11/16/2025,16-Nov-25,SwiftShip,East,South,East-South,Air,1620,,Delivered,2753.35,Standard
SHP004805,05-Aug-25,08-06-2025,09-08-2025,,SwiftShip,North,East,North-East,Air,1270,,In Transit,2196.54,Economy
SHP005510,10-11-2025,14-10-2025,24-10-2025,23-10-2025,RoadRunner,East,Central,East-Central,Road,2380,,Delivered,2590.53,Economy
SHP000848,13-Aug-25,16-08-2025,08/21/2025,08/21/2025,RoadRunner,West,North,West-North,Road,600,,Delivered,820.55,Economy
SHP003450,28-02-2025,02-Mar-25,11-03-2025,03-11-2025,ParcelPro,East,South,East-South,Road,1660,,Delivered,1377.08,Standard
SHP006027,24-Jul-25,26-07-2025,03-08-2025,08-08-2025,MetroLogix,North,South,North-South,Road,2020,Customs,Delivered,2899.05,Express
SHP000108,07-07-2025,09-Jul-25,07/13/2025,07/13/2025,SwiftShip,North,West,North-West,Road,590,,Delivered,785.04,Economy
SHP000986,03-Oct-25,07-Oct-25,14-10-2025,10/15/2025,RoadRunner,South,East,South-East,Road,1160,Customs,Delivered,1639.27,Express
SHP004393,22-Feb-25,24-02-2025,03-01-2025,08-Mar-25,SwiftShip,East,North,East-North,Rail,1680,Capacity Constraint,Delivered,1228.08,Economy
SHP003547,07-07-2025,07-10-2025,07/14/2025,07/13/2025,MetroLogix,North,East,North-East,Rail,570,,Delivered,530.23,Standard
SHP000252,20-Aug-25,23-Aug-25,28-08-2025,28-Aug-25,MetroLogix,West,Central,West-Central,Air,2030,,Delivered,4240.22,Standard
SHP001300,05/16/2025,18-05-2025,05/22/2025,01-06-2025,MetroLogix,East,North,East-North,Air,2360,Weather,Delivered,3896.8,Express
SHP005234,20-May-25,24-May-25,26-May-25,02-Jun-25,RoadRunner,North,West,Unknown-Route,Rail,210,Weather,Delivered,$286.19,Standard
SHP000357,05-02-2025,04-May-25,07-05-2025,,MetroLogix,North,West,North-West,Road,400,Customs,In Transit,501.8,Standard
SHP000555,11-01-2025,03-11-2025,08-11-2025,11-08-2025,RoadRunner,Central,West,Central-West,Road,900,,Delivered,767.24,Standard
SHP001315,04-08-2025,05-Aug-25,10-08-2025,17-Aug-25,ParcelPro,East,North,East-North,Air,1450,Customs,Delivered,2681.23,Express
SHP003284,25-Feb-25,26-02-2025,01-Mar-25,03-03-2025,ParcelPro,South,East,South-East,Air,760,Weather,Delivered,1614.02,Standard
SHP003776,28-Apr-25,30-Apr-25,04-May-25,03-May-25,ParcelPro,West,South,West-South,Air,1560,,Delivered,3044.37,Economy
SHP002870,11-05-2025,13-05-2025,18-May-25,05/23/2025,RoadRunner,South,West,South-West,Road,830,Warehouse Backlog,Delivered,1191.44,Standard
SHP005887,23-Aug-25,26-Aug-25,08/31/2025,,SwiftShip,East,West,East-West,Rail,930,,In Transit,997.34,Express
SHP004176,03-Jan-25,04-01-2025,01-06-2025,05-01-2025,RoadRunner,West,North,West-North,Road,210,,Delivered,349.62,Economy
SHP002771,07-02-2025,03-07-2025,11-Jul-25,07/15/2025,RoadRunner,North,West,North-West,Road,1370,Vehicle Issue,Delivered,1700.9,Economy
SHP003313,01-Sep-25,09-03-2025,07-09-2025,07-Sep-25,SkyFreight,West,Central,West-Central,Road,920,,Delivered,1095.05,Express
SHP003871,01-11-2025,04-11-2025,08-11-2025,08-Nov-25,MetroLogix,South,East,South-East,Road,310,,Delivered,318.12,Express
SHP002091,02/24/2025,25-Feb-25,28-02-2025,04-03-2025,ParcelPro,West,Central,West-Central,Air,1780,Warehouse Backlog,Delivered,3031.26,Standard
SHP001680,29-07-2025,01-Aug-25,08-12-2025,12-Aug-25,RoadRunner,Central,West,Central-West,Road,2350,,Delivered,1673.33,Express
SHP004621,25-02-2025,02/27/2025,03-04-2025,06-Mar-25,ParcelPro,Central,West,Central-West,Air,1590,Traffic,Delivered,3134.22,Express
SHP000246,24-08-2025,26-Aug-25,29-Aug-25,28-08-2025,SwiftShip,Central,South,Central-South,Air,1260,,Delivered,2130.43,Standard
SHP003310,31-05-2025,03-06-2025,06-10-2025,14-06-2025,RoadRunner,West,East,West-East,Road,1210,Customs,Delivered,1291.78,Economy
SHP005229,14-Oct-25,17-10-2025,10/19/2025,10/24/2025,SwiftShip,North,South,North-South,Road,290,Traffic,Delivered,436.34,Express
SHP005142,06-11-2025,11-07-2025,15-11-2025,,SwiftShip,East,South,East-South,Road,1730,,In Transit,1268.69,Standard
SHP005526,04/14/2025,16-Apr-25,21-Apr-25,21-04-2025,SkyFreight,West,South,West-South,Road,760,,Delivered,858.75,Standard
SHP000150,09-01-2025,10-01-2025,19-01-2025,19-Jan-25,SwiftShip,Central,South,Central-South,Road,1960,,Delivered,2354.83,Economy
SHP005701,10-11-2025,15-Oct-25,22-Oct-25,10/22/2025,MetroLogix,East,West,East-West,Road,1770,,Delivered,2154.97,Standard
SHP004057,06-Nov-25,08-Nov-25,11-Nov-25,,SwiftShip,Central,East,Central-East,Road,230,,In Transit,301.03,Express
SHP000537,02-Sep-25,05-Sep-25,09-Sep-25,09-11-2025,ParcelPro,South,West,South-West,Rail,910,Vehicle Issue,Delivered,864.12,Express
SHP003855,18-12-2025,20-Dec-25,12/30/2025,01-04-2026,RoadRunner,North,Central,North-Central, road ,2140,Warehouse Backlog,Delivered,1743.94,Express
SHP006483,29-Jun-25,30-06-2025,04-Jul-25,07-05-2025,SwiftShip,Central,North,Central-North,Air,540,Customs,Delivered,930.45,Standard
SHP005440,16-04-2025,18-04-2025,25-Apr-25,25-Apr-25,MetroLogix,West,East,West-East,Road,1220,,Delivered,1092.9,Express
SHP002533,09-12-2025,12-12-2025,19-12-2025,18-Dec-25,SkyFreight,North,South,North-South,Road,1510,,Delivered,1298.09,Economy
SHP004308,21-Nov-25,11/23/2025,11/25/2025,26-11-2025,MetroLogix,West,East,West-East,Air,960,Vehicle Issue,Delivered,1554.37,Express
SHP002249,23-02-2025,26-02-2025,01-03-2025,,ParcelPro,Central,South,Central-South,Rail,250,Warehouse Backlog,Cancelled,315.22,Economy
SHP004444,12-01-2025,01/14/2025,22-Jan-25,01/29/2025,RoadRunner,North,East,North-East,Road,1380,Vehicle Issue,Delivered,1713.4,Economy
SHP000583,10-06-2025,07-Oct-25,14-Oct-25,10/15/2025,RoadRunner,East,North,East-North,Road,1440,Capacity Constraint,Delivered,1590.48,Economy
SHP001586,02-07-2025,10-02-2025,12-02-2025,,ParcelPro,Central,East,Central-East,Road,430,,In Transit,467.01,Standard
SHP000785,08/25/2025,28-08-2025,01-09-2025,11-Sep-25,MetroLogix,South,West,South-West,Air,1840,Weather,Delivered,3264.62,Economy
SHP003033,02-08-2025,02-09-2025,02/16/2025,02/16/2025,SwiftShip,North,South,North-South,Road,1050,,Delivered,1099.51,Economy
SHP006196,22-Nov-25,23-Nov-25,26-Nov-25,26-Nov-25,ParcelPro,South,North,South-North,Air,780,,Delivered,1070.19,Economy
SHP002064,07-Jul-25,09-Jul-25,15-Jul-25,19-Jul-25,RoadRunner,East,North,East-North,Air,2400,Weather,Delivered,4344.72,Express
SHP001039,01/14/2025,01/18/2025,01/22/2025,,RoadRunner,East,West,East-West,Air,400,,In Transit,656.64,Economy
SHP006494,29-Jun-25,07-01-2025,07-05-2025,07-07-2025,SwiftShip,East,South,East-South,Road,550,Weather,Delivered,541.89,Standard
SHP000310,06-02-2025,08-02-2025,02-11-2025,02-10-2025,RoadRunner,West,North,West-North,Air,2240,,Delivered,3271.1,Economy
SHP005454,12-Mar-25,15-03-2025,18-Mar-25,,RoadRunner,Central,North,Central-North,Road,440,Vehicle Issue,In Transit,657.38,Economy
SHP003219,04-03-2025,05-04-2025,04-10-2025,12-04-2025,ParcelPro,East,North,East-North,Road,560,Customs,Delivered,831.17,Economy
SHP003032,30-Mar-25,04-03-2025,30-12-2024,04-04-2025,SwiftShip,North,West,North-West,Air,1180,,Delivered,2083.59,Standard
SHP003060,12-Oct-25,14-10-2025,24-Oct-25,10/27/2025,RoadRunner,East,South,East-South,Road,1990,Traffic,Delivered,2534.42,Standard
SHP006478,21-09-2025,22-09-2025,09/26/2025,25-Sep-25,RoadRunner,North,South,North-South,Road,970,,Delivered,861.51,Standard
SHP005073,02-01-2025,03-01-2025,01-06-2025,01-05-2025,MetroLogix,Central,South,Central-South,Road,410,,Delivered,469.35,Standard
SHP000321,02-Apr-25,04-04-2025,08-Apr-25,09-04-2025,SwiftShip,Central,South,Central-South,Air,1590,Weather,Delivered,3453.47,Express
SHP004825,26-Oct-25,27-10-2025,02-Nov-25,31-10-2025,ParcelPro,South,East,South-East,Rail,1490,,Delivered,1287.64,Standard
SHP001265,08-08-2025,11-08-2025,08/14/2025,14-08-2025,SkyFreight,North,East,North-East,Air,480,,Delivered,1170.37,Economy
SHP002111,07-Jul-25,08-07-2025,10-Jul-25,07/20/2025,MetroLogix,Central,West,Central-West,Rail,520,Customs,Delivered,569.19,Economy
SHP006230,09-Aug-25,11-Aug-25,08/14/2025,12-08-2025,RoadRunner,East,West,East-West,Road,410,,Undelivered,604.23,Economy
SHP005858,11-04-2025,11-05-2025,09-Nov-25,11-11-2025,SwiftShip,East,West,East-West,Road,800,Traffic,Delivered,1202.55,Express
SHP002082,19-Jun-25,22-Jun-25,28-06-2025,06/30/2025,SkyFreight,South,North,South-North,Road,880,Customs,Delivered,965.31,Economy
SHP003720,12-06-2025,06/14/2025,06/19/2025,18-Jun-25,SkyFreight,North,South,North-South,Road,1240,,Delivered,1073.87,Standard
SHP004428,10-04-2025,04-12-2025,04/16/2025,17-04-2025,MetroLogix,Central,East,Central-East,Air,1280,Weather,Delivered,1547.39,Standard
SHP000622,09-10-2025,11-Oct-25,15-10-2025,13-Oct-25,MetroLogix,Central,South,Central-South,Road,700,,Delivered,970.93,Standard
SHP005406,27-05-2025,29-May-25,06-01-2025,01-06-2025,SwiftShip,Central,South,Central-South,Air,740,,Delivered,1175.68,Standard
SHP005008,29-Jan-25,01/30/2025,07-Feb-25,,  SWIFTSHIP  ,West,Central,West-Central,Road,1600,Vehicle Issue,In Transit,1947.27,Express
SHP003353,10/23/2025,26-Oct-25,02-Nov-25,04-11-2025,RoadRunner,West,South,West-South,Road,"1,250 km",Weather,Delivered,1471.03,Standard
SHP000574,31-Jan-25,04-02-2025,07-02-2025,17-Feb-25,ParcelPro,North,West,North-West,Air,2190,Customs,Delivered,3603.98,Economy
SHP001013,15-04-2025,17-Apr-25,04/21/2025,22-04-2025,SwiftShip,Central,East,Central-East,Air,1520,Warehouse Backlog,Delivered,1840.56,Standard
SHP005660,03-Aug-25,04-08-2025,08-11-2025,14-Aug-25,ParcelPro,South,Central,South-Central,Road,1560,Warehouse Backlog,Delivered,1933.41,Standard
SHP004121,26-07-2025,29-Jul-25,08-05-2025,06-08-2025,MetroLogix,South,West,South-West,Road,1100,Warehouse Backlog,Delivered,1236.93,Standard
SHP003551,23-10-2025,24-10-2025,30-Oct-25,29-Oct-25,SkyFreight,East,West,East-West,Road,1220,,Delivered,1334.14,Express
SHP005370,12-05-2025,07-Dec-25,10-12-2025,12-11-2025,RoadRunner,South,East,South-East,Road,500,Customs,Delivered,590.36,Economy
SHP000384,13-05-2025,17-May-25,22-May-25,22-May-25,SkyFreight,North,West,North-West,Road,630,,Delivered,862.71,Standard
SHP002858,28-Mar-25,30-Mar-25,06-Apr-25,,RoadRunner,East,South,East-South,Road,1860,Traffic,In Transit,2407.04,Standard
SHP002759,26-Feb-25,02/28/2025,08-03-2025,03-08-2025,SkyFreight,Central,West,Central-West,Road,2180,,Delivered,1727.5,Express
SHP000735,07/20/2025,07/22/2025,25-Jul-25,07/25/2025,RoadRunner,Central,South,Central-South,Road,400,,Delivered,384.75,Standard
SHP001122,11-May-25,13-05-2025,23-May-25,26-May-25,MetroLogix,Central,East,Central-East,Road,2240,Vehicle Issue,Delivered,3208.69,Standard
SHP005515,28-04-2025,04/30/2025,10-May-25,20-05-2025,MetroLogix,East,South,East-South,Road,2050,Weather,Delivered,2262.03,Express
SHP005477,06/22/2025,23-Jun-25,06/25/2025,06/26/2025,ParcelPro,North,Central,North-Central,Rail,370,Vehicle Issue,Delivered,318.89,Standard
SHP004294,05/22/2025,24-May-25,01-06-2025,05-06-2025,RoadRunner,North,East,North-East,Road,1490,Customs,Delivered,1105.58,Express
SHP002139,06-11-2025,14-06-2025,18-Jun-25,06/20/2025,RoadRunner,Central,North,Central-North,Rail,720,Weather,Delivered,676.16,Standard
SHP000432,02/22/2025,25-Feb-25,28-Feb-25,02/28/2025,RoadRunner,West,East,West-East,Rail,980,,Delivered,1002.62,Economy
SHP005333,03/24/2025,25-Mar-25,04-01-2025,04-05-2025,SwiftShip,South,East,South-East,Road,1710,Weather,Delivered,2026.99,Economy
SHP002608,21-Nov-25,22-11-2025,12-01-2025,04-Dec-25,RoadRunner,South,North,South-North,Road,1800,Traffic,Delivered,2364.03,Economy
SHP003324,09/17/2025,19-Sep-25,09/30/2025,29-Sep-25,MetroLogix,West,East,West-East,Road,2360,,Delivered,3314.52,Express
SHP005588,25-03-2025,28-03-2025,02-04-2025,07-04-2025,MetroLogix,Central,East,Central-East,Road,880,Customs,Delivered,847.48,Economy
SHP000729,18-Sep-25,09/21/2025,24-Sep-25,09/24/2025,MetroLogix,East,West,East-West,Road,610,,Delivered,917.38,Express
SHP002192,23-06-2025,06/24/2025,28-Jun-25,07-02-2025,SwiftShip,South,West,South-West,Air,1150,Capacity Constraint,Delivered,1526.05,Economy
SHP001305,08/30/2025,08/31/2025,04-09-2025,09-04-2025,SwiftShip,East,West,East-West,Road,640,,Delivered,947.09,Economy
SHP004954,11-Nov-25,12-Nov-25,14-11-2025,15-11-2025,MetroLogix,East,South,East-South,Rail,500,Warehouse Backlog,Delivered,373.78,Economy
SHP003815,05-09-2025,10-05-2025,18-05-2025,05/16/2025,RoadRunner,West,Central,West-Central,Road,1650,,Delivered,1750.99,Standard
SHP005997,28-07-2025,31-07-2025,08-08-2025,08-08-2025,MetroLogix,East,North,East-North,Road,1530,,Delivered,1260.37,Economy
SHP006473,29-Nov-25,01-Dec-25,09-Dec-25,08-12-2025,SkyFreight,South,North,South-North,Rail,1850,,Delivered,2099.53,Standard
SHP000030,06-May-25,10-05-2025,19-05-2025,18-05-2025,SkyFreight,Central,East,Central-East,Road,1730,,Delivered,1405.97,Express
SHP005262,14-Jun-25,15-Jun-25,22-06-2025,26-Jun-25,ParcelPro,North,West,North-West,Road,1830,Warehouse Backlog,Delivered,1411.12,Express
SHP002215,08/20/2025,21-Aug-25,24-Aug-25,25-08-2025,ParcelPro,West,North,West-North,Road,330,Weather,Delivered,$445.00,Express
SHP000856,12-12-2025,14-Dec-25,19-12-2025,24-Dec-25,ParcelPro,West,Central,West-Central,Air,1860,Warehouse Backlog,Delivered,2429.13,Economy
SHP000718,16-Jan-25,17-Jan-25,01/19/2025,19-Jan-25,ParcelPro,East,South,East-South,Rail,180,,Delivered,234.77,Standard
SHP001645,18-02-2025,20-02-2025,28-02-2025,28-Feb-25,MetroLogix,South,North,South-North,Road,1860,,Delivered,1975.4,Standard
SHP006333,04-11-2025,14-04-2025,20-04-2025,04/19/2025,SkyFreight,Central,West,Central-West,Road,1100,,Delivered,1327.51,Express
SHP006331,04-Sep-25,07-09-2025,11-Sep-25,18-Sep-25,ParcelPro,Central,West,Central-West,Road,850,Vehicle Issue,Delivered,936.14,Standard
SHP005737,23-11-2025,25-11-2025,12-01-2025,05-Dec-25,MetroLogix,West,South,West-South,Road,990,Capacity Constraint,Delivered,1433.57,Economy
SHP005286,11-Nov-25,14-Nov-25,16-Nov-25,20-11-2025,SkyFreight,West,South,West-South,Air,720,Vehicle Issue,Delivered,1022.96,Express
SHP000551,10-Mar-25,12-Mar-25,16-03-2025,21-03-2025,RoadRunner,East,Central,East-Central,Air,700,Capacity Constraint,Delivered,1578.8,Economy
SHP004216,09-Apr-25,12-Apr-25,04/17/2025,04/22/2025,SwiftShip,East,South,East-South,Road,630,Traffic,Delivered,969.32,Express
SHP001966,04/30/2025,02-05-2025,05-May-25,05-May-25,ParcelPro,South,North,South-North,Road,250,,Delivered,352.9,Standard
SHP002796,08/24/2025,08/26/2025,08/30/2025,08/31/2025,RoadRunner,East,West,East-West,Road,810,Traffic,Delivered,1013.83,Economy
SHP001444,19-04-2025,20-Apr-25,23-04-2025,25-Apr-25,SwiftShip,South,Central,South-Central,Road,460,Customs,Delivered,610.62,Economy
SHP000678,11-01-2025,01-12-2025,14-Jan-25,14-01-2025,ParcelPro,South,West,South-West,Road,190,,Delivered,319.57,Standard
SHP005687,03/22/2025,25-Mar-25,03-Apr-25,13-04-2025,RoadRunner,East,Central,East-Central,Road,2080,Traffic,Delivered,2222.41,Economy
SHP005410,17-11-2025,11/19/2025,24-Nov-25,28-11-2025,SwiftShip,West,South,West-South,Road,1010,Warehouse Backlog,Delivered,957.63,Standard
SHP002645,01-Feb-25,02-03-2025,07-Feb-25,02-12-2025,SwiftShip,North,West,North-West,Air,1200,Vehicle Issue,Delivered,1565.63,Standard
SHP002294,06/27/2025,28-06-2025,06/30/2025,03-Jul-25,MetroLogix,Central,North,Central-North,Road,210,Vehicle Issue,Delivered,340.15,Express
SHP004106,14-Sep-25,16-09-2025,22-09-2025,09/22/2025,SkyFreight,South,East,South-East,Rail,1680,,Delivered,1373.28,Economy
SHP001403,02-09-2025,09-03-2025,09-05-2025,06-09-2025,SkyFreight,South,West,South-West,Air,580,Customs,Delivered,809.6,Economy
SHP006374,14-May-25,15-05-2025,17-May-25,27-05-2025,MetroLogix,South,West,South-West,Air,860,Traffic,Delivered,1857.23,Economy
SHP002934,12-01-2025,03-Dec-25,11-Dec-25,13-Dec-25,SwiftShip,East,West,East-West, road ,2050,Capacity Constraint,Delivered,1533.22,Express
SHP001049,08-04-2025,07-08-2025,12-Aug-25,14-08-2025,RoadRunner,Central,South,Central-South,Air,1760,Customs,Delivered,4030.06,Express
SHP003354,04-Aug-25,08-08-2025,12-Aug-25,08-12-2025,RoadRunner,North,Central,North-Central,Air,900,,Delivered,1707.36,Economy
SHP003571,07-Sep-25,08-09-2025,16-Sep-25,09/19/2025,RoadRunner,South,West,South-West,Road,1730,Customs,Delivered,2291.91,Express
SHP004134,06/27/2025,30-06-2025,07-05-2025,04-07-2025,SwiftShip,East,Central,East-Central,Road,630,,Delivered,970.8,Express
SHP005911,18-May-25,20-May-25,05/23/2025,24-05-2025,RoadRunner,Central,West,Central-West, air ,390,Traffic,Delivered,582.19,Standard
SHP002393,12/28/2025,31-Dec-25,01-05-2026,06-Jan-26,RoadRunner,South,East,South-East,Road,550,Capacity Constraint,Delivered,560.22,Economy
SHP003924,10-10-2025,10-12-2025,10/18/2025,10/17/2025,SwiftShip,South,East,South-East,Road,1540,,Delivered,1420.07,Economy
SHP002598,22-Jan-25,01/25/2025,02-03-2025,07-Feb-25,MetroLogix,North,South,North-South,Road,1760,Vehicle Issue,Delivered,2133.94,Economy
SHP004466,08-11-2025,13-Aug-25,16-08-2025,,MetroLogix,West,South,West-South,Road,410,Warehouse Backlog,In Transit,418.93,Express
SHP005478,10-Apr-25,04-12-2025,04/16/2025,,ParcelPro,East,South,East-South,Road,310,,Cancelled,301.9,Standard
SHP003274,24-02-2025,02/25/2025,03-03-2025,03-04-2025,MetroLogix,East,North,East-North,Rail,1060,Vehicle Issue,Delivered,844.99,Standard
SHP003822,06/21/2025,06/23/2025,25-06-2025,06/27/2025,SwiftShip,East,Central,East-Central,Rail,440,Vehicle Issue,Delivered,456.94,Express
SHP006061,01/17/2025,01/19/2025,01/24/2025,24-Jan-25,MetroLogix,South,East,South-East,Road,1140,,Delivered,1381.26,Standard
SHP004791,24-10-2025,25-Oct-25,01-Nov-25,11-06-2025,ParcelPro,Central,East,Central-East,Road,1720,Customs,Undelivered,2108,Economy
SHP003215,18-Sep-25,09/20/2025,09/27/2025,01-10-2025,SkyFreight,South,North,South-North,Road,1610,Capacity Constraint,Delivered,1524.78,Standard
SHP002061,11-03-2025,03/13/2025,20-Mar-25,30-03-2025,RoadRunner,West,North,West-North,Road,1480,Customs,Delivered,2045.68,Standard
SHP002078,04-Oct-25,10-06-2025,12-Oct-25,13-Oct-25,RoadRunner,Central,East,Central-East,Road,1580,Weather,Delivered,1343.79,Express
SHP003050,14-08-2025,08/16/2025,08/22/2025,26-08-2025,MetroLogix,Central,East,Central-East,Road,910,Vehicle Issue,Delivered,843.26,Express
SHP000691,10/29/2025,31-10-2025,03-Nov-25,11-03-2025,SkyFreight,North,Central,North-Central,Air,390,,Delivered,580.68,Express
SHP001521,20-09-2025,09/22/2025,10-01-2025,09/30/2025,SwiftShip,South,North,South-North,Road,2290,,Delivered,1607.68,Standard
SHP003113,16-03-2025,18-03-2025,20-03-2025,21-Mar-25,SwiftShip,North,Central,North-Central,Road,370,Capacity Constraint,Delivered,480.93,Economy
SHP000323,10-09-2025,12-10-2025,10/17/2025,18-10-2025,SkyFreight,North,South,North-South,Road,1130,Vehicle Issue,Delivered,1666.42,Standard
SHP005264,08/14/2025,18-08-2025,23-Aug-25,,SwiftShip,Central,West,Central-West,Road,1210,Traffic,In Transit,1147,Standard
SHP003227,21-Jun-25,25-06-2025,01-Jul-25,03-Jul-25,MetroLogix,East,West,East-West,Road,1060,Customs,Undelivered,1570.27,Express
SHP002673,06/18/2025,21-06-2025,24-Jun-25,26-06-2025,RoadRunner,Central,East,Central-East,Air,680,Weather,Delivered,862.41,Economy
SHP005605,27-Dec-25,29-12-2025,04-01-2026,01-04-2026,RoadRunner,East,South,East-South,Road,1580,,Delivered,1758.37,Economy
SHP000466,11-Feb-25,13-Feb-25,16-02-2025,,RoadRunner,South,Central,South-Central,Road,130,Warehouse Backlog,Cancelled,266.87,Standard
SHP002374,05/18/2025,20-05-2025,23-05-2025,05/23/2025,SkyFreight,East,West,East-West,Road,510,,Delivered,754.28,Standard
SHP002576,09/30/2025,03-Oct-25,09-Oct-25,10-09-2025,MetroLogix,North,East,North-East,Road,1240,,Delivered,1086.64,Economy
SHP005299,05-09-2025,10-May-25,05/17/2025,18-May-25,ParcelPro,North,Central,North-Central,Road,1210,Traffic,Delivered,1513.96,Standard
SHP005462,13-Jul-25,07/15/2025,07/19/2025,20-07-2025,MetroLogix,West,East,West-East,Air,1880,Customs,Delivered,4056.06,Economy
SHP002137,21-Jun-25,23-06-2025,07-01-2025,07-01-2025,MetroLogix,South,Central,South-Central,Road,1610,,Delivered,2153.17,Express
SHP005874,19-Feb-25,22-02-2025,02/26/2025,03-05-2025,RoadRunner,South,East,South-East,Air,1210,Capacity Constraint,Delivered,1832.86,Standard
SHP001373,15-Aug-25,18-08-2025,08/22/2025,22-08-2025,MetroLogix,South,Central,South-Central,Air,810,,Delivered,1582.17,Standard
SHP005999,05/17/2025,20-May-25,26-05-2025,25-May-25,MetroLogix,West,East,West-East,Road,870,,Delivered,687.66,Standard
SHP000867,18-09-2025,09/20/2025,23-09-2025,25-Sep-25,SwiftShip,East,North,East-North,Road,590,Vehicle Issue,Delivered,744.76,Economy
SHP005317,11-07-2025,13-Jul-25,17-Jul-25,17-Jul-25,SkyFreight,South,Central,South-Central,Air,420,,Delivered,880.67,Standard
SHP000847,03-Oct-25,10-06-2025,10/14/2025,10/15/2025,RoadRunner,West,South,West-South,Road,1960,Traffic,Delivered,1661.16,Express
SHP001907,11/13/2025,15-11-2025,19-11-2025,,SkyFreight,Central,West,Central-West,Road,1010,Vehicle Issue,Cancelled,1108.3,Express
SHP006239,03/31/2025,01-04-2025,03-04-2025,02-04-2025,RoadRunner,West,South,West-South,Air,210,,Delivered,577.73,Economy
SHP001878,05-12-2025,07-12-2025,11-Dec-25,11-12-2025,  METROLOGIX  ,North,Central,North-Central,Road,530,,Delivered,718.53,Economy
SHP004980,20-05-2025,23-05-2025,26-05-2025,28-May-25,SwiftShip,South,Central,South-Central,Air,990,Weather,Delivered,1261.21,Standard
SHP004213,08-02-2025,04-Aug-25,08/13/2025,15-Aug-25,SkyFreight,West,North,West-North,Road,1940,Vehicle Issue,Delivered,1722.28,Standard
SHP000872,01/19/2025,21-Jan-25,26-01-2025,01/24/2025,ParcelPro,East,West,East-West,Road,1110,,Delivered,1323.75,Express
SHP003790,09-Mar-25,10-03-2025,15-Mar-25,18-Mar-25,SwiftShip,East,West,East-West,Road,760,Customs,Undelivered,867.92,Economy
SHP002122,14-May-25,17-May-25,05/21/2025,20-May-25,RoadRunner,West,Central,West-Central,Air,670,,Delivered,1496.02,Economy
SHP000257,12/30/2025,01-01-2026,06-Jan-26,04-01-2026,ParcelPro,Central,West,Central-West,Road,570,,Delivered,621.75,Express
SHP004989,04-08-2025,08-05-2025,14-08-2025,,MetroLogix,South,East,South-East,Road,1940,,In Transit,1856.62,Express
SHP000548,22-Feb-25,25-Feb-25,03-03-2025,10-03-2025,RoadRunner,Central,West,Central-West,Rail,1650,Capacity Constraint,Delivered,1247.06,Economy
SHP005544,17-11-2025,11/20/2025,29-11-2025,11/30/2025,MetroLogix,South,North,South-North,Road,1790,Vehicle Issue,Delivered,1768.27,Economy
SHP000868,01-Mar-25,04-Mar-25,03-08-2025,08-03-2025,RoadRunner,East,North,East-North,Rail,1110,,Delivered,1041.57,Express
SHP001456,12-04-2025,06-12-2025,08-12-2025,13-Dec-25,  SKYFREIGHT  ,North,West,North-West,Road,340,Capacity Constraint,Delivered,536.56,Express
SHP002986,07/16/2025,07/18/2025,07/24/2025,27-07-2025,MetroLogix,Central,South,Central-South,Road,1140,Weather,Delivered,876.96,Express
SHP001994,09-09-2025,10-09-2025,20-Sep-25,20-09-2025,RoadRunner,South,West,South-West,Road,2350,,Delivered,1846.73,Economy
SHP004238,30-Oct-25,01-11-2025,03-Nov-25,11-08-2025,SkyFreight,North,Central,Unknown-Route,Air,1200,Traffic,Delivered,1476.93,Express
SHP001868,22-May-25,05/24/2025,29-05-2025,01-06-2025,ParcelPro,West,East,West-East,Rail,1200,Warehouse Backlog,Delivered,1143.15,Economy
SHP003890,01/29/2025,02-02-2025,02-04-2025,02-03-2025,RoadRunner,South,North,South-North,Air,520,,Delivered,805.19,Express
SHP002226,22-Jun-25,06/23/2025,06/26/2025,29-Jun-25,ParcelPro,North,East,North-East,Road,550,Customs,Delivered,464.66,Express
SHP001728,26-09-2025,29-Sep-25,10-01-2025,03-10-2025,SkyFreight,West,East,West-East,Air,740 km,Weather,Delivered,1748.89,Express
SHP002609,17-09-2025,09/19/2025,29-Sep-25,01-Oct-25,SwiftShip,South,West,Unknown-Route,Road,2190,Warehouse Backlog,Delivered,1784.15,Express
SHP003192,09-Dec-25,12-11-2025,17-Dec-25,17-12-2025,ParcelPro,South,East,South-East,Road,1300,,Delivered,1875.61,Economy
SHP003736,07/29/2025,01-08-2025,08-05-2025,07-Aug-25,MetroLogix,South,East,South-East,Air,2230,Capacity Constraint,Delivered,5092.61,Economy
SHP000581,02-10-2025,05-Oct-25,13-Oct-25,14-Oct-25,SwiftShip,Central,South,Central-South,Road,1610,Traffic,Delivered,2220.35,Standard
SHP003865,14-Oct-25,10/16/2025,18-Oct-25,18-Oct-25,MetroLogix,West,North,West-North,Road,370,,Delivered,366.87,Standard
SHP003561,07-Oct-25,10-10-2025,10/16/2025,,SkyFreight,West,North,West-North,Rail,1700,,In Transit,1577.97,Economy
SHP001842,05/16/2025,05/18/2025,05/27/2025,01-06-2025,RoadRunner,Central,North,Central-North,Road,2110,Vehicle Issue,Delivered,1866.5,Standard
SHP005224,30-Jan-25,01-Feb-25,02-10-2025,12-Feb-25,SkyFreight,South,West,South-West,Road,1650,Vehicle Issue,Delivered,1541.15,Economy
SHP004443,11-01-2025,11-04-2025,11-11-2025,12-11-2025,MetroLogix,North,South,North-South,Road,1900,Weather,Delivered,2393.3,Economy
SHP006140,01-Apr-25,02-Apr-25,11-Apr-25,11-04-2025,SwiftShip,Central,East,Central-East,Road,1780,,Delivered,2186.3,Express
SHP001650,29-05-2025,31-May-25,05-Jun-25,05-Jun-25,SkyFreight,East,South,East-South,Air,1890,,Delivered,4355.16,Economy
SHP000103,19-01-2025,01/21/2025,01/27/2025,27-01-2025,SwiftShip,East,North,East-North,Road,910,,Delivered,1195.62,Standard
SHP002933,03-Sep-25,09-07-2025,15-09-2025,18-09-2025,SwiftShip,West,North,West-North,Road,1730,Customs,Delivered,2039,Economy
SHP005554,16-Aug-25,08/18/2025,22-Aug-25,23-08-2025,RoadRunner,West,North,West-North,Rail,1170,Capacity Constraint,Delivered,1203.29,Express
SHP001188,20-06-2025,06/23/2025,01-Jul-25,03-07-2025,SwiftShip,North,East,North-East,Road,1910,Traffic,Delivered,2693.87,Express
SHP002333,02/20/2025,21-Feb-25,26-02-2025,26-Feb-25,ParcelPro,North,West,North-West,Road,1230,,Delivered,1483.62,Express
SHP000289,07/28/2025,30-Jul-25,08-03-2025,08-08-2025,MetroLogix,Central,East,Central-East,Road,410,Vehicle Issue,Delivered,569.96,Standard
SHP004549,09/17/2025,21-09-2025,09/26/2025,,ParcelPro,North,South,North-South,Air,1570,Warehouse Backlog,Cancelled,2224.46,Standard
SHP005492,07/20/2025,22-07-2025,31-Jul-25,30-07-2025,RoadRunner,West,East,West-East,Road,1650,,Delivered,1381.5,Express
SHP004992,07-08-2025,08-08-2025,11-Aug-25,10-Aug-25,MetroLogix,East,North,East-North,Air,1340,,Delivered,3126.88,Economy
SHP006033,04-04-2025,06-04-2025,04/14/2025,14-04-2025,ParcelPro,Central,East,Central-East,Rail,2090,,Delivered,2247.11,Economy
SHP003507,07-Jul-25,07-08-2025,14-07-2025,14-Jul-25,RoadRunner,Central,West,Central-West,Road,1570,,Delivered,1836.93,Express
SHP001339,01-09-2025,03-Sep-25,06-09-2025,09-09-2025,ParcelPro,North,East,North-East,Air,1660,Capacity Constraint,Delivered,3975.88,Express
SHP003185,02-Jul-25,05-07-2025,14-07-2025,12-07-2025,SkyFreight,East,South,East-South,Road,1850,,Delivered,1996.09,Standard
SHP005265,02-03-2025,02-06-2025,02-12-2025,22-02-2025,SwiftShip,East,Central,East-Central,Road,1570,Customs,Delivered,1209.89,Standard
SHP006238,13-03-2025,03/14/2025,17-03-2025,17-Mar-25,MetroLogix,North,Central,North-Central,Road,380,,Delivered,610.2,Express
SHP005436,11/18/2025,20-11-2025,11/27/2025,29-Nov-25,SkyFreight,North,South,North-South,Road,1610,Warehouse Backlog,Delivered,1799.55,Express
SHP004498,02-01-2025,03-02-2025,02-09-2025,02-09-2025,SwiftShip,West,North,West-North,Road,1110,,Delivered,1503.66,Economy
SHP002792,10-03-2025,13-Mar-25,18-Mar-25,16-Mar-25,RoadRunner,East,Central,East-Central,Road,610,,Delivered,764.98,Economy
SHP000227,01-11-2025,03-Nov-25,09-11-2025,09-Nov-25,SkyFreight,North,East,North-East,Road,820,,Delivered,806.76,Standard
SHP000043,08-Apr-25,09-04-2025,04/13/2025,04/14/2025,MetroLogix,South,Central,South-Central,Air,1880,Weather,Delivered,2698.57,Economy
SHP000964,08-11-2025,08/14/2025,08/17/2025,18-08-2025,MetroLogix,West,Central,West-Central,Air,2030,Weather,Delivered,4672.06,Express
SHP001431,25-08-2025,27-Aug-25,31-Aug-25,02-09-2025,SkyFreight,East,South,East-South,Road,400,Customs,Delivered,467.28,Economy
SHP000240,21-02-2025,02/24/2025,02/27/2025,09-03-2025,RoadRunner,East,South,East-South,Air,920,Weather,Delivered,1884.72,Express
SHP000387,03-04-2025,03-06-2025,15-Mar-25,,RoadRunner,North,South,North-South,Road,1730,,Cancelled,1318.89,Standard
SHP004073,01/16/2025,18-01-2025,22-01-2025,01/27/2025,SkyFreight,South,North,South-North,Road,480,Vehicle Issue,Delivered,603.09,Standard
SHP001380,12/24/2025,25-12-2025,30-12-2025,31-12-2025,MetroLogix,Central,South,Central-South,Air,1710,Weather,Delivered,2437.09,Standard
SHP000339,15-08-2025,18-08-2025,21-Aug-25,23-Aug-25,ParcelPro,North,West,North-West,Road,590,Vehicle Issue,Delivered,575.68,Standard
SHP006334,20-Oct-25,21-Oct-25,24-Oct-25,10/24/2025,ParcelPro,North,Central,North-Central,Air,220,,Delivered,429.09,Express
SHP006348,31-03-2025,02-Apr-25,04-11-2025,12-04-2025,MetroLogix,West,North,West-North,Road,1720,Traffic,Delivered,1734.81,Express
SHP004953,22-03-2025,23-Mar-25,27-03-2025,29-03-2025,ParcelPro,East,North,East-North,Air,920,Weather,Delivered,2030.44,Express
SHP004974,08-06-2025,08-08-2025,13-Aug-25,13-Aug-25,SkyFreight,Central,East,Central-East,Road,1050,,Delivered,1030.91,Express
SHP005110,11-Apr-25,15-Apr-25,21-Apr-25,23-04-2025,MetroLogix,East,South,East-South,Road,780,Warehouse Backlog,Delivered,793.85,Economy
SHP005924,08-Jun-25,06-11-2025,18-Jun-25,06/20/2025,SkyFreight,Central,West,Central-West,Rail,2100,Capacity Constraint,Delivered,1216.17,Economy
SHP004242,04-Nov-25,07-Nov-25,11/14/2025,14-11-2025,MetroLogix,South,East,South-East,Rail,2280,,Delivered,2128.81,Express
SHP001023,23-09-2025,24-09-2025,27-Sep-25,09/29/2025,SkyFreight,South,East,South-East,Air,1510,Warehouse Backlog,Delivered,1816.23,Economy
SHP002705,22-Oct-25,23-Oct-25,11-02-2025,11-06-2025,ParcelPro,East,Central,East-Central,Road,2270,Traffic,Delivered,3032.91,Economy
SHP000769,07-Aug-25,10-08-2025,16-08-2025,,MetroLogix,Central,South,Central-South,Road,1430,Vehicle Issue,Cancelled,1232.35,Economy
SHP004600,08/13/2025,08/15/2025,18-Aug-25,17-08-2025,RoadRunner,Central,East,Central-East,Road,540,,Delivered,672.38,Economy
SHP005274,12-07-2025,09-Dec-25,12/13/2025,12/16/2025,SkyFreight,West,East,West-East,Air,870,Warehouse Backlog,Delivered,2037.62,Standard
SHP005473,02-Mar-25,04-Mar-25,09-Mar-25,09-03-2025,RoadRunner,West,South,West-South,Road,530,,Undelivered,736.81,Standard
SHP006474,14-04-2025,15-Apr-25,19-04-2025,21-Apr-25,RoadRunner,Central,West,Central-West,Road,190,Traffic,Delivered,350.7,Express
SHP000998,12/31/2025,01-Jan-26,06-Jan-26,11-01-2026,RoadRunner,West,East,West-East,Road,790,Weather,Delivered,632.58,Standard
SHP005516,17-Jan-25,21-Jan-25,25-01-2025,26-Jan-25,MetroLogix,East,Central,East-Central,Road,750,Customs,Delivered,598.43,Express
SHP003601,24-03-2025,28-Mar-25,30-Mar-25,03/29/2025,SwiftShip,East,South,East-South,Rail,330,,Delivered,443.09,Economy
SHP001426,03/28/2025,30-Mar-25,06-Apr-25,08-04-2025,RoadRunner,West,South,West-South,Road,1610,Weather,Delivered,1780.44,Economy
SHP000937,17-09-2025,20-Sep-25,26-09-2025,27-Sep-25,SwiftShip,West,East,West-East,Road,1580,Warehouse Backlog,Undelivered,1428.66,Economy
SHP004773,07-Nov-25,09-Nov-25,11-11-2025,18-Nov-25,SwiftShip,North,West,North-West,Road,230,Traffic,Delivered,281.56,Economy
SHP004423,04-09-2025,04-10-2025,17-04-2025,04/17/2025,RoadRunner,East,North,East-North,Road,1680,,Delivered,2181.61,Standard
SHP001666,23-02-2025,02/25/2025,01-03-2025,01-Mar-25,SkyFreight,South,Central,South-Central,Air,370,,Delivered,749.24,Express
SHP002600,07/26/2025,28-Jul-25,07-Aug-25,08-08-2025,RoadRunner,West,North,West-North,Road,2090,Traffic,Delivered,1996.31,Standard
SHP001808,01/14/2025,01/15/2025,21-Jan-25,01/22/2025,SwiftShip,South,East,South-East,Road,1010,Weather,Delivered,1314.4,Economy
SHP004485,11-08-2025,11-11-2025,15-Nov-25,,SwiftShip,East,West,East-West,Road,250,Traffic,In Transit,272.13,Express
SHP000842,03-Aug-25,08-05-2025,13-Aug-25,12-Aug-25,SwiftShip,North,South,North-South,Road,1940,,Delivered,1737.67,Economy
SHP001385,21-11-2025,25-11-2025,28-11-2025,11/28/2025,SkyFreight,North,Central,North-Central,Air,1490,,Delivered,2799.66,Express
SHP006440,17-03-2025,19-Mar-25,24-03-2025,25-Mar-25,RoadRunner,South,East,South-East,Road,590,Weather,Delivered,849.52,Standard
SHP004066,02/25/2025,02/27/2025,06-Mar-25,03-05-2025,ParcelPro,East,North,East-North,Road,1830,,Delivered,1376.68,Economy
SHP001961,11-Dec-25,13-12-2025,22-Dec-25,12/22/2025,ParcelPro,West,North,West-North,Road,2310,,Delivered,1652.77,Economy
SHP005518,12/15/2025,16-12-2025,27-12-2025,12/29/2025,MetroLogix,Central,West,Central-West,Road,2330,Vehicle Issue,Delivered,2982.96,Express
SHP000086,07/25/2025,07/27/2025,04-Aug-25,02-08-2025,RoadRunner,South,North,South-North,Road,2110,,Delivered,2895.12,Economy
SHP003575,07/23/2025,24-07-2025,08-04-2025,,RoadRunner,East,North,East-North,Road,2340,Customs,In Transit,3188.97,Express
SHP003771,05-09-2025,06-Sep-25,09-10-2025,09-10-2025,ParcelPro,Central,South,Central-South,Road,810,,Delivered,1149.69,Economy
SHP002284,30-03-2025,01-04-2025,05-Apr-25,06-04-2025,SkyFreight,West,East,West-East,Air,850,Capacity Constraint,Delivered,1602.64,Express
SHP004227,12-06-2025,12-08-2025,14-Dec-25,14-Dec-25,RoadRunner,East,North,East-North,Road,910,,Delivered,1256.67,Economy
SHP000586,09-04-2025,12-Apr-25,15-Apr-25,04/15/2025,SkyFreight,Central,West,Central-West,Air,920,,Delivered,1252.78,Express
SHP003263,13-Oct-25,16-Oct-25,10/20/2025,10/19/2025,ParcelPro,West,South,West-South,Air,510,,Delivered,872.47,Express
SHP001479,06-01-2025,08-Jan-25,12-01-2025,22-Jan-25,  ROADRUNNER  ,East,South,East-South,Rail,420,Capacity Constraint,Delivered,339.7,Economy
SHP002010,02-Dec-25,12-04-2025,12-09-2025,09-Dec-25,SwiftShip,West,Central,West-Central,Rail,1090,,Delivered,1227.05,Express
SHP005514,14-May-25,16-May-25,05/19/2025,05/22/2025,RoadRunner,South,West,South-West,Air,350,Customs,Delivered,713.42,Economy
SHP001683,26-02-2025,28-02-2025,03-04-2025,03-03-2025,RoadRunner,West,East,West-East,Rail,170,,Delivered,198.76,Economy
SHP003497,01-Apr-25,03-Apr-25,08-Apr-25,12-04-2025,ParcelPro,Central,South,Central-South,Air,2270,Customs,Delivered,3271.56,Standard
SHP001273,03/31/2025,01-Apr-25,04-08-2025,18-04-2025,RoadRunner,South,Central,South-Central,Road,1540,Traffic,Delivered,1524.91,Economy
SHP006007,11-11-2025,12-11-2025,11/16/2025,,SwiftShip,East,Central,East-Central,Road,440,,Delivered,413.85,Economy
SHP001078,04/24/2025,27-04-2025,05-01-2025,02-May-25,RoadRunner,West,East,West-East,Road,780,Warehouse Backlog,Delivered,1175.79,Express
SHP000130,05-01-2025,07-01-2025,01/16/2025,16-Jan-25,RoadRunner,Central,East,Central-East,Road,1760,,Delivered,1851.79,Standard
SHP000173,23-08-2025,08/25/2025,04-09-2025,07-Sep-25,MetroLogix,South,East,South-East,Road,2100,Weather,Delivered,2150.15,Economy
SHP001048,25-Jan-25,27-Jan-25,30-Jan-25,01/31/2025,RoadRunner,Central,East,Central-East,Road,580,Traffic,Delivered,795.96,Economy
SHP006024,05-10-2025,13-05-2025,15-05-2025,05/19/2025,ParcelPro,Central,West,Central-West,Rail,420,Warehouse Backlog,Delivered,529.47,Standard
SHP004732,24-Aug-25,28-08-2025,31-08-2025,29-Aug-25,SwiftShip,South,West,South-West,Rail,380,,Delivered,370.12,Standard
SHP003655,07/28/2025,31-Jul-25,08-05-2025,05-08-2025,SwiftShip,Central,South,Central-South,Air,2210,,Delivered,4089.41,Express
SHP002403,12-02-2025,15-Feb-25,20-Feb-25,23-02-2025,SkyFreight,North,West,North-West,Road,930,Warehouse Backlog,Delivered,1187.75,Express
SHP000428,28-Sep-25,29-Sep-25,04-10-2025,,ParcelPro,West,South,West-South,Rail,1490,Capacity Constraint,In Transit,1259.22,Express
SHP005009,12/13/2025,15-Dec-25,12/22/2025,01-01-2026,ParcelPro,North,East,North-East,Road,1190,Vehicle Issue,Delivered,1246.65,Express
SHP004226,17-Aug-25,08/18/2025,25-08-2025,30-Aug-25,RoadRunner,West,East,West-East,Road,1690,Customs,Delivered,1425.46,Economy
SHP005938,01-07-2025,07-03-2025,07-08-2025,07-08-2025,RoadRunner,North,East,North-East,Air,2110,,Delivered,3135.3,Express
SHP000896,04-Jan-25,01-06-2025,09-01-2025,01-09-2025,ParcelPro,North,South,North-South,Road,280,,Delivered,288.79,Economy
SHP005815,08-11-2025,13-Aug-25,08/16/2025,08/18/2025,RoadRunner,East,North,East-North,Air,1500,Customs,Delivered,2115.3,Express
SHP006001,28-01-2025,30-Jan-25,02-04-2025,09-Feb-25,ParcelPro,Central,West,Central-West,Road,790,Warehouse Backlog,Delivered,626.9,Express
SHP000614,08-Jun-25,09-06-2025,12-Jun-25,06-12-2025,MetroLogix,West,Central,West-Central,Road,480,,Delivered,438.08,Standard
SHP000406,13-Nov-25,14-Nov-25,19-11-2025,22-Nov-25,MetroLogix,North,West,North-West,Air,1550,Weather,Delivered,2748.37,Economy
SHP001525,01-Jul-25,04-07-2025,07-08-2025,,RoadRunner,South,Central,South-Central,Rail,150,,Cancelled,216.33,Economy
SHP000100,01-09-2025,11-01-2025,15-Jan-25,15-Jan-25,ParcelPro,Central,West,Central-West,Road,120,,Delivered,175.71,Economy
SHP003207,22-Oct-25,25-Oct-25,10/31/2025,,MetroLogix,West,South,West-South,Road,960,Capacity Constraint,In Transit,1217.55,Economy
SHP004865,16-Feb-25,18-Feb-25,28-Feb-25,28-02-2025,ParcelPro,North,South,North-South,Road,1980,,Delivered,2733.92,Standard
SHP004507,05-01-2025,05-03-2025,05-08-2025,07-05-2025,SwiftShip,North,Central,North-Central,Air,1610,,Undelivered,2270.57,Express
SHP003769,11-09-2025,09/13/2025,09/16/2025,16-09-2025,SwiftShip,West,South,West-South,Air,890,,Delivered,2176.93,Express
SHP003941,02-04-2025,07-Feb-25,02/14/2025,16-Feb-25,SkyFreight,East,South,East-South,Road,1320,Capacity Constraint,Delivered,1067.64,Standard
SHP002054,24-01-2025,01/27/2025,06-Feb-25,06-Feb-25,MetroLogix,South,East,South-East,Road,2040,,Delivered,1759.94,Standard
SHP005170,27-05-2025,05/30/2025,06-04-2025,11-06-2025,MetroLogix,East,Central,East-Central,Air,1490,Weather,Delivered,3411.67,Economy
SHP003923,25-12-2025,12/26/2025,01-01-2026,04-Jan-26,MetroLogix,East,South,East-South,Road,1120,Weather,Delivered,1223.07,Economy
SHP001437,10/19/2025,22-Oct-25,10/30/2025,09-Nov-25,RoadRunner,East,North,East-North,Rail,2090,Customs,Delivered,1843.88,Standard
SHP004088,04-05-2025,06-Apr-25,12-Apr-25,11-Apr-25,ParcelPro,West,East,West-East,Rail,1060,,Delivered,1017.85,Express
SHP005291,26-Nov-25,11/27/2025,04-Dec-25,06-Dec-25,RoadRunner,Central,East,Central-East,Rail,2130,Customs,Delivered,1646.4,Economy
SHP002153,13-04-2025,17-04-2025,28-Apr-25,03-05-2025,RoadRunner,East,Central,East-Central,Road,2280,Weather,Delivered,2842.9,Standard
SHP005975,29-Dec-25,30-Dec-25,01-05-2026,01-07-2026,RoadRunner,Central,South,Central-South,Road,1590,Warehouse Backlog,Delivered,2156.19,Economy
SHP001885,22-Jun-25,06/24/2025,06/28/2025,08-Jul-25,RoadRunner,East,South,East-South,Road,200,Vehicle Issue,Delivered,346.44,Economy
SHP006112,03-Apr-25,05-Apr-25,04-11-2025,10-04-2025,ParcelPro,North,East,North-East,Air,2360,,Delivered,5041.84,Standard
SHP000486,06-Jan-25,09-01-2025,14-Jan-25,14-Jan-25,SwiftShip,Central,East,Central-East,Road,1140,,Delivered,960.06,Economy
SHP001657,07/31/2025,08-04-2025,08-06-2025,04-08-2025,ParcelPro,South,North,South-North,Air,170,,Delivered,455,Standard
SHP001986,17-Mar-25,03/19/2025,27-Mar-25,06-04-2025,ParcelPro,South,North,South-North,Road,1380,Vehicle Issue,Delivered,1838.43,Standard
SHP003389,25-02-2025,28-02-2025,03-05-2025,03-03-2025,MetroLogix,West,East,West-East,Rail,1490,,Undelivered,1273.21,Express
SHP002987,11/25/2025,27-11-2025,04-Dec-25,12-11-2025,RoadRunner,West,North,West-North,Road,1420,Warehouse Backlog,Undelivered,1497.7,Economy
SHP001945,04-Jan-25,07-01-2025,15-01-2025,14-Jan-25,SkyFreight,West,South,West-South,Road,2030,,Delivered,2302.77,Economy
SHP005168,21-11-2025,11/23/2025,27-Nov-25,12-02-2025,MetroLogix,West,South,West-South,Road,800,Customs,Delivered,632.92,Economy
SHP001383,25-04-2025,04/27/2025,02-May-25,02-May-25,SwiftShip,West,East,West-East,Road,540,,Delivered,442.4,Standard
SHP006161,16-Mar-25,17-Mar-25,25-Mar-25,03/25/2025,SwiftShip,South,Central,South-Central,Road,1690,,Delivered,1375,Economy
SHP000367,17-Jun-25,06/19/2025,06/25/2025,29-Jun-25,ParcelPro,East,West,East-West,Air,2390,Traffic,Delivered,3185.65,Economy
SHP000561,23-12-2025,25-12-2025,30-12-2025,12/31/2025,SkyFreight,South,North,South-North,Road,1070,Weather,Delivered,1240.59,Standard
SHP002353,03/28/2025,30-03-2025,04-04-2025,05-Apr-25,SwiftShip,North,South,North-South,Air,1860,Customs,Delivered,3822.61,Economy
SHP001399,08-Oct-25,12-10-2025,10/16/2025,15-Oct-25,SkyFreight,South,Central,South-Central, air ,1030,,Delivered,2325.89,Economy
SHP005575,08/22/2025,24-08-2025,31-Aug-25,31-08-2025,SkyFreight,North,West,North-West,Road,1300,,Delivered,968.5,Standard
SHP004950,03-08-2025,04-08-2025,13-08-2025,18-Aug-25,RoadRunner,North,South,North-South,Road,2150,Weather,Delivered,2013.38,Express
SHP001582,07/29/2025,31-Jul-25,,08-Aug-25,MetroLogix,East,Central,East-Central,Road,960,Warehouse Backlog,Delivered,733.83,Economy
SHP005782,28-Nov-25,02-Dec-25,12-09-2025,09-Dec-25,MetroLogix,Central,South,Central-South,Road,1410,,Delivered,2056.26,Economy
SHP001962,05-06-2025,08-May-25,13-05-2025,12-May-25,SkyFreight,South,West,South-West,Rail,1560,,Delivered,"$1,286.23",Express
SHP004605,03-01-2025,01-04-2025,11-01-2025,12-Jan-25,MetroLogix,East,South,East-South,Road,1600,Capacity Constraint,Delivered,1398.03,Economy
SHP004270,04-04-2025,07-Apr-25,04-12-2025,04-12-2025,RoadRunner,South,North,South-North,Road,640,,Delivered,518.9,Express
SHP005056,07/16/2025,07/18/2025,21-07-2025,24-07-2025,RoadRunner,Central,West,Central-West,Air,260,Capacity Constraint,Delivered,464.8,Standard
SHP002965,11/30/2025,12-01-2025,08-Dec-25,12-12-2025,RoadRunner,North,South,North-South,Road,1930,Customs,Delivered,2353.85,Economy
SHP005380,12-01-2025,12-02-2025,09-12-2025,16-12-2025,ParcelPro,North,West,North-West,Road,1590,Warehouse Backlog,Delivered,1273.66,Economy
SHP003699,02-Feb-25,02-05-2025,02-09-2025,09-Feb-25,MetroLogix,Central,East,Central-East,Air,1510,,Delivered,3585.57,Express
SHP000727,10/16/2025,18-Oct-25,22-Oct-25,29-10-2025,RoadRunner,Central,South,Central-South,Road,930,Capacity Constraint,Delivered,994.8,Express
SHP000231,02-06-2025,08-02-2025,02/13/2025,02/16/2025,SkyFreight,West,East,West-East,Road,1170,Warehouse Backlog,Undelivered,1716.76,Economy
SHP002315,01-05-2025,07-Jan-25,12-01-2025,15-Jan-25,MetroLogix,North,West,North-West,Road,960,Vehicle Issue,Delivered,1100.85,Economy
SHP002625,10-Apr-25,04-12-2025,04/17/2025,27-Apr-25,SwiftShip,Central,West,Central-West,Rail,990,Weather,Delivered,694.6,Express
SHP004768,02-10-2025,12-02-2025,22-02-2025,02/22/2025,MetroLogix,Central,South,Central-South,Road,2280,,Delivered,1885.69,Express
SHP001180,10-07-2025,07/14/2025,18-07-2025,16-07-2025,SkyFreight,Central,West,Central-West,Rail,390,,Delivered,457.44,Economy
SHP000962,24-Aug-25,08/26/2025,09-02-2025,02-Sep-25,MetroLogix,South,Central,South-Central,Road,1150,,Delivered,1335.57,Economy
SHP005236,12-Feb-25,14-02-2025,21-Feb-25,25-Feb-25,RoadRunner,East,Central,East-Central,Road,1120,Capacity Constraint,Delivered,885.64,Express
SHP000513,04-08-2025,06-08-2025,10-08-2025,08-12-2025,SkyFreight,North,East,North-East,Road,320,Capacity Constraint,Delivered,527.87,Express
SHP002878,26-07-2025,07/27/2025,30-Jul-25,29-Jul-25,RoadRunner,Central,South,Central-South,Road,150,,Delivered,244.74,Standard
SHP004894,09-Apr-25,12-Apr-25,14-Apr-25,04/14/2025,ParcelPro,North,West,North-West,Air,950,,Delivered,1434.37,Standard
SHP005461,23-Oct-25,25-10-2025,10/29/2025,31-10-2025,RoadRunner,South,Central,South-Central,Air,530,Warehouse Backlog,Delivered,820.28,Standard
SHP002562,05-07-2025,09-May-25,16-05-2025,05/18/2025,SkyFreight,North,West,North-West,Rail,2390,Vehicle Issue,Delivered,1917.85,Express
SHP006477,19-03-2025,03/20/2025,26-03-2025,26-03-2025,SkyFreight,North,South,North-South,Road,820,,Delivered,964.28,Economy
SHP003041,06-02-2025,06-05-2025,06-12-2025,12-Jun-25,SkyFreight,East,North,East-North,Road,1770,,Delivered,2030.65,Economy
SHP001055,21-04-2025,04/22/2025,04/25/2025,27-04-2025,SwiftShip,South,Central,South-Central,Air,1870,Warehouse Backlog,Delivered,2757.02,Economy
SHP000299,04-Mar-25,03-06-2025,15-03-2025,14-Mar-25,MetroLogix,Central,West,Central-West,Road,1780,,Delivered,1928.44,Express
SHP005276,25-12-2025,27-12-2025,29-12-2025,12/28/2025,MetroLogix,East,Central,East-Central,Road,440,,Delivered,615.61,Economy
SHP001718,07-09-2025,09-10-2025,19-Sep-25,19-Sep-25,SwiftShip,Central,East,Central-East,Road,2400,,Delivered,3246.71,Standard
SHP002257,01-Mar-25,03-Mar-25,09-03-2025,03-10-2025,MetroLogix,North,South,North-South,Road,1420,Traffic,Delivered,1133.84,Express
SHP003248,03-01-2025,02-03-2025,05-03-2025,08-03-2025,ParcelPro,North,East,North-East,Air,1850,Traffic,Delivered,4433.22,Express
SHP005191,11/19/2025,21-Nov-25,23-11-2025,25-11-2025,SwiftShip,Central,South,Central-South,Road,320,Customs,Delivered,384.65,Standard
SHP004717,05/24/2025,05/28/2025,03-06-2025,06-03-2025,SkyFreight,Central,North,Central-North,Rail,1860,,Delivered,2038.68,Express
SHP006039,24-04-2025,25-04-2025,05-03-2025,05-05-2025,SkyFreight,West,East,West-East,Road,1870,Capacity Constraint,Delivered,2250.16,Economy
SHP006055,12-03-2025,12-05-2025,10-12-2025,09-12-2025,MetroLogix,East,West,East-West,Air,2370,,Delivered,3139.52,Express
SHP000482,25-04-2025,04/27/2025,05-01-2025,05-May-25,SwiftShip,North,South,North-South,Air,1540,Vehicle Issue,Delivered,1996.18,Standard
SHP003638,04-08-2025,07-08-2025,16-Aug-25,18-08-2025,ParcelPro,South,North,South-North,Road,1940,Capacity Constraint,Delivered,1460.36,Standard
SHP002628,02/13/2025,02/15/2025,22-02-2025,20-Feb-25,RoadRunner,South,North,South-North,Road,1280,,Delivered,1088.75,Express
SHP005397,28-Aug-25,29-08-2025,09-02-2025,09-01-2025,SkyFreight,West,South,West-South,Road,500,,Delivered,769.23,Economy
SHP003056,27-12-2025,29-Dec-25,01-04-2026,04-Jan-26,SkyFreight,North,East,North-East,Road,1560,,Delivered,1160.13,Economy
SHP004054,09-02-2025,12-Feb-25,22-02-2025,02/27/2025,RoadRunner,South,Central,South-Central,Road,2230,Vehicle Issue,Delivered,1828.75,Economy
SHP002556,16-02-2025,02/18/2025,25-Feb-25,26-02-2025,ParcelPro,West,South,West-South,Road,1200,Weather,Undelivered,1008.28,Express
SHP000613,17-08-2025,18-Aug-25,08/21/2025,08/31/2025,ParcelPro,South,North,South-North,Rail,350,Vehicle Issue,Delivered,460.6,Standard
SHP001161,06-06-2025,10-06-2025,15-Jun-25,06/14/2025,,North,Central,North-Central,Air,2260,,Delivered,3673.17,Economy
SHP002477,06-09-2025,06-11-2025,15-Jun-25,06/17/2025,SkyFreight,East,West,East-West,Air,2100,Traffic,Delivered,4796.18,Standard
SHP004204,25-12-2025,26-12-2025,12/31/2025,01-01-2026,SkyFreight,South,East,South-East,Rail,1050,Customs,Delivered,630.73,Express
SHP004277,20-Jul-25,23-Jul-25,27-Jul-25,07/27/2025,SkyFreight,Central,West,Central-West,Air,1370,,Delivered,2861.77,Economy
SHP002667,17-Sep-25,09/19/2025,22-09-2025,27-Sep-25,MetroLogix,West,South,West-South,Air,1820,Vehicle Issue,Delivered,3832.27,Standard
SHP003107,07/22/2025,25-Jul-25,30-Jul-25,06-Aug-25,SkyFreight,South,Central,South-Central,Air,1710,Warehouse Backlog,Undelivered,3079.03,Standard
SHP002544,28-10-2025,31-Oct-25,11-03-2025,07-11-2025,MetroLogix,West,South,West-South,Air,910,Capacity Constraint,Delivered,1887.39,Standard
SHP003232,11/22/2025,24-Nov-25,05-Dec-25,06-Dec-25,SkyFreight,West,North,West-North,Road,2330,Traffic,Delivered,2549.22,Express
SHP005861,11/29/2025,30-Nov-25,02-Dec-25,04-Dec-25,MetroLogix,North,East,North-East,Air,1260,Capacity Constraint,Delivered,3044.18,Economy
SHP003334,07/15/2025,07/17/2025,07/20/2025,07/23/2025,SkyFreight,West,East,West-East,Air,1730,Customs,Delivered,3887.48,Express
SHP005675,14-Nov-25,15-Nov-25,18-Nov-25,11/18/2025,SkyFreight,North,East,North-East,Road,640,,Delivered,721.64,Express
SHP003812,25-Dec-25,29-Dec-25,04-Jan-26,03-Jan-26,ParcelPro,Central,North,Central-North,Air,2400,,Delivered,4242.72,Express
SHP004048,01/28/2025,01-Feb-25,05-02-2025,12-02-2025,SwiftShip,South,Central,South-Central,Rail,810,Weather,Delivered,879.97,Economy
SHP000887,07/21/2025,24-07-2025,08-01-2025,01-Aug-25,RoadRunner,East,North,East-North,Road,2140,,Delivered,2911.13,Express
SHP006257,05/26/2025,29-05-2025,06-01-2025,02-06-2025,SwiftShip,South,Central,South-Central,Road,630,Capacity Constraint,Delivered,540.06,Express
SHP004830,04-May-25,05-06-2025,05-10-2025,15-May-25,MetroLogix,West,Central,West-Central,Air,1430,Capacity Constraint,Delivered,1859.25,Economy
SHP004990,05-02-2025,05-04-2025,12-05-2025,05-12-2025,ParcelPro,Central,North,Central-North,Road,1930,,Delivered,2287.36,Economy
SHP003591,05/13/2025,15-May-25,05/20/2025,18-May-25,SkyFreight,East,Central,East-Central,Road,810,,Delivered,1061.27,Standard
SHP000528,06-Jun-25,06-08-2025,06-10-2025,15-06-2025,RoadRunner,South,West,South-West,Road,330,Vehicle Issue,Delivered,419.65,Express
SHP001481,01-07-2025,08-Jan-25,01-11-2025,11-01-2025,MetroLogix,North,West,North-West,Air,350,,Delivered,799.11,Standard
SHP005986,06-Oct-25,09-Oct-25,13-10-2025,14-Oct-25,SwiftShip,East,Central,East-Central,Air,2160,Weather,Delivered,4915.01,Express
SHP005709,08-06-2025,07-08-2025,10-08-2025,08-11-2025,RoadRunner,South,East,South-East,Air,1960,Customs,Delivered,3336.89,Economy
SHP003458,18-Dec-25,19-Dec-25,22-Dec-25,24-12-2025,SkyFreight,West,East,West-East,Road,620,Traffic,Delivered,597.3,Express
SHP004001,02/22/2025,23-02-2025,02/26/2025,02/27/2025,RoadRunner,North,South,North-South,Air,1450,Warehouse Backlog,Delivered,1740.88,Economy
SHP000750,02-08-2025,03-08-2025,08-06-2025,07-Aug-25,SwiftShip,South,East,South-East,Road,600,Weather,Delivered,690.91,Economy
SHP003684,29-12-2025,30-12-2025,01-01-2026,02-Jan-26,ParcelPro,Central,South,Central-South,Road,400,Warehouse Backlog,Delivered,633.49,Express
SHP000052,22-Oct-25,10/24/2025,01-Nov-25,,MetroLogix,East,South,East-South,Road,2050,,In Transit,1701.54,Express
SHP004451,01/27/2025,29-01-2025,01-Feb-25,01-02-2025,MetroLogix,South,West,South-West,Air,1940,,Delivered,2930.46,Standard
SHP005393,15-Apr-25,17-Apr-25,04/21/2025,21-Apr-25,SkyFreight,North,East,North-East,Road,420,,Delivered,626.07,Economy
SHP002585,26-Nov-25,28-11-2025,02-Dec-25,,SkyFreight,North,East,North-East,Air,1650,,Cancelled,3995.1,Standard
SHP002664,28-Mar-25,29-03-2025,05-04-2025,15-04-2025,MetroLogix,East,Central,East-Central,Road,1080,Customs,Delivered,1093.62,Express
SHP000063,04-05-2025,05-06-2025,05-11-2025,21-May-25,ParcelPro,Central,West,Central-West,Road,770,Warehouse Backlog,Delivered,906.16,Economy
SHP002263,09-11-2025,14-09-2025,18-09-2025,18-09-2025,ParcelPro,East,West,East-West,Road,390,,Delivered,604.56,Economy
SHP003675,25-02-2025,27-Feb-25,06-03-2025,03/16/2025,SkyFreight,North,Central,North-Central,Road,1720,Vehicle Issue,Delivered,1400.37,Economy
SHP001016,20-08-2025,22-08-2025,27-08-2025,28-Aug-25,SwiftShip,West,East,West-East,Rail,1580,Traffic,Delivered,932.84,Standard
SHP003749,07-04-2025,10-Apr-25,17-04-2025,16-04-2025,SwiftShip,Central,North,Central-North,Road,1050,,Delivered,1013.61,Economy
SHP004589,12/29/2025,31-Dec-25,01-05-2026,04-01-2026,MetroLogix,South,Central,South-Central,Road,620,,Delivered,783.76,Economy
SHP003473,04-12-2025,15-04-2025,22-04-2025,20-Apr-25,RoadRunner,Central,West,Central-West,Road,1250,,Delivered,1574.29,Economy
SHP002072,04-01-2025,05-Jan-25,01-08-2025,08-01-2025,RoadRunner,Central,North,Central-North,Air,850,,Delivered,1109.97,Standard
SHP002418,29-08-2025,09-01-2025,09-09-2025,09-Sep-25,SwiftShip,Central,North,Central-North,Road,1870,,Delivered,2257.9,Standard
SHP002303,29-10-2025,30-Oct-25,02-Nov-25,06-11-2025,MetroLogix,North,East,North-East,Air,1070,Vehicle Issue,Delivered,2304.88,Standard
SHP005228,14-03-2025,17-Mar-25,24-Mar-25,26-Mar-25,SwiftShip,North,West,North-West,Road,1950,Traffic,Delivered,2016.56,Express
SHP005639,07-04-2025,07-07-2025,10-Jul-25,14-07-2025,RoadRunner,East,West,East-West,Air,1740,Vehicle Issue,Delivered,2285.4,Economy
SHP004297,11/19/2025,11/22/2025,11/26/2025,26-11-2025,MetroLogix,North,South,North-South,Road,370,,Delivered,453.3,Express
SHP003337,22-Jul-25,24-Jul-25,28-Jul-25,28-Jul-25,SwiftShip,South,North,South-North,Air,1400,,Delivered,2747.61,Express
SHP000216,26-06-2025,06/29/2025,07-06-2025,07-06-2025,MetroLogix,South,West,South-West,Road,1110,,Delivered,1288.28,Standard
SHP005625,03-11-2025,03-12-2025,19-03-2025,18-03-2025,SwiftShip,North,Central,North-Central,Road,1590,,Delivered,1154.4,Economy
SHP001949,10-Nov-25,13-11-2025,22-Nov-25,21-11-2025,RoadRunner,North,South,North-South,Road,1760,,Delivered,1830.51,Express
SHP006401,24-08-2025,08/26/2025,09-01-2025,09-03-2025,RoadRunner,East,North,East-North,Road,1610,Weather,Delivered,1998.48,Express
SHP004187,06-Mar-25,03-07-2025,03/16/2025,26-03-2025,RoadRunner,North,Central,North-Central,Road,1990,Weather,Delivered,2075.9,Economy
SHP001812,08-06-2025,09-Jun-25,06/16/2025,06/16/2025,SkyFreight,North,West,North-West,Road,1840,,Delivered,1895.45,Economy
SHP006486,09-08-2025,12-09-2025,09/16/2025,09/17/2025,SkyFreight,South,West,South-West,Road,680,Warehouse Backlog,Delivered,878.28,Standard
SHP005251,21-Mar-25,03/23/2025,27-Mar-25,27-Mar-25,SkyFreight,West,East,West-East,Road,450,,Delivered,670.92,Economy
SHP002545,03-08-2025,10-Mar-25,03/13/2025,03/14/2025,RoadRunner,East,North,East-North,Road,320,Warehouse Backlog,Delivered,$477.07,Economy
SHP006352,12/30/2025,01-02-2026,01-09-2026,01-12-2026,SkyFreight,South,North,South-North,Road,1570,Customs,Delivered,2078.79,Standard
SHP000744,20-08-2025,21-Aug-25,28-08-2025,27-Aug-25,ParcelPro,East,Central,East-Central,Road,1340,,Delivered,1941.7,Standard
SHP003459,04-02-2025,02-05-2025,15-Feb-25,15-Feb-25,MetroLogix,East,North,East-North,Road,2070,,Delivered,2146.13,Express
SHP005238,25-Jun-25,27-06-2025,29-06-2025,29-06-2025,MetroLogix,North,South,North-South,Air,960,,Undelivered,1656.37,Standard
SHP002244,03-Jul-25,05-07-2025,07-09-2025,08-07-2025,RoadRunner,West,North,West-North,Road,980,,Delivered,1272.73,Express
SHP001298,07-Jun-25,09-Jun-25,06/18/2025,,MetroLogix,South,North,South-North,Road,1700,,Cancelled,1441.77,Standard
SHP001655,05-Jan-25,06-01-2025,14-01-2025,01/13/2025,SkyFreight,East,North,East-North,Road,1580,,Delivered,1825.48,Express
SHP002125,08/28/2025,30-Aug-25,09-08-2025,13-09-2025,  SWIFTSHIP  ,East,Central,East-Central,Road,1930,Vehicle Issue,Delivered,1464.88,Economy
SHP004470,28-Dec-25,29-12-2025,01-07-2026,07-01-2026,RoadRunner,East,South,East-South,Road,1970,,Delivered,1939.61,Standard
SHP006458,22-06-2025,06/24/2025,27-Jun-25,27-06-2025,RoadRunner,North,South,North-South,Road,370,,Delivered,599.19,Economy
SHP005900,08-10-2025,11-10-2025,14-10-2025,10/14/2025,SkyFreight,North,Central,North-Central,Air,120,,Delivered,322.37,Economy
SHP003266,29-10-2025,10/30/2025,11-03-2025,11-05-2025,ParcelPro,North,South,North-South,Air,870,Customs,Delivered,2127.42,Economy
SHP004304,08/30/2025,01-Sep-25,09-05-2025,,MetroLogix,South,West,South-West,Air,260,,Cancelled,423.97,Standard
SHP001133,11-06-2025,09-11-2025,18-11-2025,11/23/2025,SkyFreight,North,Central,North-Central,Road,1960,Vehicle Issue,Delivered,1586.98,Economy
SHP005892,10/27/2025,28-Oct-25,10/30/2025,31-Oct-25,ParcelPro,South,Central,South-Central,Road,390,Weather,Delivered,632.61,Standard
SHP003376,13-05-2025,15-05-2025,18-May-25,16-May-25,RoadRunner,North,Central,North-Central,Road,580,,Delivered,601.48,Economy
SHP005536,23-01-2025,25-Jan-25,02-02-2025,12-Feb-25,RoadRunner,South,East,South-East,Rail,2070,Capacity Constraint,Delivered,1598.09,Standard
SHP002156,17-02-2025,19-02-2025,02/22/2025,02/23/2025,SwiftShip,North,East,North-East,Road,630,Capacity Constraint,Delivered,940.47,Economy
SHP003653,15-02-2025,02/16/2025,24-Feb-25,25-02-2025,SwiftShip,West,North,West-North,Rail,1870,Traffic,Delivered,1178.27,Standard
SHP004321,10-07-2025,10-10-2025,15-Oct-25,10/16/2025,ParcelPro,South,North,South-North,Road,1280,Customs,Delivered,1265.05,Express
SHP006263,02/13/2025,14-Feb-25,02/17/2025,16-Feb-25,MetroLogix,East,North,East-North,Air,860,,Delivered,2036.29,Express
SHP003931,08/29/2025,31-08-2025,02-Sep-25,09-12-2025,RoadRunner,Central,East,Central-East,Rail,330,Traffic,Delivered,425.78,Standard
SHP002702,12-Feb-25,02/14/2025,22-02-2025,04-Mar-25,ParcelPro,East,North,East-North,Road,2030,Customs,Delivered,2068.31,Standard
SHP002775,06-01-2025,05-06-2025,13-Jun-25,14-Jun-25,ParcelPro,South,Central,South-Central,Road,1740,Capacity Constraint,Delivered,1496.47,Standard
SHP004963,16-Feb-25,19-02-2025,21-Feb-25,21-02-2025,SkyFreight,Central,South,Central-South,Air,350,,Delivered,486.35,Express
SHP005893,05-Sep-25,06-09-2025,09-10-2025,10-Sep-25,RoadRunner,East,North,East-North,Road,1020,,Delivered,850.47,Express
SHP004728,13-Dec-25,16-12-2025,12/25/2025,12/25/2025,RoadRunner,North,East,North-East,Road,2190,,Delivered,2722.25,Standard
SHP005086,13-10-2025,10/14/2025,23-Oct-25,10/30/2025,RoadRunner,West,East,West-East,Road,2030,Traffic,Delivered,2699.13,Economy
SHP001275,25-Oct-25,10/28/2025,31-10-2025,03-Nov-25,SkyFreight,East,South,East-South,Road,540,Vehicle Issue,Delivered,$582.49,Economy
SHP000210,21-06-2025,06/23/2025,06/26/2025,28-Jun-25,ParcelPro,North,West,North-West,Air,1010,Customs,Delivered,1746.46,Express
SHP005096,28-04-2025,29-04-2025,02-May-25,05-02-2025,ParcelPro,North,Central,North-Central,Air,1170,,Delivered,1481.17,Standard
SHP001977,12-Oct-25,15-10-2025,19-10-2025,20-10-2025,SwiftShip,East,North,East-North,Road,500,Capacity Constraint,Delivered,678.75,Standard
SHP003412,06/26/2025,29-06-2025,07-04-2025,02-Jul-25,  PARCELPRO  ,Central,South,Central-South,Air,2270,,Delivered,4298.45,Standard
SHP004722,08-May-25,11-05-2025,16-05-2025,05/16/2025,SkyFreight,West,East,West-East,Air,2010,,Delivered,3414.52,Economy
SHP001767,07-04-2025,09-Apr-25,13-Apr-25,13-04-2025,RoadRunner,Central,West,Central-West,Rail,380,,Delivered,500.09,Standard
SHP002581,20-10-2025,10/21/2025,11-01-2025,03-Nov-25,RoadRunner,North,West,North-West,Road,2320,Traffic,Undelivered,2005.67,Standard
SHP006367,10-02-2025,03-10-2025,10-06-2025,10-11-2025,SkyFreight,North,Central,North-Central,Road,610,Customs,Delivered,782.42,Express
SHP002642,29-Nov-25,30-11-2025,06-Dec-25,06-12-2025,ParcelPro,West,East,West-East,Rail,1320,,Delivered,782.91,Economy
SHP001136,02-02-2025,03-Feb-25,02/13/2025,12-Feb-25,SwiftShip,East,North,East-North,Road,2050,,Undelivered,2675.35,Standard
SHP001449,04/15/2025,18-04-2025,22-04-2025,22-04-2025,SwiftShip,West,Central,West-Central,Road,130,,Delivered,214.01,Standard
SHP002236,05-12-2025,07-12-2025,10-12-2025,12-08-2025,SkyFreight,Central,South,Central-South,Air,1320,,Delivered,2367.88,Express
SHP003629,18-Feb-25,20-Feb-25,02/23/2025,02/23/2025,ParcelPro,North,West,North-West,Road,310,,Delivered,332.82,Express
SHP001509,07/27/2025,28-Jul-25,04-Aug-25,08-09-2025,SkyFreight,Central,North,Central-North,Rail,2150,Customs,Delivered,1576.32,Standard
SHP006462,09-03-2025,05-09-2025,09-12-2025,11-09-2025,ParcelPro,North,South,North-South,Road,1730,,Delivered,1508.94,Standard
SHP001713,07/16/2025,18-07-2025,22-07-2025,22-07-2025,SwiftShip,West,South,West-South,Road,790,,Delivered,652.06,Economy
SHP006162,19-Nov-25,21-Nov-25,30-Nov-25,29-Nov-25,MetroLogix,East,Central,East-Central,Road,1850,,Delivered,1713.92,Standard
SHP005541,14-06-2025,15-Jun-25,20-Jun-25,20-Jun-25,RoadRunner,South,West,South-West,Air,1790,,Delivered,3344.04,Economy
SHP004908,12-07-2025,14-07-2025,23-Jul-25,26-07-2025,SwiftShip,South,West,South-West,Road,2060,Weather,Delivered,2164.06,Express
SHP006117,10-Nov-25,12-Nov-25,11/15/2025,11/18/2025,RoadRunner,North,East,North-East,Road,300,Vehicle Issue,Delivered,441.29,Express
SHP000382,14-11-2025,15-11-2025,22-Nov-25,20-Nov-25,MetroLogix,Central,West,Central-West,Road,1930,,Delivered,2163.88,Standard
SHP003869,31-12-2025,01-01-2026,07-Jan-26,01-07-2026,SkyFreight,South,East,South-East,Road,770,,Undelivered,687.22,Economy
SHP004431,05-Mar-25,03-08-2025,11-03-2025,15-Mar-25,MetroLogix,South,East,South-East,Air,2050,Warehouse Backlog,Delivered,3978.48,Express
SHP002630,13-Sep-25,16-Sep-25,24-09-2025,09/22/2025,ParcelPro,East,,East-West,Road,2140,,Delivered,3072.16,Express
SHP000774,12-03-2025,03/14/2025,03/19/2025,20-Mar-25,RoadRunner,East,North,East-North,Road,980,Customs,Delivered,1330.64,Standard
SHP004612,17-Jul-25,19-Jul-25,07/28/2025,26-07-2025,ParcelPro,West,East,West-East,Road,2360,,Delivered,2743.26,Standard
SHP001209,07-01-2025,08-01-2025,01/14/2025,21-01-2025,RoadRunner,West,East,West-East,Rail,1900,Warehouse Backlog,Delivered,1826.3,Economy
SHP000618,17-12-2025,19-12-2025,22-Dec-25,27-12-2025,ParcelPro,East,Central,East-Central,Rail,690,Warehouse Backlog,Delivered,585.34,Standard
SHP002856,09-Oct-25,11-10-2025,14-Oct-25,16-10-2025,SkyFreight,West,East,West-East,Road,640,Capacity Constraint,Delivered,518.62,Express
SHP002468,20-10-2025,24-Oct-25,03-Nov-25,11-01-2025,ParcelPro,East,North,East-North,Road,2040,,Undelivered,1699.71,Express
SHP001897,15-09-2025,17-09-2025,20-09-2025,19-Sep-25,SwiftShip,East,South,East-South,Air,1100,,Delivered,1603.78,Express
SHP004311,18-Jan-25,01/19/2025,28-Jan-25,01/26/2025,ParcelPro,East,South,East-South,Road,2310,,Delivered,2778.7,Express
SHP000027,06-07-2025,07-08-2025,12-Jul-25,07-12-2025,SwiftShip,North,South,North-South,Air,880,,Delivered,1684.45,Express
SHP002266,05/31/2025,01-Jun-25,11-Jun-25,06-12-2025,ParcelPro,East,Central,East-Central,Road,2270,Vehicle Issue,Delivered,2684.5,Standard
SHP002567,08-Jul-25,10-07-2025,13-Jul-25,12-07-2025,MetroLogix,West,South,West-South,Road,180,,Delivered,280.84,Standard
SHP001407,21-01-2025,24-01-2025,01/27/2025,01/27/2025,RoadRunner,East,West,East-West,Road,650,,Delivered,696.16,Standard
SHP006270,21-07-2025,24-07-2025,07/29/2025,31-Jul-25,SwiftShip,East,Central,East-Central,Rail,1720,Customs,Delivered,1677.65,Economy
SHP005131,03-06-2025,06-Jun-25,06-12-2025,14-Jun-25,ParcelPro,South,West,South-West,Road,880,Traffic,Delivered,705.77,Standard
SHP005493,03-Jul-25,07-04-2025,07-06-2025,13-Jul-25,MetroLogix,East,North,East-North,Rail,300,Vehicle Issue,Delivered,266.02,Economy
SHP006150,11-Aug-25,08-12-2025,17-08-2025,08/19/2025,RoadRunner,Central,East,Central-East,Road,950,Weather,Delivered,1164.89,Economy
SHP002357,10-11-2025,12-Oct-25,16-10-2025,16-10-2025,SwiftShip,West,Central,West-Central,Road,430,,Delivered,428.5,Standard
SHP000577,17-Mar-25,19-Mar-25,03/24/2025,03/29/2025,SwiftShip,South,West,South-West,Road,1330,Vehicle Issue,Delivered,1921.8,Standard
SHP003283,28-04-2025,05-01-2025,05-08-2025,,ParcelPro,Central,West,Central-West,Road,1570,Vehicle Issue,In Transit,1853.65,Standard
SHP001518,10/21/2025,10/24/2025,,10/26/2025,SkyFreight,South,East,South-East,Road,130,,Delivered,241.23,Express
SHP001749,06-05-2025,05-07-2025,05/13/2025,05/20/2025,ParcelPro,Central,East,Central-East,Road,1060,Weather,Delivered,1480.82,Express
SHP005254,24-Jun-25,26-Jun-25,06-07-2025,,ParcelPro,North,West,North-West,Road,2140,Warehouse Backlog,In Transit,2440.03,Standard
SHP001631,04-01-2025,06-01-2025,15-01-2025,15-Jan-25,MetroLogix,North,Central,North-Central,Road,2360,,Delivered,1715.93,Economy
SHP002318,06-05-2025,07-05-2025,11-05-2025,12-05-2025,ParcelPro,East,South,East-South,Road,340,Traffic,Delivered,520.3,Economy
SHP003402,20-Jan-25,01/22/2025,29-01-2025,01/29/2025,RoadRunner,North,South,North-South,Road,1810,,Delivered,1588.08,Standard
SHP006442,07/23/2025,25-Jul-25,28-Jul-25,30-Jul-25,RoadRunner,North,Central,North-Central,Air,1390,Weather,Delivered,2709.35,Express
,02-10-2025,12-02-2025,16-Feb-25,19-02-2025,ParcelPro,Central,East,Central-East,Road,930,Capacity Constraint,Delivered,1204.02,Express
SHP003858,16-May-25,05/18/2025,27-05-2025,06-03-2025,RoadRunner,West,East,West-East,Road,2400,Vehicle Issue,Delivered,2726.77,Express
SHP006314,25-Dec-25,12/27/2025,31-Dec-25,31-12-2025,SkyFreight,West,North,West-North,Air,1850,,Delivered,3331.6,Express
SHP003881,10-Apr-25,11-Apr-25,14-Apr-25,16-04-2025,RoadRunner,South,North,South-North,Road,140,Weather,Delivered,274.83,Express
SHP004649,03/13/2025,03/16/2025,20-03-2025,21-03-2025,SwiftShip,South,West,South-West,Air,2000,Warehouse Backlog,Delivered,4267.47,Economy
SHP003018,19-Feb-25,23-Feb-25,26-Feb-25,08-Mar-25,ParcelPro,North,East,North-East,Road,530,Customs,Delivered,444.95,Standard
SHP000741,02-12-2025,04-Dec-25,14-Dec-25,16-Dec-25,SwiftShip,North,East,North-East,Road,1960,Vehicle Issue,Delivered,2714.89,Express
SHP000874,07/14/2025,15-Jul-25,19-07-2025,20-07-2025,ParcelPro,North,East,North-East,Road,610,Weather,Delivered,761.76,Standard
SHP001939,12-Apr-25,14-Apr-25,18-Apr-25,04/20/2025,SwiftShip,East,West,East-West,Road,960,Traffic,Delivered,1034.63,Standard
SHP002950,24-08-2025,26-Aug-25,30-Aug-25,02-09-2025,SkyFreight,South,Central,South-Central,Air,680,Customs,Delivered,1036.09,Standard
SHP002376,29-Oct-25,31-Oct-25,05-11-2025,11-05-2025,MetroLogix,West,South,West-South,Road,1330,,Delivered,1909.42,Standard
SHP000966,10-08-2025,11-08-2025,14-Aug-25,12-Aug-25,MetroLogix,North,South,North-South,Road,220,,Delivered,260.38,Economy
SHP001332,01-11-2025,03-11-2025,07-11-2025,17-Nov-25,SwiftShip,South,Central,South-Central,Road,750,Weather,Delivered,961.66,Economy
SHP005587,01-05-2025,03-May-25,05-11-2025,05-11-2025,MetroLogix,West,South,West-South,Road,1660,,Delivered,1686.48,Economy
SHP002776,29-07-2025,31-07-2025,08-07-2025,07-08-2025,SwiftShip,East,West,East-West,Road,1250,,Delivered,1445.26,Economy
SHP002126,06/29/2025,02-07-2025,04-Jul-25,05-07-2025,MetroLogix,Central,North,Central-North,Rail,540,Weather,Delivered,604.83,Express
SHP003719,02-Mar-25,04-03-2025,03/14/2025,15-Mar-25,ParcelPro,West,Central,West-Central,Road,2370,Warehouse Backlog,Delivered,1651.63,Economy
SHP005785,09/23/2025,25-Sep-25,29-Sep-25,03-Oct-25,SkyFreight,East,West,East-West,Road,1030,Weather,Delivered,1144.05,Standard
SHP001805,04-06-2025,07-Jun-25,12-Jun-25,06/14/2025,SkyFreight,North,East,North-East,Road,510,Traffic,Delivered,485.62,Economy
SHP001567,14-Mar-25,15-03-2025,25-03-2025,03/27/2025,ParcelPro,South,Central,South-Central,Road,2010,Weather,Delivered,1746.4,Economy
SHP000886,05-07-2025,08-Jul-25,07/14/2025,07/14/2025,SkyFreight,Central,West,Central-West,Rail,1370,,Undelivered,839.8,Economy
SHP003750,17-Aug-25,08/19/2025,24-08-2025,23-Aug-25,ParcelPro,South,West,South-West,Road,660,,Delivered,634.94,Standard
SHP001346,16-01-2025,17-Jan-25,01/27/2025,31-01-2025,ParcelPro,South,West,South-West,Road,2160,Customs,Delivered,1801,Standard
SHP005841,01/29/2025,01/31/2025,08-02-2025,18-Feb-25,SkyFreight,East,South,East-South,Road,1980,Traffic,Delivered,1868.93,Standard
SHP000985,17-Mar-25,19-Mar-25,27-Mar-25,28-03-2025,MetroLogix,Central,North,Central-North,Road,1470,Capacity Constraint,Delivered,1547.09,Express
SHP005774,05-Oct-25,07-Oct-25,,13-Oct-25,MetroLogix,Central,East,Central-East,Road,1000,Capacity Constraint,Delivered,1452.18,Economy
SHP001597,01-02-2025,01-06-2025,14-01-2025,24-Jan-25,MetroLogix,South,Central,South-Central,Road,1840,Traffic,Delivered,1480.19,Standard
SHP000814,04-Feb-25,02-07-2025,02-09-2025,09-02-2025,  SKYFREIGHT  ,North,South,North-South,Air,660,,Delivered,1389.56,Economy
SHP003209,10-03-2025,11-03-2025,30-12-2024,20-03-2025,RoadRunner,South,Central,South-Central,Road,250,Vehicle Issue,Delivered,360.16,Standard
SHP000306,03-Jun-25,04-Jun-25,08-Jun-25,06-08-2025,MetroLogix,South,North,South-North,Road,130,,Delivered,198.86,Express
SHP005773,10-Apr-25,11-04-2025,18-04-2025,20-Apr-25,RoadRunner,East,Central,East-Central, road ,1630,Weather,Delivered,1747.21,Economy
SHP002038,28-Oct-25,30-10-2025,03-Nov-25,05-11-2025,SwiftShip,North,West,North-West,Air,1980,Vehicle Issue,Delivered,3628.71,Express
SHP002722,31-05-2025,06-01-2025,04-Jun-25,06-03-2025,MetroLogix,East,Central,East-Central,Air,410,,Delivered,887.79,Standard
SHP003691,23-Mar-25,25-Mar-25,04-04-2025,05-04-2025,RoadRunner,West,Central,West-Central,Road,2340,Weather,Delivered,2446.22,Standard
SHP001348,28-07-2025,31-07-2025,08-08-2025,11-08-2025,MetroLogix,South,East,South-East,Road,2180,Customs,Delivered,3114.61,Express
SHP002924,14-08-2025,15-Aug-25,22-08-2025,08/22/2025,ParcelPro,West,East,West-East,Road,1480,,Delivered,1353.33,Economy
SHP004279,07-Jan-25,09-01-2025,01/17/2025,01/21/2025,RoadRunner,East,North,East-North,Road,2120,Capacity Constraint,Delivered,1530.95,Standard
SHP003609,08-10-2025,09-10-2025,11-10-2025,21-Oct-25,ParcelPro,West,East,West-East,Air,790,Vehicle Issue,Delivered,1021.46,Express
SHP006225,12-12-2025,14-Dec-25,18-Dec-25,,ParcelPro,South,Central,South-Central,Air,1280,Vehicle Issue,Cancelled,2248.33,Standard
SHP000230,02-Dec-25,03-Dec-25,13-Dec-25,13-12-2025,RoadRunner,North,West,North-West,Road,2390,,Delivered,2486.94,Economy
SHP001190,18-05-2025,20-05-2025,26-05-2025,25-May-25,SwiftShip,East,North,East-North,Rail,1820,,Delivered,1393.2,Express
SHP004563,08-01-2025,10-Jan-25,13-Jan-25,,MetroLogix,Central,South,Central-South,Road,560,,Cancelled,676.64,Express
SHP003487,31-10-2025,02-11-2025,11-Nov-25,18-Nov-25,ParcelPro,South,North,South-North,Road,2340,Vehicle Issue,Delivered,2602.99,Standard
SHP000927,28-07-2025,30-Jul-25,08-06-2025,,SkyFreight,East,North,East-North,Road,1890,Weather,Cancelled,2020.45,Standard
SHP006284,02-12-2025,13-02-2025,18-Feb-25,20-Feb-25,ParcelPro,Central,West,Unknown-Route,Air,1400,Warehouse Backlog,Delivered,2326.18,Standard
SHP001980,02-12-2025,02/14/2025,18-Feb-25,20-02-2025,ParcelPro,East,South,East-South,Road,220,Vehicle Issue,Delivered,376.29,Economy
SHP002385,28-Sep-25,01-10-2025,10-03-2025,03-Oct-25,RoadRunner,North,East,North-East,Road,120,,Delivered,174.78,Express
SHP000172,15-10-2025,17-Oct-25,10/27/2025,10/28/2025,SkyFreight,South,Central,South-Central,Road,2270,Traffic,Delivered,1621.16,Standard
SHP004647,24-04-2025,25-04-2025,05-01-2025,05-01-2025,SkyFreight,South,East,South-East,Road,1310,,Delivered,1280.67,Economy
SHP005679,03-04-2025,03-07-2025,13-Mar-25,14-03-2025,RoadRunner,East,North,East-North,Air,2340,Customs,Delivered,3746.82,Economy
SHP003480,20-Mar-25,21-03-2025,29-03-2025,,SkyFreight,Central,East,Central-East,Road,1810,,Cancelled,1914.12,Standard
SHP002073,01/17/2025,18-Jan-25,01/20/2025,20-01-2025,ParcelPro,East,West,East-West,Air,1310,,Delivered,2123.68,Standard
SHP005259,15-Aug-25,17-08-2025,22-08-2025,20-Aug-25,RoadRunner,Central,East,Central-East,Road,1150,,Delivered,1624.13,Express
SHP002802,23-02-2025,25-Feb-25,05-Mar-25,06-03-2025,SkyFreight,North,Central,North-Central,Road,1710,Customs,Delivered,2308.29,Standard
SHP005804,09-12-2025,09/14/2025,16-09-2025,09/18/2025,SkyFreight,West,South,West-South,Air,1010,Weather,Delivered,2163.35,Standard
SHP002455,01-11-2025,01/13/2025,22-01-2025,23-Jan-25,SkyFreight,Central,West,Central-West,Road,1880,Customs,Delivered,1324.02,Economy
SHP005816,21-Apr-25,22-04-2025,01-05-2025,04-05-2025,ParcelPro,West,Central,West-Central,Road,2110,Vehicle Issue,Delivered,2529.79,Standard
SHP000179,15-06-2025,06/18/2025,06/22/2025,06/26/2025,MetroLogix,North,West,North-West,Air,2130,Capacity Constraint,Delivered,2487.87,Standard
SHP001440,02/18/2025,02/20/2025,02/23/2025,03-05-2025,RoadRunner,South,North,South-North,Road,250,Capacity Constraint,Delivered,417.21,Standard
SHP000009,02-01-2025,06-Jan-25,15-Jan-25,15-01-2025,MetroLogix,North,West,North-West,Rail,2340,,Delivered,1788.23,Standard
SHP005738,29-06-2025,01-07-2025,07-05-2025,07-03-2025,SkyFreight,Central,North,Central-North,Air,1380,,Delivered,2110.39,Standard
SHP001425,04-09-2025,12-04-2025,16-Apr-25,15-Apr-25,  ROADRUNNER  ,Central,West,Central-West,Air,1930,,Delivered,2877.52,Economy
SHP005365,06-11-2025,11-07-2025,15-11-2025,18-11-2025,SwiftShip,South,Central,South-Central,Road,2030,Vehicle Issue,Delivered,1434.47,Standard
SHP005778,09/18/2025,09/20/2025,09/28/2025,09/28/2025,ParcelPro,North,South,North-South,Road,1450,,Delivered,2055.62,Economy
SHP004502,24-Sep-25,09/25/2025,28-09-2025,30-Sep-25,MetroLogix,South,West,South-West,Air,410,Weather,Delivered,851.69,Economy
SHP003698,06-12-2025,08-12-2025,12-12-2025,,ParcelPro,Central,South,Central-South,Rail,360,Customs,Cancelled,390.83,Economy
SHP004248,04-08-2025,10-04-2025,13-Apr-25,18-Apr-25,MetroLogix,South,North,South-North,Air,1950,Capacity Constraint,Delivered,4331.81,Express
SHP000838,30-10-2025,31-Oct-25,11-03-2025,10-11-2025,ParcelPro,North,East,North-East,Rail,820,Capacity Constraint,Delivered,604.48,Express
SHP005463,05/22/2025,24-May-25,30-05-2025,06-03-2025,ParcelPro,West,East,West-East,Road,1620,Capacity Constraint,Delivered,1780.04,Express
SHP000882,05/20/2025,05/24/2025,01-Jun-25,31-May-25,SkyFreight,Central,West,Central-West,Road,2170,,Delivered,1712.98,Economy
SHP001351,30-11-2025,02-Dec-25,08-Dec-25,08-12-2025,ParcelPro,North,East,North-East,Road,1000,,Delivered,838.56,Standard
SHP003705,07-Aug-25,09-08-2025,12-08-2025,22-Aug-25,MetroLogix,South,West,South-West,Road,350,Traffic,Delivered,318.03,Standard
SHP000228,04-11-2025,11-06-2025,09-Nov-25,13-Nov-25,SwiftShip,North,West,North-West,Air,870,Vehicle Issue,Delivered,2154.78,Economy
SHP005378,23-03-2025,26-03-2025,04-04-2025,07-Apr-25,MetroLogix,West,North,West-North,Road,1670,Capacity Constraint,Delivered,1502.74,Standard
SHP002267,04/20/2025,04/22/2025,25-Apr-25,25-Apr-25,ParcelPro,East,South,East-South,Road,370,,Delivered,489.62,Standard
SHP001325,01-06-2025,09-01-2025,15-Jan-25,,SwiftShip,East,North,East-North,Road,1590,Customs,Delivered,1371.21,Economy
SHP001847,12/26/2025,12/27/2025,12/29/2025,31-12-2025,RoadRunner,Central,South,Central-South,Road,320,Capacity Constraint,Delivered,317.74,Express
SHP000460,06/20/2025,23-Jun-25,07-01-2025,02-Jul-25,MetroLogix,South,North,South-North,Rail,2170,Vehicle Issue,Delivered,1673.77,Standard
SHP006461,11-06-2025,13-06-2025,06/17/2025,19-06-2025,SwiftShip,Central,West,Central-West,Road,1020,Traffic,Delivered,1454.39,Economy
SHP000451,10-05-2025,05-12-2025,16-05-2025,05/16/2025,SwiftShip,North,South,North-South,Road,720,,Delivered,720.48,Standard
SHP001396,09/30/2025,04-10-2025,10-11-2025,11-10-2025,SwiftShip,West,Central,West-Central,Road,1360,,Delivered,1880.44,Economy
SHP001400,22-12-2025,23-Dec-25,25-Dec-25,26-12-2025,MetroLogix,North,Central,North-Central,Air,570,Warehouse Backlog,Delivered,971.93,Economy
SHP005842,29-Oct-25,31-10-2025,05-11-2025,11-06-2025,ParcelPro,East,West,East-West,Air,1430,Vehicle Issue,Delivered,2948.25,Economy
SHP005599,05/29/2025,05/31/2025,09-06-2025,06-08-2025,SkyFreight,South,Central,South-Central,Road,2180,,Delivered,2147.44,Express
SHP004942,07-Apr-25,08-04-2025,14-04-2025,21-Apr-25,ParcelPro,South,North,South-North,Road,1220,Capacity Constraint,Delivered,1595.69,Express
SHP002992,03-Sep-25,09-05-2025,12-Sep-25,09/14/2025,MetroLogix,Central,West,Central-West,Road,1120,Customs,Delivered,1139.8,Economy
SHP002035,02/15/2025,17-Feb-25,20-02-2025,,SwiftShip,West,Central,West-Central,Air,990,Warehouse Backlog,Cancelled,1405.41,Express
SHP001200,06-05-2025,05-07-2025,09-May-25,13-05-2025,MetroLogix,Central,South,Central-South,Road,150,Traffic,Delivered,256.83,Express
SHP002797,06-05-2025,07-06-2025,06-11-2025,12-06-2025,RoadRunner,South,Central,South-Central,Air,2370,Warehouse Backlog,Delivered,5019.02,Economy
SHP004707,11/25/2025,26-11-2025,11/28/2025,01-12-2025,SkyFreight,West,East,West-East,Road,240,Vehicle Issue,Delivered,261.09,Economy
SHP003187,08/27/2025,29-08-2025,09-06-2025,13-09-2025,MetroLogix,Central,North,Central-North,Rail,1920,Warehouse Backlog,Delivered,1611.27,Express
SHP000993,25-Jun-25,06/26/2025,04-07-2025,07-04-2025,SkyFreight,Central,West,Central-West,Rail,2050,,Delivered,1253.56,Standard
SHP000849,23-12-2025,24-Dec-25,12/31/2025,03-01-2026,MetroLogix,East,West,East-West,Rail,1810,Customs,Delivered,1983.14,Economy
SHP001834,07/18/2025,07/19/2025,07/26/2025,,ParcelPro,North,South,North-South,Road,1280,Vehicle Issue,In Transit,1611.39,Standard
SHP004462,07/17/2025,18-Jul-25,28-Jul-25,07/31/2025,SkyFreight,West,South,West-South,Road,2400,Warehouse Backlog,Delivered,2471.82,Economy
SHP003955,20-Aug-25,08/23/2025,08/28/2025,29-08-2025,SwiftShip,East,Central,East-Central,Road,690,Warehouse Backlog,Delivered,1007.46,Standard
SHP001172,02-05-2025,05-03-2025,10-05-2025,10-May-25,SkyFreight,East,North,East-North,Rail,2070,,Delivered,2145.83,Express
SHP001533,03/29/2025,30-03-2025,03-Apr-25,03-Apr-25,SwiftShip,Central,East,Central-East,Air,2150,,Delivered,4186.4,Economy
SHP001323,06/18/2025,21-Jun-25,27-06-2025,29-06-2025,RoadRunner,Central,North,Central-North,Rail,2190,Customs,Delivered,1870.46,Standard
SHP003069,01/13/2025,15-Jan-25,01/17/2025,17-Jan-25,MetroLogix,North,West,North-West,Air,230,,Delivered,579.49,Express
SHP004020,04-Sep-25,06-Sep-25,08-09-2025,06-09-2025,MetroLogix,South,North,South-North,Road,370,,Delivered,530.1,Express
SHP000695,23-03-2025,24-Mar-25,03/29/2025,03/31/2025,SkyFreight,East,Central,East-Central,Road,710,Customs,Delivered,1042.67,Standard
SHP002277,07-04-2025,06-Jul-25,15-07-2025,07/15/2025,RoadRunner,North,West,North-West,Road,1920,,Delivered,2152.31,Standard
SHP006405,12/27/2025,30-Dec-25,07-01-2026,01-10-2026,ParcelPro,Central,South,Central-South,Road,1800,Customs,Delivered,1522.03,Standard
SHP001760,09-04-2025,09-06-2025,09-09-2025,10-09-2025,  PARCELPRO  ,Central,South,Central-South,Rail,290,Customs,Delivered,289.34,Standard
SHP003671,06-01-2025,01-07-2025,12-01-2025,12-Jan-25,ParcelPro,East,West,East-West,Air,2170,,Delivered,4333.13,Standard
SHP000580,18-Feb-25,21-02-2025,02/28/2025,03-03-2025,SkyFreight,West,Central,West-Central,Rail,1910,Vehicle Issue,Delivered,1511.27,Economy
SHP005692,15-Dec-25,17-Dec-25,21-12-2025,12/25/2025,SwiftShip,North,Central,North-Central,Rail,830,Capacity Constraint,Delivered,971.96,Express
SHP001465,04-07-2025,10-Apr-25,04/17/2025,04/27/2025,MetroLogix,South,West,South-West,Rail,1660,Customs,Delivered,1471.53,Express
SHP005420,11-12-2025,14-11-2025,17-Nov-25,16-11-2025,MetroLogix,East,South,East-South,Road,330,,Delivered,513.59,Standard
SHP006088,06-08-2025,06-10-2025,17-Jun-25,,MetroLogix,East,South,East-South,Road,1710,Warehouse Backlog,Cancelled,1206.57,Economy
SHP002381,04-01-2025,04-05-2025,04/16/2025,04/16/2025,SkyFreight,South,West,South-West,Road,2340,,Delivered,2417.19,Express
SHP002230,07-05-2025,07-07-2025,16-07-2025,17-07-2025,MetroLogix,South,West,South-West,Road,2300,Capacity Constraint,Delivered,1771.43,Standard
SHP003030,05-Feb-25,08-Feb-25,02/13/2025,15-02-2025,RoadRunner,East,North,East-North,Rail,860,Warehouse Backlog,Delivered,578.74,Express
SHP002185,12-01-2025,15-Jan-25,21-Jan-25,21-01-2025,SwiftShip,South,North,South-North,Road,930,,Delivered,1330.93,Economy
SHP003269,11-May-25,12-05-2025,05/20/2025,21-May-25,RoadRunner,North,East,North-East,Road,1750,Customs,Delivered,1262.61,Economy
SHP000859,28-Nov-25,30-11-2025,04-12-2025,02-12-2025,SwiftShip,North,Central,North-Central,Road,170,,Delivered,221.99,Express
SHP003630,09-Apr-25,11-Apr-25,04/18/2025,04/17/2025,MetroLogix,Central,North,Central-North,Rail,2290,,Delivered,1452.13,Express
SHP000974,16-11-2025,11/18/2025,11/27/2025,11/26/2025,SwiftShip,East,South,East-South,Road,2200,,Delivered,1715.07,Express
SHP005902,06-10-2025,12-06-2025,19-06-2025,18-06-2025,SkyFreight,South,East,South-East,Road,1790,,Delivered,1952.58,Economy
SHP005026,11-02-2025,05-Nov-25,11-10-2025,09-Nov-25,ParcelPro,West,Central,West-Central,Road,1010,,Delivered,898.75,Standard
SHP003549,10-Feb-25,12-Feb-25,20-Feb-25,20-Feb-25,SkyFreight,Central,West,Central-West,Road,1770,,Delivered,2034.17,Standard
SHP002801,23-Jul-25,07/25/2025,31-Jul-25,07-Aug-25,SkyFreight,West,Central,West-Central,Road,1590,Capacity Constraint,Delivered,1683.12,Standard
SHP000456,11/17/2025,18-11-2025,27-Nov-25,25-11-2025,ParcelPro,East,Central,East-Central,Road,2300,,Delivered,1738.63,Standard
SHP006397,04-03-2025,06-03-2025,11-03-2025,03/16/2025,MetroLogix,Central,West,Central-West,Rail,1240,Vehicle Issue,Delivered,1108.72,Standard
SHP001037,04-Nov-25,11-06-2025,09-11-2025,09-11-2025,MetroLogix,South,East,South-East,Road,620,,Delivered,555.64,Standard
SHP002005,11/23/2025,26-Nov-25,02-12-2025,05-Dec-25,SkyFreight,North,Central,North-Central,Road,1120,Warehouse Backlog,Delivered,1381.75,Standard
SHP006391,05/23/2025,25-05-2025,05/30/2025,04-06-2025,ParcelPro,North,West,North-West,Road,830,Capacity Constraint,Delivered,842.11,Economy
SHP004005,04-Nov-25,11-07-2025,11-11-2025,11/15/2025,MetroLogix,Central,East,Central-East,Air,1530,Customs,Delivered,2774.24,Standard
SHP006009,16-11-2025,19-11-2025,22-Nov-25,11/27/2025,RoadRunner,Central,North,Central-North,Road,580,Vehicle Issue,Delivered,852.21,Express
SHP005352,17-02-2025,20-Feb-25,02/28/2025,,MetroLogix,Central,North,Central-North,Road,2030,,Cancelled,1875.15,Express
SHP000087,17-Mar-25,03/18/2025,23-Mar-25,03/21/2025,ParcelPro,West,South,West-South,Road,510,,Delivered,710.08,Economy
SHP000875,08-10-2025,10-12-2025,18-10-2025,21-10-2025,SwiftShip,East,West,East-West,Road,1480,Traffic,Delivered,1811.59,Economy
SHP001271,29-09-2025,10-01-2025,06-10-2025,06-Oct-25,ParcelPro,Central,East,Central-East,Air,1880,,Delivered,"$4,363.84",Express
SHP000704,01-10-2025,01-12-2025,16-01-2025,01/20/2025,SkyFreight,East,Central,East-Central,Air,1220,Vehicle Issue,Delivered,1985.31,Standard
SHP004061,09/15/2025,16-09-2025,25-Sep-25,30-09-2025,SkyFreight,Central,West,Central-West,Road,2070,Vehicle Issue,Delivered,2182.68,Express
SHP003999,15-09-2025,09/18/2025,09/22/2025,09/22/2025,SkyFreight,Central,North,Central-North,Road,920,,Delivered,1377.33,Express
SHP001365,06/16/2025,19-06-2025,23-06-2025,06/23/2025,RoadRunner,South,West,South-West,Road,610,,Delivered,494.46,Economy
SHP001288,17-Jun-25,20-06-2025,27-Jun-25,06/25/2025,MetroLogix,North,West,North-West,Rail,1520,,Delivered,1609.75,Economy
SHP003378,12-04-2025,06-12-2025,11-Dec-25,21-Dec-25,SwiftShip,South,North,South-North,Road,1220,Traffic,Delivered,1662.21,Economy
SHP003190,09/24/2025,26-09-2025,05-10-2025,05-Oct-25,  SKYFREIGHT  ,North,East,Unknown-Route,Road,1910,,Delivered,2341.15,Express
SHP000360,09-Apr-25,04-11-2025,04/13/2025,18-04-2025,SkyFreight,Central,North,Central-North,Air,810,Weather,Delivered,1545.35,Standard
SHP000286,24-Sep-25,26-Sep-25,28-Sep-25,09/27/2025,ParcelPro,Central,East,Central-East,Air,1240,,Delivered,1768.09,Economy
SHP004548,12-10-2025,10/14/2025,18-Oct-25,19-10-2025,SwiftShip,East,Central,East-Central,Road,900,Customs,Undelivered,1193.67,Express
SHP006342,23-May-25,05/26/2025,05/31/2025,01-06-2025,ParcelPro,North,South,North-South,Road,1060,Vehicle Issue,Delivered,1433.62,Standard
SHP003971,09-04-2025,11-04-2025,14-Apr-25,15-04-2025,ParcelPro,Central,West,Central-West,Air,650,Warehouse Backlog,Delivered,1003.6,Express
SHP003574,03-11-2025,04-Nov-25,13-Nov-25,13-11-2025,SwiftShip,East,Central,East-Central,Rail,2330,,Delivered,1378.68,Economy
SHP006037,04-Dec-25,07-12-2025,12-Dec-25,16-Dec-25,SkyFreight,Central,South,Central-South,Air,1770,Traffic,Delivered,3161.19,Economy
SHP002411,05-08-2025,05-09-2025,12-05-2025,05/19/2025,RoadRunner,East,North,East-North,Air,290,Weather,Delivered,418.89,Express
SHP001175,07/26/2025,29-Jul-25,06-Aug-25,06-Aug-25,ParcelPro,South,North,South-North,Road,1660,,Delivered,2266.64,Express
SHP005990,15-May-25,05/17/2025,21-05-2025,22-05-2025,RoadRunner,Central,East,Central-East,Road,990,Warehouse Backlog,Delivered,838.82,Standard
SHP004129,28-09-2025,30-09-2025,10-08-2025,09-Oct-25,RoadRunner,Central,North,Central-North,Road,1940,Customs,Delivered,1596.21,Standard
SHP000514,06-09-2025,10-06-2025,06/14/2025,16-06-2025,SkyFreight,East,West,East-West,Road,180,Traffic,Delivered,270.93,Economy
SHP004800,18-05-2025,21-05-2025,05/25/2025,27-05-2025,ParcelPro,North,South,North-South,Rail,490,Capacity Constraint,Delivered,499.31,Economy
SHP002517,02-07-2025,09-Feb-25,14-Feb-25,12-02-2025,MetroLogix,East,South,East-South,Rail,730,,Delivered,555.59,Economy
SHP000961,11-08-2025,11-11-2025,16-11-2025,15-11-2025,SkyFreight,Central,North,Central-North,Road,560,,Delivered,482.17,Express
SHP004586,28-Mar-25,03/29/2025,04-02-2025,04-06-2025,SkyFreight,Central,South,Central-South,Air,1260,Weather,Delivered,3022.56,Express
SHP005302,21-May-25,05/22/2025,28-05-2025,28-05-2025,ParcelPro,Central,North,Central-North,Road,1230,,Delivered,1196.45,Economy
SHP001887,25-Oct-25,26-Oct-25,02-Nov-25,,ParcelPro,West,South,West-South,Road,1700,Warehouse Backlog,Cancelled,1330.6,Express
SHP002052,20-10-2025,24-Oct-25,26-Oct-25,26-10-2025,SkyFreight,East,Central,East-Central,Road,160,,Delivered,259.92,Express
SHP004151,28-Jul-25,07/31/2025,08-08-2025,08-Aug-25,SkyFreight,North,South,North-South,Road,1440,,Delivered,1890.93,Standard
SHP002757,04-May-25,06-05-2025,09-05-2025,,MetroLogix,West,Central,West-Central,Road,170,Customs,Cancelled,269.42,Economy
SHP005740,02-09-2025,02-12-2025,20-Feb-25,,SkyFreight,East,South,East-South,Road,2060,,In Transit,2884.93,Express
SHP003116,01-01-2025,02-Jan-25,01-04-2025,01-04-2025,ParcelPro,West,North,West-North,Rail,170,,Delivered,238.41,Standard
SHP004416,23-10-2025,26-10-2025,04-11-2025,11/14/2025,RoadRunner,South,West,South-West,Road,2290,Traffic,Delivered,1628.66,Economy
SHP002817,11/21/2025,11/22/2025,30-11-2025,02-12-2025,RoadRunner,East,South,East-South,Road,1660,Weather,Delivered,1944.09,Standard
SHP003297,28-Sep-25,09/29/2025,10-04-2025,04-Oct-25,ParcelPro,South,West,South-West,Road,740,,Delivered,827.77,Standard
SHP000315,21-Jan-25,23-Jan-25,27-01-2025,01/26/2025,MetroLogix,South,North,South-North,Air,600,,Delivered,1416.76,Standard
SHP006042,10/14/2025,17-10-2025,19-Oct-25,24-Oct-25,ParcelPro,South,North,South-North,Air,970,Vehicle Issue,Delivered,1666.9,Express
SHP002076,20-Dec-25,21-12-2025,12/25/2025,25-Dec-25,MetroLogix,South,North,South-North,Road,830,,Delivered,1047.13,Standard
SHP004440,05-06-2025,06-07-2025,13-Jun-25,06-11-2025,SkyFreight,West,South,West-South,Road,1630,,Delivered,1827.42,Express
SHP003503,19-Aug-25,08/21/2025,28-Aug-25,28-08-2025,MetroLogix,Central,West,Central-West,Road,1910,,Delivered,2251.26,Economy
SHP002725,10-02-2025,10-05-2025,30-12-2024,10-10-2025,SkyFreight,East,Central,East-Central,Road,570,,Delivered,686.85,Standard
SHP001679,07/20/2025,23-07-2025,03-08-2025,05-Aug-25,ParcelPro,Central,North,Central-North,Road,2320,Weather,Delivered,3165.9,Economy
SHP002439,02-Dec-25,12-04-2025,12-11-2025,11-Dec-25,ParcelPro,North,East,North-East,Road,1550,,Delivered,2044.24,Express
SHP004654,09-Nov-25,11-12-2025,11/16/2025,,  ROADRUNNER  ,North,Central,North-Central,Road,810,,In Transit,725.88,Express
SHP001711,05-09-2025,11-May-25,16-05-2025,15-05-2025,MetroLogix,South,Central,South-Central,Road,1350,,Delivered,970.53,Express
SHP002159,12-Aug-25,15-Aug-25,19-08-2025,19-Aug-25,SwiftShip,West,South,West-South,Road,590,,Delivered,820.17,Express
SHP001312,07/27/2025,28-Jul-25,31-07-2025,29-Jul-25,SkyFreight,Central,North,Central-North,Road,330,,Delivered,316.17,Express
SHP002822,06/30/2025,02-07-2025,07-07-2025,05-07-2025,ParcelPro,West,Central,West-Central,Air,1920,,Delivered,2367.09,Economy
SHP003568,27-03-2025,30-03-2025,07-Apr-25,04-12-2025,ParcelPro,Central,East,Central-East,Rail,2100,Warehouse Backlog,Delivered,1644.07,Economy
SHP001699,01-04-2025,05-Jan-25,01-12-2025,15-01-2025,MetroLogix,South,West,South-West,Road,1680,Warehouse Backlog,Delivered,1396.33,Express
SHP000789,26-07-2025,07/28/2025,06-Aug-25,16-Aug-25,SkyFreight,South,North,South-North,Road,2350,Customs,Delivered,1921.13,Economy
SHP001299,07/30/2025,01-Aug-25,04-Aug-25,04-08-2025,MetroLogix,North,Central,North-Central,Rail,990,,Delivered,1169.48,Standard
SHP002788,25-11-2025,27-11-2025,03-12-2025,05-12-2025,SkyFreight,South,North,South-North,Rail,1690,Capacity Constraint,Delivered,1087.71,Standard
SHP003199,07-Jul-25,09-Jul-25,12-07-2025,13-07-2025,RoadRunner,Central,West,Central-West,Rail,420,Traffic,Delivered,372.89,Economy
SHP003482,06/27/2025,06/29/2025,08-Jul-25,07/18/2025,RoadRunner,North,East,North-East,Road,2110,Customs,Delivered,2075.95,Express
SHP003988,07/18/2025,19-07-2025,24-Jul-25,,RoadRunner,Central,South,Central-South,Air,2100,,In Transit,4141.33,Standard
SHP002993,29-01-2025,01/31/2025,04-02-2025,05-Feb-25,MetroLogix,West,East,West-East,Road,930,Vehicle Issue,Delivered,719.81,Economy
SHP000946,19-Dec-25,21-Dec-25,12/26/2025,25-Dec-25,ParcelPro,North,South,North-South,Air,1600,,Delivered,2361.94,Standard
SHP004902,03/18/2025,03/19/2025,21-Mar-25,03/21/2025,SwiftShip,East,West,East-West,Road,170,,Delivered,258.93,Standard
SHP005666,02/15/2025,17-Feb-25,02/22/2025,24-Feb-25,RoadRunner,Central,East,Central-East,Road,670,Weather,Delivered,1017.06,Express
SHP004689,08-12-2025,12-10-2025,13-12-2025,,SwiftShip,South,Central,South-Central,Road,330,,In Transit,392.08,Standard
SHP003206,04/26/2025,04/27/2025,01-May-25,06-May-25,SkyFreight,Central,West,Central-West,Road,930,Traffic,Delivered,903.71,Economy
SHP005543,23-Jan-25,27-01-2025,01-Feb-25,,SkyFreight,Central,North,Central-North,Rail,1250,,Cancelled,953.56,Economy
SHP005619,17-05-2025,19-05-2025,23-May-25,22-May-25,SwiftShip,East,West,East-West,Air,180,,Delivered,495.49,Standard
SHP000390,27-Jul-25,28-07-2025,03-08-2025,08-05-2025,MetroLogix,Central,South,Central-South,Road,1600,Weather,Delivered,2218.61,Economy
SHP003814,14-Mar-25,16-03-2025,03/24/2025,22-03-2025,SkyFreight,South,North,South-North,Road,2170,,Delivered,1510.07,Express
SHP001561,29-10-2025,10/31/2025,11-02-2025,01-Nov-25,MetroLogix,Central,South,Central-South,Air,660,,Delivered,1090.46,Economy
SHP001438,04-12-2025,14-04-2025,18-04-2025,04/18/2025,SwiftShip,North,East,North-East,Rail,120,,Delivered,184.66,Express
SHP004852,10-06-2025,08-Oct-25,10/14/2025,21-Oct-25,SwiftShip,West,South,West-South,Road,850,Warehouse Backlog,Delivered,825.64,Economy
SHP000676,18-Oct-25,10/20/2025,28-Oct-25,11-07-2025,MetroLogix,North,West,North-West,Road,2050,Customs,Delivered,2552.28,Express
SHP005731,19-Oct-25,20-Oct-25,30-10-2025,04-Nov-25,MetroLogix,East,North,East-North,Road,2340,Traffic,Delivered,3260.57,Express
SHP005246,19-09-2025,21-Sep-25,09/26/2025,28-Sep-25,MetroLogix,Central,West,Central-West,Road,1070,Weather,Delivered,1306.32,Standard
SHP001123,04-12-2025,04/14/2025,22-04-2025,22-04-2025,SkyFreight,South,East,South-East,Road,1540,,Delivered,1262.45,Express
SHP005197,19-04-2025,20-04-2025,04/27/2025,30-04-2025,MetroLogix,North,South,North-South,Rail,2160,Capacity Constraint,Delivered,1190.87,Economy
SHP000378,18-Apr-25,20-04-2025,04/22/2025,21-Apr-25,RoadRunner,North,East,North-East,Air,410,,Delivered,1038.75,Economy
SHP002269,12/19/2025,12/21/2025,24-12-2025,03-01-2026,MetroLogix,North,East,North-East,Air,540,Weather,Delivered,873.44,Economy
SHP001065,13-09-2025,15-Sep-25,20-09-2025,18-Sep-25,SwiftShip,West,North,West-North,Road,530,,Delivered,763.36,Express
SHP004120,07/20/2025,22-07-2025,27-07-2025,01-Aug-25,ParcelPro,South,East,South-East,Road,1320,Traffic,Delivered,976.17,Standard
SHP001198,17-06-2025,18-Jun-25,22-06-2025,06/26/2025,SwiftShip,West,South,West-South,Road,660,Weather,Delivered,784.93,Economy
SHP000180,08-08-2025,09-08-2025,08/17/2025,15-Aug-25,ParcelPro,West,South,West-South,Rail,2360,,Delivered,2534.31,Economy
SHP004199,01-02-2025,05-01-2025,14-Jan-25,01/21/2025,RoadRunner,Central,North,Central-North,Road,2140,Capacity Constraint,Delivered,1588.77,Economy
SHP003072,03/18/2025,20-03-2025,03/25/2025,03/24/2025,SwiftShip,South,Central,South-Central,Air,1420,,Delivered,2205.39,Economy
SHP002309,07/18/2025,20-07-2025,28-Jul-25,07/28/2025,ParcelPro,East,Central,East-Central,Road,1910,,Delivered,2345.53,Express
SHP003772,11/29/2025,30-11-2025,04-12-2025,12-07-2025,SwiftShip,South,West,South-West,Air,1240,Vehicle Issue,Delivered,1980.75,Standard
SHP003022,03-Jan-25,01-05-2025,13-01-2025,01/13/2025,SwiftShip,Central,South,Central-South,Road,1660,,Delivered,1749.64,Economy
SHP005233,07-03-2025,10-03-2025,13-Mar-25,23-03-2025,SkyFreight,Central,South,Central-South,Rail,760,Traffic,Delivered,827.73,Economy
SHP000844,21-01-2025,23-01-2025,26-Jan-25,28-01-2025,MetroLogix,South,Central,South-Central,Air,210,Capacity Constraint,Delivered,379.89,Express
SHP004379,10-04-2025,13-Apr-25,04/18/2025,16-04-2025,ParcelPro,North,West,North-West,Road,1120,,Delivered,1353.88,Standard
SHP003932,07/21/2025,07/24/2025,08-03-2025,08-03-2025,MetroLogix,Central,North,Central-North,Road,2090,,Delivered,2022.95,Standard
SHP002920,13-Nov-25,11/14/2025,18-11-2025,25-11-2025,RoadRunner,Central,East,Central-East,Air,2230,Warehouse Backlog,Delivered,3528.96,Economy
SHP005970,10-04-2025,05-10-2025,14-10-2025,13-10-2025,ParcelPro,South,North,South-North,Road,2140,,Delivered,1930.45,Standard
SHP003096,09-Aug-25,11-Aug-25,19-Aug-25,20-08-2025,SwiftShip,South,West,South-West,Road,2000,Weather,Delivered,2157.4,Economy
SHP001256,05/27/2025,05/29/2025,04-06-2025,06-06-2025,RoadRunner,South,North,South-North,Road,1610,Warehouse Backlog,Delivered,1820.77,Standard
SHP003164,04-11-2025,11-06-2025,11-10-2025,11-11-2025,SwiftShip,East,South,East-South,Road,710,Warehouse Backlog,Undelivered,992.98,Economy
SHP002580,11-01-2025,02-Nov-25,07-Nov-25,11-09-2025,RoadRunner,East,West,East-West,Road,930,Vehicle Issue,Delivered,892.86,Standard
SHP001119,07/21/2025,07/23/2025,07/29/2025,01-08-2025,RoadRunner,West,East,West-East,Road,1460,Weather,Delivered,2111.91,Standard
SHP005597,03/27/2025,03/29/2025,05-Apr-25,15-04-2025,MetroLogix,North,South,North-South,Road,1680,Weather,Delivered,2063.84,Standard
SHP000576,30-Dec-25,01-Jan-26,03-01-2026,02-Jan-26,SkyFreight,West,North,West-North,Air,860,,Delivered,1050.31,Economy
SHP003922,07-05-2025,08-May-25,11-May-25,,SwiftShip,North,Central,North-Central,Road,390,,Cancelled,582.81,Economy
SHP006269,09-Apr-25,12-Apr-25,14-Apr-25,13-04-2025,RoadRunner,North,South,North-South,Air,440,,Delivered,763.1,Express
SHP003583,19-Mar-25,21-03-2025,24-Mar-25,27-03-2025,RoadRunner,South,West,South-West,Road,680,Weather,Delivered,1033,Express
SHP006407,09-08-2025,11-09-2025,16-Sep-25,18-Sep-25,RoadRunner,North,South,North-South,Road,460,Warehouse Backlog,Delivered,626.4,Economy
SHP003767,19-01-2025,01/22/2025,01-02-2025,30-01-2025,MetroLogix,West,South,West-South,Road,2070,,Delivered,2978.65,Standard
SHP000377,12/25/2025,26-Dec-25,30-Dec-25,01-03-2026,RoadRunner,West,East,West-East,Rail,490,Customs,Delivered,406.64,Standard
SHP004632,04-05-2025,04-07-2025,09-04-2025,04-12-2025,RoadRunner,South,Central,South-Central,Air,470,Vehicle Issue,Delivered,791.84,Standard
SHP006446,06-05-2025,05-07-2025,05/13/2025,20-May-25,SkyFreight,West,North,West-North,Road,1470,Traffic,Delivered,1780.34,Express
SHP000832,24-May-25,05/26/2025,29-May-25,05/29/2025,RoadRunner,Central,North,Central-North,Rail,590,,Delivered,618.05,Express
SHP003532,15-Dec-25,12/16/2025,21-12-2025,24-12-2025,SwiftShip,South,North,South-North,Air,1370,Capacity Constraint,Delivered,1906.03,Economy
SHP001658,23-Sep-25,24-Sep-25,27-Sep-25,07-10-2025,RoadRunner,South,North,South-North,Air,1630,Weather,Delivered,3576.29,Economy
SHP001979,05-Aug-25,07-08-2025,10-08-2025,09-Aug-25,RoadRunner,South,North,South-North,Air,540,,Delivered,864.27,Express
SHP004943,12-12-2025,14-Dec-25,19-Dec-25,19-12-2025,ParcelPro,Central,North,Central-North,Air,2340,,Delivered,4519.78,Standard
SHP001856,06-03-2025,05-06-2025,09-Jun-25,06-10-2025,ParcelPro,South,Central,South-Central,Air,1770,Warehouse Backlog,Delivered,2477.5,Express
SHP005836,29-Jan-25,30-Jan-25,02-02-2025,01-Feb-25,MetroLogix,North,West,North-West,Air,2150,,Delivered,3819.22,Express
SHP003342,12-08-2025,08/13/2025,08/19/2025,21-Aug-25,SwiftShip,Central,South,Central-South,Rail,1500,Traffic,Delivered,1368.74,Standard
SHP000863,07-May-25,09-05-2025,,10-May-25,ParcelPro,West,Central,West-Central,Air,220,,Delivered,531.59,Standard
SHP000076,27-Oct-25,29-Oct-25,05-11-2025,12-Nov-25,MetroLogix,North,Central,North-Central,Road,1280,Capacity Constraint,Delivered,1764.6,Express
SHP002804,20-07-2025,07/22/2025,07/27/2025,01-Aug-25,SkyFreight,South,West,South-West,Rail,1400,Weather,Delivered,1383.77,Express
SHP001592,07/30/2025,01-08-2025,08-08-2025,10-Aug-25,SkyFreight,South,West,South-West,Road,1520,Traffic,Undelivered,1644.41,Standard
SHP005733,16-11-2025,11/17/2025,25-11-2025,27-11-2025,MetroLogix,West,North,West-North,Road,1610,Weather,Delivered,1549.56,Standard
SHP004668,06-04-2025,06-06-2025,10-Jun-25,08-Jun-25,ParcelPro,East,Central,East-Central,Road,880,,Delivered,1098.35,Express
SHP002102,11/30/2025,01-12-2025,09-12-2025,09-12-2025,SkyFreight,South,North,South-North,Road,1390,,Delivered,1928.46,Standard
SHP006318,16-Jun-25,18-06-2025,06/24/2025,01-Jul-25,RoadRunner,West,North,West-North,Rail,1060,Weather,Delivered,914.36,Express
SHP005015,12-01-2025,02-Dec-25,12-09-2025,11-12-2025,SwiftShip,West,Central,West-Central,Road,1340,Vehicle Issue,Delivered,1779.3,Economy
SHP002558,25-Apr-25,27-Apr-25,06-May-25,05-08-2025,SkyFreight,North,Central,North-Central,Road,1970,Capacity Constraint,Delivered,1500.77,Economy
SHP004910,05-07-2025,07-Jul-25,07/15/2025,15-Jul-25,SkyFreight,Central,North,Central-North,Road,1710,,Delivered,2041.24,Express
SHP001398,03-Jun-25,07-06-2025,06-10-2025,11-06-2025,SkyFreight,South,Central,South-Central,Road,140,Customs,Delivered,271.27,Standard
SHP004493,09-06-2025,06-11-2025,21-06-2025,06/21/2025,SwiftShip,Central,West,Central-West,Road,2360,,Delivered,1987.29,Economy
SHP002375,07-12-2025,08-Dec-25,12-12-2025,16-12-2025,RoadRunner,East,South,East-South,Rail,900,Warehouse Backlog,Delivered,929.87,Economy
SHP005877,04/25/2025,27-04-2025,01-05-2025,,ParcelPro,East,Central,East-Central,Road,870,Weather,In Transit,1052.11,Economy
SHP002646,05-02-2025,04-May-25,05/14/2025,16-05-2025,RoadRunner,South,Central,South-Central,Road,2280,Traffic,Delivered,3190.62,Standard
SHP000127,20-04-2025,21-04-2025,23-04-2025,24-Apr-25,MetroLogix,Central,North,Central-North,Air,470,Capacity Constraint,Delivered,744.58,Express
SHP005826,31-Oct-25,03-11-2025,09-Nov-25,11-08-2025,SkyFreight,West,South,West-South,Road,1040,,Delivered,1054.46,Standard
SHP002835,21-12-2025,24-12-2025,30-12-2025,31-12-2025,ParcelPro,East,West,East-West,Rail,1030,Weather,Delivered,1025.58,Express
SHP003319,02/19/2025,02/21/2025,01-03-2025,03-04-2025,RoadRunner,West,North,West-North,Road,2130,Warehouse Backlog,Delivered,2572.78,Express
SHP001588,04-09-2025,09-05-2025,09-10-2025,,SwiftShip,East,Central,East-Central,Road,460,,In Transit,670.84,Economy
SHP000864,12-06-2025,12-08-2025,11-12-2025,10-Dec-25,MetroLogix,Central,South,Central-South, air ,840,,Delivered,1474.79,Express
SHP003264,12-Jul-25,07/13/2025,19-07-2025,07/23/2025,  METROLOGIX  ,East,Central,East-Central,Road,1060,Customs,Delivered,958.12,Standard
SHP005158,20-Feb-25,02/21/2025,03-03-2025,03-10-2025,RoadRunner,South,East,South-East,Road,2130,Warehouse Backlog,Delivered,2111.26,Express
SHP001003,18-05-2025,19-May-25,22-May-25,29-May-25,RoadRunner,East,Central,East-Central,Air,1390,Warehouse Backlog,Delivered,1853.14,Standard
SHP005107,25-01-2025,27-Jan-25,31-01-2025,31-01-2025,MetroLogix,South,Central,South-Central,Road,490,,Delivered,736.62,Standard
SHP002889,01-02-2025,06-01-2025,01-10-2025,08-Jan-25,ParcelPro,South,Central,South-Central,Air,1620,,Delivered,3856.61,Express
SHP001818,08-08-2025,10-08-2025,14-08-2025,,SkyFreight,East,South,East-South,Rail,780,Warehouse Backlog,In Transit,787.47,Express
SHP006041,03-10-2025,12-Mar-25,20-03-2025,18-03-2025,SkyFreight,Central,South,Central-South,Rail,2110,,Delivered,1181.23,Standard
SHP005622,05-Apr-25,08-04-2025,04-12-2025,04-12-2025,SwiftShip,West,North,West-North,Rail,260,,Delivered,291.9,Express
SHP001478,02/18/2025,20-02-2025,24-02-2025,03-03-2025,RoadRunner,South,North,South-North,Air,1700,Customs,Delivered,3370.03,Express
SHP006385,10-04-2025,05-10-2025,09-10-2025,08-Oct-25,SwiftShip,South,East,South-East,Road,930,,Delivered,848.53,Economy
SHP001462,19-09-2025,21-09-2025,27-09-2025,09/27/2025,MetroLogix,East,South,East-South,Road,1390,,Delivered,1152.24,Express
SHP004413,02-02-2025,02-04-2025,02-12-2025,19-02-2025,  ROADRUNNER  ,North,Central,North-Central,Rail,2250,Weather,Delivered,2402.72,Economy
SHP002700,09-03-2025,05-Sep-25,08-Sep-25,09-Sep-25,MetroLogix,West,Central,West-Central,Air,560,Customs,Delivered,1120.93,Standard
SHP003511,16-Jan-25,01/18/2025,01/22/2025,01/24/2025,MetroLogix,North,Central,North-Central,Rail,1150,Customs,Delivered,735.38,Standard
SHP005933,23-01-2025,24-01-2025,28-Jan-25,26-Jan-25,ParcelPro,East,North,East-North,Road,570,,Delivered,874.11,Express
SHP005019,27-10-2025,28-Oct-25,11-01-2025,03-11-2025,SkyFreight,North,Central,North-Central,Road,240,Capacity Constraint,Delivered,341.17,Standard
SHP001322,02-06-2025,08-02-2025,02/17/2025,20-02-2025,MetroLogix,Central,South,Central-South,Road,1810,Vehicle Issue,Delivered,2134.35,Standard
SHP006099,26-11-2025,27-Nov-25,01-Dec-25,01-12-2025,RoadRunner,Central,North,Central-North,Road,910,,Delivered,1185.21,Economy
SHP004735,12-Oct-25,10/14/2025,20-10-2025,10/18/2025,SkyFreight,South,North,South-North,Road,980,,Delivered,730.87,Economy
SHP003308,29-06-2025,07-02-2025,05-07-2025,06-Jul-25,ParcelPro,Central,North,Central-North,Air,1060,Capacity Constraint,Delivered,1556.19,Express
SHP005165,12-11-2025,14-11-2025,19-11-2025,,SwiftShip,West,East,West-East,Road,1250,Traffic,Cancelled,1496.15,Express
SHP004368,12-10-2025,14-10-2025,10/17/2025,,SwiftShip,Central,North,Central-North,Road,380,Capacity Constraint,Cancelled,536.78,Express
SHP006423,02-Feb-25,04-Feb-25,08-Feb-25,12-Feb-25,MetroLogix,North,West,North-West, air ,1540,Warehouse Backlog,Delivered,2699.53,Express
SHP000285,07/19/2025,07/23/2025,31-Jul-25,29-Jul-25,ParcelPro,East,West,East-West,Road,1650,,Delivered,1209.22,Economy
SHP003202,07/24/2025,28-Jul-25,01-08-2025,08-01-2025,ParcelPro,South,East,South-East,Air,"1,830 km",,Delivered,3099.31,Standard
SHP000878,18-07-2025,22-Jul-25,07/26/2025,24-07-2025,SwiftShip,West,South,West-South,Road,880,,Delivered,1313.74,Standard
SHP002798,16-Jun-25,18-06-2025,06/27/2025,07-01-2025,ParcelPro,West,North,West-North,Road,2120,Weather,Delivered,2585.73,Standard
SHP003363,30-04-2025,03-May-25,09-05-2025,,SwiftShip,North,West,North-West,Road,1450,,In Transit,1681.55,Standard
SHP004115,02-06-2025,02-09-2025,20-02-2025,23-02-2025,ParcelPro,South,West,South-West,Road,2320,Capacity Constraint,Undelivered,2010.11,Standard
SHP005210,10-10-2025,11-10-2025,10/19/2025,10/20/2025,ParcelPro,West,East,West-East,Road,1840,Vehicle Issue,Delivered,1298.92,Express
SHP006058,08-07-2025,08-Aug-25,08-12-2025,08-11-2025,SwiftShip,West,East,West-East,Air,1230,,Delivered,1747.32,Standard
SHP005852,08-Oct-25,12-10-2025,10/15/2025,25-10-2025,RoadRunner,East,Central,East-Central,Rail,560,Weather,Delivered,398.06,Economy
SHP001972,02-08-2025,10-Feb-25,02/18/2025,02/20/2025,RoadRunner,South,East,South-East,Road,1950,Capacity Constraint,Delivered,1910.32,Economy
SHP003101,14-Jul-25,16-07-2025,07/21/2025,19-Jul-25,RoadRunner,South,Central,South-Central,Rail,1570,,Delivered,1163.94,Standard
SHP002637,30-08-2025,08/31/2025,08-09-2025,09-Sep-25,ParcelPro,North,West,North-West,Road,1380,Capacity Constraint,Delivered,1782.33,Express
SHP005048,14-Jan-25,01/16/2025,01/21/2025,26-01-2025,SkyFreight,North,East,North-East,Air,1810,Traffic,Delivered,4386.13,Standard
SHP000870,22-Jan-25,01/24/2025,26-Jan-25,25-Jan-25,ParcelPro,South,West,South-West,Road,410,,Delivered,457.17,Economy
SHP004814,25-04-2025,27-04-2025,05-May-25,07-05-2025,ParcelPro,Central,North,Central-North,Road,1820,Weather,Delivered,2453.55,Express
SHP003564,08/23/2025,26-Aug-25,09-04-2025,09-08-2025,  SKYFREIGHT  ,East,Central,East-Central,Road,2140,Vehicle Issue,Delivered,2190.92,Express
SHP004243,10-12-2025,13-12-2025,12/22/2025,22-12-2025,SkyFreight,East,South,East-South,Road,2370,,Delivered,3286.94,Economy
SHP002627,08/21/2025,08/23/2025,29-08-2025,08/30/2025,RoadRunner,West,South,West-South,Road,870,Warehouse Backlog,Delivered,1158.48,Economy
SHP000276,26-Mar-25,27-03-2025,03/31/2025,03/31/2025,ParcelPro,Central,North,Central-North,Road,520,,Delivered,744.36,Economy
SHP004425,02-01-2025,05-Jan-25,01-08-2025,07-01-2025,SkyFreight,North,Central,North-Central,Rail,200,,Delivered,280.09,Economy
SHP002223,06-04-2025,07-Jun-25,10-Jun-25,14-Jun-25,,North,South,North-South,Road,530,Warehouse Backlog,Delivered,534.14,Economy
SHP005247,08/28/2025,30-Aug-25,02-Sep-25,06-09-2025,ParcelPro,Central,West,Central-West,Air,1310,Weather,Undelivered,2144.08,Express
SHP004774,21-Feb-25,02/23/2025,01-Mar-25,06-Mar-25,RoadRunner,South,North,South-North,Road,830,Traffic,Delivered,1098.78,Economy
SHP002967,15-01-2025,18-01-2025,21-Jan-25,26-Jan-25,ParcelPro,Central,West,Central-West,Road,230,Warehouse Backlog,Delivered,368.68,Economy
SHP000728,20-02-2025,22-02-2025,27-02-2025,02-03-2025,RoadRunner,West,East,West-East,Road,1240,Weather,Undelivered,1515.78,Economy
SHP001278,19-03-2025,03/21/2025,28-03-2025,31-Mar-25,RoadRunner,East,West,East-West,Rail,2080,Capacity Constraint,Delivered,1852.21,Express
SHP006245,10-08-2025,12-08-2025,15-08-2025,25-Aug-25,  METROLOGIX  ,North,West,North-West,Air,1460,Weather,Delivered,2299.23,Standard
SHP004770,06-07-2025,09-06-2025,06/17/2025,06/15/2025,SkyFreight,South,East,South-East,Rail,2040,,Delivered,1860.25,Standard
SHP000106,22-01-2025,25-01-2025,02-Feb-25,31-Jan-25,RoadRunner,North,Central,North-Central,Road,2140,,Delivered,2571.45,Economy
SHP000184,16-Jul-25,18-07-2025,25-Jul-25,07/24/2025,ParcelPro,South,North,South-North, road ,1770,,Delivered,2274.58,Express
SHP003299,20-Jan-25,01/22/2025,01/29/2025,31-01-2025,SwiftShip,Central,East,Central-East,Road,1600,Traffic,Delivered,2030.02,Express
SHP000340,03-07-2025,07-04-2025,08-07-2025,12-07-2025,MetroLogix,South,West,South-West,Air,1320,Traffic,Delivered,1873.86,Express
SHP003047,22-Apr-25,25-Apr-25,03-05-2025,05-04-2025,SwiftShip,Central,North,Central-North,Road,1910,Capacity Constraint,Delivered,1838.92,Economy
SHP001757,12-Jun-25,06/14/2025,20-Jun-25,,SkyFreight,South,North,South-North,Road,910,,In Transit,1030.07,Express
SHP001927,01-Jul-25,03-07-2025,07-10-2025,10-07-2025,SwiftShip,South,Central,South-Central,Road,1050,,Delivered,1399.73,Express
SHP003800,23-Jan-25,26-01-2025,31-01-2025,02-Feb-25,RoadRunner,East,Central,East-Central,Road,800,Vehicle Issue,Undelivered,821.48,Express
SHP003510,19-10-2025,10/22/2025,30-Oct-25,30-Oct-25,MetroLogix,East,Central,East-Central,Road,1450,,Delivered,2032.29,Economy
SHP005659,08-11-2025,09-11-2025,12-Nov-25,,SkyFreight,South,East,South-East,Rail,800,,Cancelled,555.98,Economy
SHP002435,04/22/2025,24-04-2025,30-Apr-25,30-Apr-25,ParcelPro,West,East,West-East,Road,760,,Delivered,772.11,Economy
SHP000563,09-02-2025,04-Sep-25,08-Sep-25,08-Sep-25,SwiftShip,East,West,East-West,Road,130,,Delivered,251.7,Express
SHP004664,26-Nov-25,28-Nov-25,05-Dec-25,12-Dec-25,SwiftShip,Central,South,Central-South,Road,1680,Warehouse Backlog,Delivered,1473.58,Express
SHP001316,03/31/2025,04-02-2025,04-09-2025,08-04-2025,SwiftShip,South,West,South-West,Road,1540,,Delivered,1605.17,Economy
SHP004741,15-Sep-25,18-09-2025,23-Sep-25,30-09-2025,SkyFreight,North,East,North-East,Road,880,Vehicle Issue,Delivered,870.55,Standard
SHP001779,18-Nov-25,21-Nov-25,29-Nov-25,11/29/2025,ParcelPro,South,West,South-West,Road,1370,,Delivered,1337.65,Standard
SHP001530,07-12-2025,07/15/2025,21-07-2025,25-07-2025,SkyFreight,North,West,North-West,Road,1350,Customs,Delivered,1676.04,Economy
SHP006207,12-05-2025,13-May-25,17-May-25,27-May-25,ParcelPro,North,East,North-East,Road,650,Customs,Delivered,604.3,Express
SHP005345,01-09-2025,01-11-2025,17-Jan-25,17-Jan-25,SwiftShip,East,West,East-West,Rail,1720,,Delivered,1003.53,Economy
SHP001843,29-Sep-25,10-02-2025,06-Oct-25,10-06-2025,SkyFreight,North,West,North-West,Road,890,,Delivered,1036.06,Express
SHP005114,28-Aug-25,08/31/2025,02-Sep-25,12-09-2025,ParcelPro,West,Central,West-Central,Road,410,Capacity Constraint,Delivered,660.45,Economy
SHP005146,14-09-2025,09/15/2025,20-09-2025,09/25/2025,SwiftShip,East,South,East-South,Road,1300,Customs,Delivered,1874.97,Economy
SHP001590,01-Sep-25,09-04-2025,09-09-2025,09-09-2025,SkyFreight,North,Central,North-Central,Road,1210,,Delivered,910.54,Economy
SHP005988,20-May-25,05/22/2025,26-May-25,27-05-2025,SwiftShip,South,North,South-North,Road,720,Vehicle Issue,Delivered,1032.59,Standard
SHP004662,22-11-2025,24-Nov-25,11/28/2025,11/27/2025,SwiftShip,South,West,South-West,Air,780,,Delivered,1762,Economy
SHP006277,15-03-2025,03/18/2025,03/24/2025,24-Mar-25,SkyFreight,Central,West,Central-West,Road,1010,,Delivered,1152.48,Standard
SHP000296,03-08-2025,06-Aug-25,08-11-2025,10-08-2025,SkyFreight,North,South,North-South,Road,580,,Delivered,780.55,Express
SHP002959,27-Aug-25,29-08-2025,06-09-2025,09-07-2025,RoadRunner,South,West,South-West,Road,2160,Warehouse Backlog,Delivered,2183.03,Express
SHP002006,04-06-2025,09-04-2025,17-04-2025,17-04-2025,ParcelPro,Central,East,Central-East,Road,1660,,Delivered,1182.16,Economy
SHP001154,12-01-2025,03-Dec-25,07-Dec-25,06-Dec-25,ParcelPro,South,North,South-North,Air,2280,,Delivered,5472,Economy
SHP005864,24-11-2025,27-Nov-25,12-01-2025,08-Dec-25,ParcelPro,East,South,East-South,Air,1010,Capacity Constraint,Delivered,1940.68,Economy
SHP002336,11-12-2025,13-12-2025,17-Dec-25,12/16/2025,SwiftShip,East,West,East-West,Air,2250,,Delivered,3408.48,Economy
SHP004037,15-Mar-25,03/18/2025,23-03-2025,23-03-2025,RoadRunner,West,North,West-North,Air,1570,,Delivered,3274.65,Standard
SHP005103,22-12-2025,12/24/2025,01-Jan-26,01-01-2026,ParcelPro,East,South,East-South,Road,1980,,Delivered,1800.4,Standard
SHP000074,04-Aug-25,06-Aug-25,08-11-2025,,SkyFreight,East,Central,East-Central,Air,1430,,In Transit,1749.22,Express
SHP005041,01/31/2025,03-Feb-25,06-02-2025,06-Feb-25,SkyFreight,Central,East,Central-East,Road,600,,Delivered,852.44,Standard
SHP005083,03/13/2025,14-03-2025,23-03-2025,03/25/2025,SwiftShip,West,Central,West-Central,Road,2070,Traffic,Delivered,2295.09,Economy
SHP003975,09-07-2025,11-07-2025,19-Jul-25,20-07-2025,SkyFreight,North,East,North-East,Road,1640,Vehicle Issue,Delivered,1644.17,Economy
SHP002391,27-Feb-25,02-Mar-25,11-Mar-25,03-12-2025,SwiftShip,East,Central,East-Central,Road,1910,Vehicle Issue,Delivered,2424.3,Express
SHP003314,07-12-2025,14-Jul-25,25-07-2025,07/25/2025,MetroLogix,East,North,East-North,Road,2300,,Delivered,1720.79,Standard
SHP001020,07-11-2025,08-Nov-25,18-Nov-25,23-11-2025,SkyFreight,East,North,East-North,Road,2090,Capacity Constraint,Delivered,2860.55,Economy
SHP003949,14-12-2025,12/15/2025,18-12-2025,19-Dec-25,RoadRunner,East,South,East-South,Road,340,Weather,Delivered,551.2,Standard
SHP004920,25-08-2025,27-08-2025,09-01-2025,03-Sep-25,MetroLogix,Central,North,Central-North,Air,2000,Capacity Constraint,Delivered,3468.17,Economy
SHP001556,11/22/2025,11/24/2025,12-01-2025,11/30/2025,RoadRunner,South,East,South-East,Road,1690,,Delivered,1573.88,Express
SHP004083,04-Mar-25,06-Mar-25,03-09-2025,09-Mar-25,SwiftShip,Central,North,Central-North,Air,700,,Delivered,949.6,Express
SHP004856,08-07-2025,09-08-2025,08-11-2025,08/15/2025,RoadRunner,Central,East,Central-East,Air,810,Warehouse Backlog,Delivered,1406.44,Express
SHP003356,08/29/2025,08/31/2025,09-09-2025,13-09-2025,,South,North,South-North,Road,1920,Vehicle Issue,Delivered,1713.35,Standard
SHP003933,01-Oct-25,10-04-2025,07-10-2025,14-Oct-25,RoadRunner,East,Central,East-Central,Rail,800,Capacity Constraint,Delivered,702.08,Standard
SHP002114,03-04-2025,03-05-2025,03-09-2025,03-09-2025,RoadRunner,South,East,South-East,Rail,1030,,Delivered,824.63,Standard
SHP004313,11/26/2025,29-Nov-25,03-12-2025,02-Dec-25,ParcelPro,North,West,North-West,Road,1000,,Undelivered,798.82,Standard
SHP002147,11/22/2025,11/25/2025,30-Nov-25,02-12-2025,ParcelPro,Central,East,Central-East,Road,730,Traffic,Delivered,833.86,Economy
SHP000510,04-01-2025,05-01-2025,11-Jan-25,11-Jan-25,RoadRunner,South,East,South-East,Road,1380,,Delivered,1611.08,Standard
SHP002033,06/26/2025,06/29/2025,02-07-2025,02-07-2025,SkyFreight,Central,South,Central-South,Road,430,,Delivered,611.15,Express
SHP005484,04-09-2025,04-12-2025,17-04-2025,22-Apr-25,RoadRunner,South,North,South-North,Air,1910,Vehicle Issue,Delivered,3785.19,Express
SHP006287,30-04-2025,02-05-2025,07-05-2025,06-05-2025,ParcelPro,South,West,South-West,Road,1080,,Delivered,1226.9,Standard
SHP000013,19-06-2025,20-Jun-25,06/25/2025,06/30/2025,SkyFreight,West,South,West-South,Road,450,Customs,Delivered,446.76,Express
SHP006326,26-Aug-25,28-08-2025,08/31/2025,08/31/2025,MetroLogix,Central,East,Central-East,Road,600,,Delivered,639.95,Express
SHP000175,30-Dec-25,01-01-2026,01-04-2026,06-Jan-26,MetroLogix,South,West,South-West,Road,640,Vehicle Issue,Delivered,586.82,Economy
SHP000930,13-06-2025,06/15/2025,18-06-2025,18-Jun-25,SkyFreight,North,Central,North-Central,Air,2090,,Delivered,3706,Express
SHP004327,21-Oct-25,24-10-2025,28-Oct-25,11-01-2025,MetroLogix,North,South,North-South,Air,1230,Weather,Delivered,1557.41,Standard
SHP003697,06-07-2025,08-Jul-25,,13-07-2025,ParcelPro,Central,South,Central-South,Road,570,,Delivered,726.38,Economy
SHP003019,22-10-2025,10/25/2025,30-Oct-25,11-06-2025,RoadRunner,North,East,North-East,Road,520,Customs,Delivered,472.05,Economy
SHP005471,07/19/2025,21-07-2025,30-07-2025,07/28/2025,SkyFreight,South,East,South-East,Road,2070,,Delivered,2418.51,Express
SHP005000,24-Jun-25,26-Jun-25,01-07-2025,07-06-2025,SwiftShip,South,North,South-North,Road,560,Vehicle Issue,Delivered,822.73,Express
SHP000033,05/27/2025,28-05-2025,31-05-2025,06-02-2025,MetroLogix,North,South,North-South,Road,500,Customs,Delivered,618.48,Express
SHP004404,07/28/2025,30-Jul-25,03-08-2025,08-05-2025,  PARCELPRO  ,East,South,East-South, air ,410,Weather,Delivered,896.45,Standard
SHP001297,16-08-2025,18-Aug-25,25-Aug-25,08/23/2025,MetroLogix,South,West,South-West,Road,1630,,Delivered,1175.9,Express
SHP003614,09-01-2025,12-01-2025,01/18/2025,01/20/2025,SkyFreight,West,East,West-East,Road,980,Customs,Delivered,742.13,Express
SHP004911,08/30/2025,31-08-2025,06-Sep-25,09-06-2025,SwiftShip,South,North,South-North,Road,1200,,Delivered,977.09,Economy
SHP003118,26-11-2025,11/27/2025,29-Nov-25,30-11-2025,RoadRunner,West,East,West-East,Air,1060,Warehouse Backlog,Delivered,1970.44,Standard
SHP004414,08-Nov-25,11-11-2025,14-Nov-25,11/14/2025,SkyFreight,North,West,North-West,Road,300,,Delivered,363.68,Express
SHP005600,19-Jan-25,21-01-2025,01/24/2025,22-01-2025,RoadRunner,East,West,East-West,Road,530,,Delivered,821.27,Express
SHP006426,16-12-2025,18-Dec-25,12/26/2025,26-Dec-25,SkyFreight,North,South,North-South,Road,1970,,Delivered,1422.68,Express
SHP004818,09-04-2025,11-Apr-25,21-04-2025,04/23/2025,SwiftShip,North,South,North-South,Road,2320,Vehicle Issue,Delivered,1866.16,Express
SHP000015,09-10-2025,10-10-2025,17-10-2025,10/16/2025,SwiftShip,Central,East,Central-East,Rail,2290,,Delivered,2459.99,Express
SHP005806,21-May-25,23-05-2025,30-05-2025,30-May-25,SwiftShip,South,North,South-North,Rail,1730,,Delivered,1597.71,Standard
SHP000421,10/22/2025,23-10-2025,10/28/2025,10/30/2025,MetroLogix,North,West,North-West,Road,930,Warehouse Backlog,Delivered,1138.28,Express
SHP000093,07-12-2025,14-07-2025,22-07-2025,07/25/2025,MetroLogix,North,West,North-West,Road,1830,Traffic,Delivered,2580.17,Standard
SHP000400,31-01-2025,02-Feb-25,11-Feb-25,10-Feb-25,SkyFreight,East,Central,East-Central,Road,"2,060 km",,Delivered,2901.01,Standard
SHP001204,10/21/2025,24-Oct-25,26-Oct-25,29-10-2025,MetroLogix,East,South,East-South,Road,390,Vehicle Issue,Delivered,557.12,Express
SHP002167,03-05-2025,08-03-2025,03-11-2025,14-Mar-25,ParcelPro,West,Central,West-Central,Air,1130,Weather,Delivered,2242.89,Economy
SHP003309,05-Jul-25,07-07-2025,07-11-2025,14-Jul-25,  SWIFTSHIP  ,South,East,Unknown-Route,Road,360,Traffic,Delivered,379.68,Standard
SHP005379,17-Jun-25,19-06-2025,22-06-2025,21-06-2025,RoadRunner,Central,West,Central-West,Road,720,,Delivered,954.5,Standard
SHP000713,07/22/2025,23-07-2025,07/28/2025,30-Jul-25,RoadRunner,North,South,North-South,Air,2120,Vehicle Issue,Delivered,3300.23,Express
SHP001247,04/30/2025,05-01-2025,05-05-2025,07-May-25,SwiftShip,East,North,East-North,Road,1020,Warehouse Backlog,Delivered,1242.66,Economy
SHP004320,11-09-2025,09/13/2025,09/17/2025,18-09-2025,SwiftShip,South,East,South-East,Road,170,Warehouse Backlog,Delivered,210.62,Standard
SHP000921,27-08-2025,29-08-2025,06-Sep-25,07-09-2025,SwiftShip,East,West,East-West,Rail,2360,Warehouse Backlog,Delivered,2213.24,Express
SHP002654,27-06-2025,06/30/2025,05-Jul-25,09-Jul-25,ParcelPro,East,Central,East-Central,Air,1430,Vehicle Issue,Delivered,3028.7,Standard
SHP005634,08/19/2025,08/21/2025,23-Aug-25,08/22/2025,SkyFreight,North,West,North-West,Air,1130,,Delivered,2077.76,Standard
SHP005241,11/29/2025,30-Nov-25,06-12-2025,16-12-2025,  PARCELPRO  ,South,East,South-East,Road,1310,Warehouse Backlog,Delivered,1811.3,Economy
SHP006379,08-06-2025,11-Jun-25,13-06-2025,06/17/2025,SwiftShip,North,Central,North-Central,Air,1130,Weather,Undelivered,2126.37,Standard
SHP000958,20-Aug-25,21-Aug-25,23-08-2025,24-Aug-25,RoadRunner,West,Central,West-Central,Rail,590,Weather,Delivered,407.13,Express
SHP001257,11-09-2025,11-10-2025,18-Nov-25,11/17/2025,ParcelPro,East,West,East-West,Rail,2350,,Delivered,1739.68,Economy
SHP000772,26-Aug-25,29-08-2025,09-02-2025,09-04-2025,ParcelPro,East,Central,East-Central,Road,460,Capacity Constraint,Delivered,594.94,Express
SHP001736,08-11-2025,14-08-2025,08/24/2025,,ParcelPro,North,South,North-South,Road,1980,,In Transit,2200.41,Express
SHP002536,03-04-2025,03-06-2025,13-03-2025,16-Mar-25,RoadRunner,Central,North,Central-North,Road,1320,Traffic,Delivered,965.57,Economy
SHP003440,03-04-2025,07-Mar-25,09-03-2025,07-Mar-25,MetroLogix,West,East,West-East,Air,120,,Delivered,224.94,Express
SHP003430,29-05-2025,30-05-2025,06-03-2025,05-06-2025,SkyFreight,North,East,North-East,Air,950,Customs,Delivered,1543.38,Standard
SHP004792,06-04-2025,09-04-2025,15-Apr-25,04/15/2025,SkyFreight,South,East,South-East,Road,1150,,Delivered,1214.28,Express
SHP001173,02-10-2025,02-12-2025,02/19/2025,,ParcelPro,East,South,East-South,Rail,2120,,Cancelled,1310.91,Economy
SHP002486,04-09-2025,06-09-2025,13-09-2025,12-Sep-25,ParcelPro,North,South,North-South,Road,1630,,Delivered,1790.76,Economy
SHP001632,09-Nov-25,11-Nov-25,20-Nov-25,22-Nov-25,SkyFreight,East,South,Unknown-Route,Road,2270,Traffic,Delivered,1661.01,Express
SHP006213,06-Nov-25,09-11-2025,16-Nov-25,18-11-2025,SkyFreight,East,West,East-West,Road,1830,Capacity Constraint,Delivered,1582.88,Express
SHP001701,03/16/2025,03/17/2025,22-03-2025,23-03-2025,SwiftShip,South,East,South-East,Road,740,Warehouse Backlog,Delivered,706.24,Standard
SHP000616,06/23/2025,26-Jun-25,03-Jul-25,05-07-2025,ParcelPro,East,North,East-North,Road,1560,Traffic,Delivered,1739.93,Standard
SHP004747,24-09-2025,09/27/2025,30-Sep-25,03-10-2025,MetroLogix,West,North,West-North,Road,540,Customs,Delivered,629.36,Standard
SHP000500,12-06-2025,14-Jun-25,06/18/2025,06/17/2025,SwiftShip,East,West,East-West,Road,850,,Delivered,1075.11,Standard
SHP000984,09-11-2025,15-Sep-25,19-09-2025,09/19/2025,SkyFreight,West,North,West-North,Road,140,,Delivered,181.29,Standard
SHP004299,04/30/2025,02-05-2025,05-10-2025,,MetroLogix,Central,West,Central-West,Road,1710,Capacity Constraint,In Transit,2294.61,Economy
SHP000248,08/31/2025,03-Sep-25,10-09-2025,09-08-2025,SwiftShip,North,Central,North-Central,Road,1800,,Delivered,1999.38,Standard
SHP003909,26-09-2025,27-09-2025,10-01-2025,10-02-2025,MetroLogix,East,Central,East-Central,Road,820,Traffic,Delivered,967.63,Express
SHP002875,29-11-2025,30-Nov-25,07-Dec-25,07-12-2025,RoadRunner,Central,West,Central-West,Road,1790,,Delivered,2227.29,Express
SHP006005,29-08-2025,09-02-2025,07-09-2025,17-Sep-25,RoadRunner,East,Central,East-Central,Road,940,Capacity Constraint,Delivered,717.6,Standard
SHP003943,12-12-2025,14-12-2025,24-Dec-25,23-Dec-25,SkyFreight,East,Central,East-Central,Road,2200,,Delivered,1790.09,Express
SHP004266,07/18/2025,20-07-2025,22-07-2025,22-Jul-25,ParcelPro,West,Central,West-Central,Road,360,,Delivered,545.18,Standard
SHP000673,05/22/2025,23-May-25,28-May-25,31-05-2025,SkyFreight,Central,South,Central-South,Road,680,Traffic,Delivered,709.29,Express
SHP003175,03-02-2025,05-02-2025,13-Feb-25,02/15/2025,  SKYFREIGHT  ,East,West,East-West,Road,2180,Capacity Constraint,Delivered,2932.12,Economy
SHP003859,24-Jul-25,25-Jul-25,28-Jul-25,01-08-2025,MetroLogix,North,West,North-West,Road,240,Traffic,Delivered,373.56,Economy
SHP004461,18-03-2025,03/22/2025,,27-Mar-25,MetroLogix,Central,South,Central-South,Rail,2110,,Delivered,1564.52,Express
SHP005475,29-Aug-25,01-Sep-25,06-Sep-25,,SkyFreight,East,Central,East-Central,Road,720,,Cancelled,939.92,Express
SHP001093,05/14/2025,17-May-25,22-May-25,27-May-25,SkyFreight,North,South,North-South,Road,510,Vehicle Issue,Delivered,705.28,Standard
SHP001493,06/29/2025,01-07-2025,07-06-2025,09-07-2025,RoadRunner,North,South,North-South,Road,1150,Traffic,Delivered,1262.99,Economy
SHP003234,11-Feb-25,13-Feb-25,02/19/2025,02/18/2025,SkyFreight,South,East,South-East,Rail,2070,,Delivered,1430.11,Economy
SHP004904,17-12-2025,19-Dec-25,12/22/2025,21-12-2025,SkyFreight,South,Central,South-Central,Rail,350,,Delivered,468.61,Standard
SHP002183,11/30/2025,12-02-2025,05-12-2025,12-05-2025,ParcelPro,North,South,North-South,Rail,690,,Delivered,583.18,Standard
SHP002489,18-Oct-25,19-Oct-25,10/25/2025,10/23/2025,SwiftShip,East,Central,East-Central,Road,760,,Delivered,884.89,Economy
SHP001615,04-Jan-25,01-05-2025,07-01-2025,07-Jan-25,SwiftShip,East,Central,East-Central,Air,240,,Delivered,424.26,Economy
SHP001045,22-08-2025,08/23/2025,26-Aug-25,26-08-2025,ParcelPro,West,East,West-East,Air,770,,Delivered,1369.13,Express
SHP005198,08-11-2025,12-08-2025,20-Aug-25,08/20/2025,SwiftShip,South,Central,South-Central,Road,2200,,Delivered,2660.07,Economy
SHP003217,02-01-2025,04-Jan-25,12-Jan-25,19-Jan-25,RoadRunner,West,,West-Central,Road,1680,Warehouse Backlog,Delivered,1682.76,Express
SHP003180,22-12-2025,25-12-2025,02-01-2026,01-02-2026,SwiftShip,South,Central,South-Central,Road,1910,,Delivered,2711.37,Express
SHP005171,12-07-2025,12-10-2025,13-12-2025,12/14/2025,ParcelPro,Central,East,Central-East,Air,1880,Capacity Constraint,Delivered,2846.54,Economy
SHP002398,12-01-2025,01/15/2025,19-01-2025,01/19/2025,RoadRunner,West,South,West-South,Road,270,,Delivered,347.57,Express
SHP004573,04-06-2025,04-09-2025,04/18/2025,19-04-2025,MetroLogix,Central,East,Central-East,Road,2380,Vehicle Issue,Delivered,3260.26,Economy
SHP005645,16-Dec-25,18-Dec-25,22-Dec-25,22-Dec-25,MetroLogix,West,Central,West-Central,Road,970,,Delivered,1192.76,Economy
SHP004049,23-02-2025,02/24/2025,04-Mar-25,02-Mar-25,SkyFreight,South,East,South-East,Road,2010,,Delivered,2772.55,Standard
SHP001089,24-Sep-25,09/26/2025,04-Oct-25,03-10-2025,MetroLogix,South,Central,South-Central,Road,1950,,Delivered,1976.24,Express
SHP002101,19-Jul-25,21-Jul-25,07/25/2025,,SkyFreight,Central,South,Central-South,Road,600,Vehicle Issue,In Transit,747.52,Express
SHP004162,11-02-2025,04-11-2025,11-09-2025,11-11-2025,SkyFreight,West,South,West-South,Air,1480,Traffic,Delivered,3595.03,Express
SHP006396,06-04-2025,08-06-2025,06-10-2025,06/20/2025,RoadRunner,Central,North,Central-North,Rail,370,Traffic,Delivered,362.81,Express
SHP005954,24-Feb-25,02/27/2025,04-Mar-25,04-03-2025,MetroLogix,South,North,South-North,Air,1750,,Delivered,2656.34,Standard
SHP005115,04-May-25,06-05-2025,12-May-25,16-May-25,MetroLogix,Central,North,Central-North,Road,770,Capacity Constraint,Delivered,815.21,Economy
SHP004274,19-Aug-25,20-08-2025,08/26/2025,08/31/2025,MetroLogix,North,South,North-South,Rail,1970,Weather,Delivered,1836.98,Economy
SHP004263,10-01-2025,01-12-2025,15-01-2025,16-01-2025,MetroLogix,South,East,South-East,Air,230,Vehicle Issue,Delivered,581.68,Economy
SHP004866,03-11-2025,13-Mar-25,22-Mar-25,03/26/2025,MetroLogix,West,South,West-South,Road,1700,Vehicle Issue,Delivered,2176.75,Express
SHP006084,08-09-2025,08-11-2025,14-Aug-25,16-Aug-25,SkyFreight,South,East,South-East,Road,280,Vehicle Issue,Delivered,322.67,Express
SHP003395,12-Sep-25,15-09-2025,09/23/2025,30-09-2025,SkyFreight,South,Central,South-Central,Road,1700,Warehouse Backlog,Delivered,1492.06,Standard
SHP001587,06/13/2025,14-06-2025,21-06-2025,21-06-2025,SkyFreight,South,East,South-East,Road,1830,,Delivered,2543.27,Express
SHP003770,02-01-2025,01-06-2025,01-08-2025,01-08-2025,ParcelPro,Central,South,Central-South,Road,380,,Delivered,416.32,Express
SHP000489,10-04-2025,06-Oct-25,10/13/2025,10-11-2025,MetroLogix,East,South,East-South,Road,1740,,Delivered,1535.95,Economy
SHP001343,04-04-2025,05-04-2025,08-04-2025,06-Apr-25,RoadRunner,East,Central,East-Central,Air,590,,Delivered,902.92,Economy
SHP004677,28-Jul-25,31-07-2025,08-05-2025,04-08-2025,MetroLogix,North,East,North-East, road ,1190,,Delivered,998.59,Standard
SHP005529,29-10-2025,10/30/2025,02-11-2025,02-11-2025,MetroLogix,East,Central,East-Central,Rail,700,,Delivered,611.24,Standard
SHP001944,01-Jan-25,03-Jan-25,01-06-2025,07-01-2025,SwiftShip,North,Central,North-Central,Air,390,Traffic,Delivered,709.37,Standard
SHP000620,31-Dec-25,01-03-2026,09-01-2026,10-01-2026,ParcelPro,East,North,East-North,Road,1110,Weather,Delivered,1292.55,Standard
SHP002589,20-07-2025,22-07-2025,08-02-2025,08-06-2025,SkyFreight,South,West,South-West,Road,2340,Weather,Delivered,1755.04,Economy
SHP005676,24-02-2025,26-Feb-25,03-04-2025,08-03-2025,SkyFreight,West,South,West-South,Road,1510,Traffic,Delivered,1938.46,Standard
SHP005717,16-12-2025,18-Dec-25,21-12-2025,21-12-2025,MetroLogix,West,East,West-East,Road,210,,Delivered,296.72,Standard
SHP003035,03-02-2025,02-05-2025,09-02-2025,08-Feb-25,SwiftShip,West,Central,West-Central,Road,970,,Delivered,1063.07,Express
SHP006298,21-07-2025,24-Jul-25,01-Aug-25,08-01-2025,SwiftShip,South,West,South-West,Road,1480,,Delivered,1368.71,Express
SHP000928,27-07-2025,07/29/2025,08-01-2025,08-11-2025,ParcelPro,West,East,West-East,Road,190,Weather,Delivered,278,Economy
SHP006435,03-Nov-25,11-05-2025,11-12-2025,22-11-2025,SkyFreight,West,North,West-North, road ,1400,Customs,Delivered,1943.45,Economy
SHP006301,25-Oct-25,27-Oct-25,01-11-2025,11-06-2025,MetroLogix,East,West,East-West, road ,890,Vehicle Issue,Delivered,703.98,Economy
SHP004380,17-Aug-25,18-Aug-25,20-08-2025,08/18/2025,SkyFreight,West,Central,West-Central,Air,230,,Delivered,348.91,Express
SHP005205,10-05-2025,06-10-2025,10/14/2025,15-10-2025,MetroLogix,North,West,North-West,Rail,2080,Traffic,Delivered,1946.24,Express
SHP003406,04-09-2025,06-Sep-25,09-10-2025,09-10-2025,SwiftShip,North,South,North-South,Road,1030,,Delivered,1170.64,Standard
SHP002761,12-Jun-25,15-06-2025,22-Jun-25,06/21/2025,RoadRunner,North,West,North-West,Rail,1810,,Delivered,1488.83,Economy
SHP004564,30-01-2025,01-02-2025,02-05-2025,06-Feb-25,RoadRunner,South,Central,South-Central,Rail,970,Vehicle Issue,Delivered,772.05,Standard
SHP000071,04/22/2025,24-04-2025,30-Apr-25,04-05-2025,SwiftShip,West,South,West-South,Rail,1060,Warehouse Backlog,Delivered,1227.81,Standard
SHP000816,05/25/2025,27-May-25,02-Jun-25,02-06-2025,MetroLogix,East,West,East-West,Road,1540,,Delivered,1753.88,Standard
SHP005065,19-Jun-25,06/20/2025,06/24/2025,26-Jun-25,SkyFreight,Central,West,Central-West,Road,690,Warehouse Backlog,Delivered,557.18,Express
SHP006369,08/18/2025,08/20/2025,08/22/2025,23-Aug-25,SwiftShip,West,South,West-South,Rail,570,Capacity Constraint,Delivered,485.19,Economy
SHP005889,09-01-2025,03-Sep-25,05-Sep-25,09-04-2025,SkyFreight,Central,South,Central-South,Air,1100,,Delivered,1463.81,Standard
SHP000546,27-03-2025,03/28/2025,04-04-2025,05-04-2025,RoadRunner,Central,East,Central-East,Road,1720,Customs,Delivered,1507.81,Standard
SHP004908,12-07-2025,14-07-2025,23-Jul-25,26-07-2025,SwiftShip,South,West,South-West,Road,2060,Weather,Delivered,2164.06,Express
SHP004312,06-10-2025,06-12-2025,14-Jun-25,14-Jun-25,MetroLogix,East,Central,East-Central,Air,1260,,Delivered,2231.32,Express
SHP000543,13-Mar-25,03/15/2025,18-03-2025,25-Mar-25,ParcelPro,North,West,North-West,Air,1670,Weather,Delivered,3561.22,Express
SHP000251,10/24/2025,10/25/2025,10/29/2025,29-Oct-25,SkyFreight,West,East,West-East,Air,1670,,Undelivered,3558.64,Express
SHP002282,07-10-2025,11-07-2025,16-Jul-25,07/21/2025,ParcelPro,West,South,West-South,Air,1640,Traffic,Delivered,3066.49,Standard
SHP001159,28-Jan-25,31-Jan-25,02-07-2025,07-Feb-25,SwiftShip,West,South,West-South,Road,1700,,Delivered,2069.96,Standard
SHP003809,10-02-2025,02/13/2025,16-Feb-25,19-Feb-25,MetroLogix,East,North,East-North,Road,460,Warehouse Backlog,Delivered,471.64,Standard
SHP002080,15-06-2025,06/16/2025,21-06-2025,24-Jun-25,MetroLogix,West,East,West-East,Air,1770,Vehicle Issue,Delivered,2419.12,Express
SHP002740,04-Mar-25,05-03-2025,03-09-2025,07-03-2025,MetroLogix,Central,East,Central-East,Road,340,,Delivered,343.43,Express
SHP006394,29-Sep-25,10-01-2025,03-10-2025,03-10-2025,MetroLogix,West,Central,West-Central,Air,720,,Delivered,1099.2,Standard
SHP001638,26-Jun-25,29-06-2025,04-07-2025,06-07-2025,MetroLogix,Central,East,Central-East,Rail,670,Capacity Constraint,Delivered,541.73,Express
SHP003695,17-12-2025,12/18/2025,22-Dec-25,12/27/2025,SwiftShip,West,North,West-North,Air,700,Warehouse Backlog,Delivered,1047.17,Standard
SHP001932,25-01-2025,26-Jan-25,01/30/2025,28-01-2025,SkyFreight,South,East,South-East,Road,730,,Delivered,950.7,Economy
SHP003235,11/27/2025,11/28/2025,30-Nov-25,,ParcelPro,Central,East,Central-East,Air,560,Traffic,In Transit,1336.54,Express
SHP003724,25-07-2025,07/26/2025,30-Jul-25,28-Jul-25,MetroLogix,West,,West-North,Road,1030,,Delivered,1249.84,Standard
SHP005803,20-09-2025,09/22/2025,27-09-2025,09/29/2025,SwiftShip,North,East,North-East,Road,620,Customs,Delivered,813.97,Standard
SHP005957,21-Feb-25,02/25/2025,04-03-2025,07-Mar-25,RoadRunner,South,North,South-North,Rail,1560,Warehouse Backlog,Delivered,1097.14,Standard
SHP006087,04/26/2025,04/27/2025,29-04-2025,03-May-25,SwiftShip,East,Central,East-Central,Air,690,Traffic,Delivered,965.09,Economy
SHP002955,13-04-2025,04/15/2025,04/22/2025,04/20/2025,SkyFreight,Central,West,Central-West,Road,1230,,Delivered,1457.34,Standard
SHP004056,01/26/2025,01/29/2025,02-02-2025,03-Feb-25,ParcelPro,North,South,North-South,Road,800,Capacity Constraint,Delivered,828.25,Standard
SHP003099,25-12-2025,12/28/2025,01-01-2026,05-Jan-26,ParcelPro,East,South,East-South,Rail,1180,Weather,Delivered,1297.35,Economy
SHP004949,22-Apr-25,24-04-2025,28-Apr-25,28-04-2025,ParcelPro,East,South,East-South,Road,660,,Delivered,689.7,Express
SHP003599,07-May-25,05-09-2025,05/17/2025,16-May-25,ParcelPro,Central,North,Central-North,Road,2140,,Delivered,1488.13,Economy
SHP001768,30-Mar-25,03/31/2025,04-03-2025,13-04-2025,SkyFreight,North,West,North-West,Rail,870,Traffic,Delivered,573.76,Standard
SHP006079,12-12-2025,12/14/2025,19-Dec-25,26-12-2025,RoadRunner,West,North,West-North,Air,1410,Customs,Delivered,2423.78,Standard
SHP001498,08-11-2025,15-Aug-25,20-Aug-25,23-Aug-25,MetroLogix,North,Central,North-Central,Road,960,Warehouse Backlog,Delivered,1151.24,Economy
SHP005657,21-Jul-25,07/23/2025,28-07-2025,26-07-2025,MetroLogix,East,West,East-West,Road,860,,Undelivered,851.14,Standard
SHP003820,08-06-2025,06-09-2025,14-06-2025,06/13/2025,RoadRunner,East,North,East-North,Rail,1740,,Delivered,1393.15,Express
SHP002651,26-Dec-25,28-Dec-25,01-05-2026,12-Jan-26,RoadRunner,North,East,North-East,Rail,2150,Warehouse Backlog,Delivered,1680.42,Express
SHP003917,04-10-2025,04-12-2025,04/15/2025,25-Apr-25,RoadRunner,Central,South,Unknown-Route,Road,580,Weather,Delivered,677.32,Express
SHP000530,22-May-25,05/25/2025,31-05-2025,31-May-25,SwiftShip,East,West,East-West,Road,1510,,Delivered,1995.13,Economy
SHP005545,06/16/2025,19-06-2025,25-06-2025,06/23/2025,RoadRunner,Central,East,Central-East,Road,1000,,Delivered,1183.49,Economy
SHP005100,03/14/2025,03/16/2025,19-03-2025,26-Mar-25,ParcelPro,South,West,South-West,Air,1640,Vehicle Issue,Delivered,3908.12,Economy
SHP000597,13-08-2025,08/15/2025,08/20/2025,20-08-2025,ParcelPro,South,West,South-West,Road,1230,,Delivered,1152.32,Economy
SHP001678,04-12-2025,04/14/2025,23-04-2025,24-Apr-25,RoadRunner,North,West,North-West,Road,2310,Customs,Delivered,1868.74,Express
SHP003708,29-Jun-25,02-Jul-25,08-Jul-25,07-12-2025,SkyFreight,North,South,North-South,Rail,1250,Warehouse Backlog,Delivered,1306.6,Express
SHP000438,01/15/2025,01/17/2025,20-01-2025,01/22/2025,RoadRunner,West,South,West-South,Air,1610,Customs,Delivered,3905.27,Economy
SHP003780,28-Jan-25,01/29/2025,04-Feb-25,02-04-2025,ParcelPro,North,Central,North-Central,Road,1150,,Delivered,1589.1,Economy
SHP000200,07-10-2025,12-07-2025,14-07-2025,18-07-2025,SwiftShip,East,South,East-South,Road,280,Warehouse Backlog,Delivered,280.97,Economy
SHP006142,01-Jun-25,03-06-2025,10-Jun-25,09-Jun-25,RoadRunner,South,North,South-North,Road,1940,,Delivered,1832.09,Economy
SHP001409,10-11-2025,13-11-2025,17-Nov-25,24-11-2025,SwiftShip,Central,North,Central-North,Air,680,Customs,Delivered,1310.38,Standard
SHP000636,11-07-2025,12-07-2025,18-07-2025,19-Jul-25,RoadRunner,South,Central,South-Central,Rail,1860,Traffic,Delivered,1926.61,Express
SHP003443,03-05-2025,04-05-2025,11-05-2025,15-05-2025,ParcelPro,East,North,East-North,Road,1090,Warehouse Backlog,Delivered,954.52,Express
SHP006067,05-03-2025,05-05-2025,10-May-25,31-12-2024,ParcelPro,East,West,East-West,Road,1350,Vehicle Issue,Delivered,1845.84,Economy
SHP004003,22-10-2025,23-Oct-25,,25-10-2025,RoadRunner,North,South,North-South,Road,590,,Delivered,506.17,Economy
SHP002046,29-Jun-25,02-07-2025,11-Jul-25,07/13/2025,ParcelPro,Central,West,Central-West,Road,1840,Capacity Constraint,Delivered,2077.81,Standard
SHP004338,19-04-2025,04/20/2025,04/30/2025,03-May-25,SkyFreight,West,Central,West-Central,Road,1980,Traffic,Delivered,1791.67,Standard
SHP004745,28-Jan-25,29-Jan-25,02-06-2025,05-02-2025,RoadRunner,East,West,East-West,Road,1460,,Delivered,1667.49,Express
SHP005351,07/18/2025,19-07-2025,25-Jul-25,07/25/2025,SkyFreight,North,South,North-South,Road,1560,,Delivered,1470.93,Standard
SHP001074,20-Aug-25,22-08-2025,29-08-2025,08/29/2025,SkyFreight,East,West,East-West,Road,1480,,Delivered,1613.44,Express
SHP001130,10/30/2025,01-Nov-25,04-Nov-25,,MetroLogix,West,Central,West-Central,Rail,500,Capacity Constraint,In Transit,615.59,Standard
SHP001753,02-Jun-25,03-06-2025,06-05-2025,06-Jun-25,ParcelPro,North,Central,North-Central,Air,650,Weather,Delivered,1513.6,Express
SHP004225,01/18/2025,21-01-2025,31-01-2025,07-02-2025,ParcelPro,West,South,West-South,Road,2290,Traffic,Delivered,3043.51,Express
SHP004463,04-01-2025,06-Jan-25,13-Jan-25,01/15/2025,MetroLogix,East,West,East-West,Road,1700,Customs,Delivered,2169.35,Express
SHP001467,05-Nov-25,07-Nov-25,11-11-2025,09-11-2025,ParcelPro,West,East,West-East,Rail,1150,,Delivered,1111.93,Express
SHP004938,21-Oct-25,24-Oct-25,26-10-2025,26-10-2025,RoadRunner,Central,West,Central-West,Road,150,,Delivered,237.16,Express
SHP001052,24-Nov-25,25-Nov-25,29-Nov-25,29-Nov-25,SkyFreight,South,East,South-East,Road,670,,Delivered,636.25,Express
SHP003925,25-05-2025,26-05-2025,06-02-2025,06-04-2025,ParcelPro,West,South,West-South,Road,1310,Customs,Delivered,1660.54,Express
SHP000983,29-12-2025,31-12-2025,03-Jan-26,03-01-2026,SwiftShip,North,West,North-West,Air,540,,Undelivered,715.63,Economy
SHP005386,10-Dec-25,12-12-2025,15-Dec-25,12/14/2025,MetroLogix,South,Central,South-Central,Rail,450,,Delivered,489.48,Express
SHP005534,08/28/2025,08/29/2025,04-09-2025,09-04-2025,MetroLogix,West,North,West-North,Rail,1600,,Delivered,1244.1,Economy
SHP003127,08/20/2025,08/21/2025,28-08-2025,,ParcelPro,South,Central,South-Central,Road,1170,Vehicle Issue,In Transit,1608.29,Economy
SHP005474,12-09-2025,14-Sep-25,21-Sep-25,26-09-2025,RoadRunner,East,West,East-West,Road,1420,Warehouse Backlog,Delivered,2029.36,Express
SHP006329,01-Oct-25,10-04-2025,12-10-2025,22-10-2025,SwiftShip,North,South,North-South,Road,1520,Vehicle Issue,Delivered,2080.81,Standard
SHP004626,10-04-2025,10-06-2025,11-10-2025,10-11-2025,MetroLogix,Central,North,Central-North,Rail,1370,,Delivered,1123.9,Economy
SHP006031,28-05-2025,31-05-2025,06-11-2025,06-11-2025,MetroLogix,Central,East,Central-East,Road,2290,,Delivered,1980.92,Express
SHP000399,28-01-2025,31-01-2025,06-Feb-25,02-05-2025,MetroLogix,West,North,West-North,Road,1110,,Delivered,979.84,Economy
SHP003602,22-Aug-25,26-Aug-25,08/31/2025,08/31/2025,SwiftShip,North,South,North-South,Road,1250,,Delivered,1179.72,Standard
SHP005125,28-07-2025,30-07-2025,08-07-2025,,MetroLogix,West,East,West-East,Road,1740,,In Transit,1849.04,Standard
SHP001695,03/22/2025,24-Mar-25,31-03-2025,31-03-2025,SkyFreight,Central,South,Central-South,Road,1760,,Delivered,2486.32,Express
SHP002989,12-04-2025,14-Apr-25,21-04-2025,,MetroLogix,South,North,South-North,Road,1560,,In Transit,1882.25,Express
SHP006392,17-Apr-25,19-Apr-25,23-04-2025,24-04-2025,RoadRunner,East,South,East-South,Air,220,Customs,Delivered,503.47,Express
SHP005721,01/25/2025,01/27/2025,01/31/2025,02-05-2025,RoadRunner,South,East,South-East,Road,870,Customs,Delivered,748.18,Economy
SHP004927,14-06-2025,15-06-2025,06/20/2025,25-Jun-25,ParcelPro,West,North,West-North,Road,670,Customs,Delivered,783.74,Express
SHP000364,03-Feb-25,05-02-2025,02-08-2025,09-02-2025,SkyFreight,North,Central,North-Central,Air,840,Capacity Constraint,Delivered,1367.21,Economy
SHP000716,11-Oct-25,14-10-2025,24-10-2025,26-Oct-25,RoadRunner,East,South,East-South,Road,2280,Weather,Delivered,2330.92,Standard
SHP005528,10/29/2025,31-10-2025,11-07-2025,11-06-2025,SkyFreight,Central,North,Central-North,Road,1100,,Delivered,1259.32,Economy
SHP006316,27-Aug-25,29-Aug-25,09-03-2025,09-04-2025,SwiftShip,North,Central,North-Central,Rail,1640,Capacity Constraint,Delivered,1692.97,Standard
SHP000465,03-04-2025,04-05-2025,10-04-2025,04-08-2025,SkyFreight,East,North,East-North,Air,2390,,Delivered,"$3,869.28",Standard
SHP000901,09/13/2025,15-09-2025,09/17/2025,22-09-2025,SwiftShip,West,Central,West-Central,Road,390,Traffic,Delivered,495.24,Express
SHP002821,27-06-2025,29-Jun-25,04-07-2025,05-Jul-25,SkyFreight,West,North,West-North,Road,1210,Customs,Delivered,1073.96,Express
SHP001292,09/18/2025,09/21/2025,09/30/2025,03-Oct-25,ParcelPro,West,South,West-South,Road,1650,Capacity Constraint,Delivered,1186.98,Standard
SHP002462,13-Jun-25,15-Jun-25,21-06-2025,19-Jun-25,SkyFreight,North,Central,North-Central,Rail,1780,,Delivered,1002.09,Economy
SHP002500,10/23/2025,10/25/2025,29-Oct-25,10/28/2025,MetroLogix,South,North,South-North,Road,710,,Delivered,838,Economy
SHP000995,02-01-2025,04-Jan-25,13-01-2025,20-Jan-25,RoadRunner,East,South,East-South,Road,2260,Weather,Delivered,2441.27,Express
SHP001646,03/19/2025,22-03-2025,26-Mar-25,26-Mar-25,ParcelPro,North,West,North-West,Rail,1300,,Delivered,917.91,Express
SHP005591,28-07-2025,30-07-2025,04-08-2025,04-08-2025,ParcelPro,East,Central,East-Central,Road,640,,Delivered,892.59,Standard
SHP003841,28-Mar-25,03/29/2025,04-08-2025,04-09-2025,RoadRunner,South,West,South-West,Road,2010,Warehouse Backlog,Delivered,2800.39,Express
SHP001489,05-01-2025,07-01-2025,11-Jan-25,21-Jan-25,SkyFreight,West,East,West-East,Road,140,Weather,Delivered,193.42,Standard
SHP000081,16-01-2025,17-01-2025,21-01-2025,21-Jan-25,SkyFreight,Central,West,Central-West,Road,990,,Delivered,1176.2,Economy
SHP000264,19-11-2025,11/21/2025,24-Nov-25,25-11-2025,SkyFreight,North,East,North-East,Air,1480,Vehicle Issue,Delivered,3047.96,Standard
SHP000917,20-06-2025,21-06-2025,26-06-2025,30-06-2025,SkyFreight,South,North,South-North,Rail,1660,Capacity Constraint,Delivered,1007.05,Economy
SHP003181,28-Sep-25,10-01-2025,05-10-2025,10-10-2025,SwiftShip,Central,North,Central-North,Air,1110,Traffic,Delivered,1702.7,Economy
SHP001421,02/18/2025,02/20/2025,24-Feb-25,03-06-2025,MetroLogix,West,East,West-East,Road,880,Vehicle Issue,Delivered,1082.89,Standard
SHP001677,17-Apr-25,04/19/2025,04/25/2025,23-Apr-25,RoadRunner,North,South,North-South,Road,960,,Delivered,1416.13,Economy
SHP001468,17-Mar-25,03/20/2025,03/25/2025,27-03-2025,ParcelPro,East,South,East-South,Air,2340,Weather,Delivered,3284.71,Standard
SHP003375,25-Jun-25,28-Jun-25,08-07-2025,09-Jul-25,SkyFreight,East,West,East-West,Road,2090,Warehouse Backlog,Delivered,1791.85,Standard
SHP002742,20-10-2025,23-Oct-25,30-10-2025,10/29/2025,SkyFreight,Central,North,Central-North,Road,1310,,Delivered,1116.55,Express
SHP006467,11/15/2025,17-Nov-25,11/22/2025,11/22/2025,MetroLogix,North,Central,North-Central,Air,1440,,Delivered,2867.95,Express
SHP003654,01/29/2025,31-01-2025,02-06-2025,07-Feb-25,SwiftShip,Central,West,Central-West,Rail,1910,Traffic,Delivered,2124.88,Express
SHP001085,19-06-2025,21-06-2025,06/30/2025,06/30/2025,SwiftShip,South,Central,Unknown-Route,Rail,2330,,Delivered,1652.33,Economy
SHP004576,13-05-2025,15-05-2025,22-05-2025,22-05-2025,RoadRunner,West,Central,West-Central,Road,1200,,Delivered,934.87,Standard
SHP002696,08-05-2025,08-08-2025,12-08-2025,08/15/2025,ParcelPro,Central,East,Unknown-Route,Air,1230,Vehicle Issue,Delivered,1757.38,Express
SHP006246,25-11-2025,27-11-2025,11/29/2025,29-Nov-25,RoadRunner,West,Central,West-Central,Air,680,,Delivered,1058.93,Express
SHP004315,05-03-2025,06-May-25,05/14/2025,12-05-2025,SkyFreight,South,East,South-East,Road,1910,,Delivered,2609.37,Economy
SHP003679,07-Nov-25,08-Nov-25,14-11-2025,13-Nov-25,SwiftShip,East,Central,East-Central,Rail,2090,,Delivered,1169.54,Economy
SHP004397,27-Apr-25,04/28/2025,04/30/2025,30-Apr-25,SkyFreight,West,East,West-East,Air,920,,Delivered,1302.4,Economy
SHP004867,15-Mar-25,03/17/2025,26-03-2025,25-Mar-25,ParcelPro,North,Central,North-Central,Road,1930,,Delivered,1766.1,Express
SHP000715,05/22/2025,24-May-25,05/29/2025,30-May-25,ParcelPro,South,West,South-West,Road,490,Traffic,Delivered,594.72,Standard
SHP005030,03-11-2025,04-11-2025,07-11-2025,07-11-2025,RoadRunner,South,Central,South-Central,Road,320,,Delivered,340.92,Express
SHP000696,20-Jan-25,23-Jan-25,01-02-2025,05-02-2025,RoadRunner,East,Central,East-Central,Road,2270,Customs,Delivered,3249.05,Standard
SHP003554,28-01-2025,29-Jan-25,01-Feb-25,02-Feb-25,MetroLogix,North,East,North-East,Air,1060,Warehouse Backlog,Delivered,1392.22,Express
SHP005121,02-11-2025,11-04-2025,08-Nov-25,09-11-2025,ParcelPro,East,North,East-North,Air,440,Capacity Constraint,Delivered,930.75,Express
SHP002187,11-12-2025,16-Nov-25,11/20/2025,18-Nov-25,SwiftShip,South,East,South-East,Road,440,,Delivered,632.91,Express
SHP001608,04/23/2025,25-04-2025,05-02-2025,05-03-2025,ParcelPro,Central,North,Central-North,Road,1140,Warehouse Backlog,Delivered,1088.61,Standard
SHP002571,01-07-2025,09-01-2025,18-Jan-25,01/21/2025,SwiftShip,East,West,East-West,Road,1760,Customs,Delivered,1568.8,Standard
SHP000670,10/23/2025,25-10-2025,27-Oct-25,31-Oct-25,SwiftShip,West,Central,West-Central,Air,730,Capacity Constraint,Delivered,1317.95,Standard
SHP004746,11/15/2025,16-11-2025,20-11-2025,20-11-2025,SkyFreight,Central,West,Central-West,Rail,770,,Delivered,486.69,Standard
SHP001233,08-04-2025,04-11-2025,04/21/2025,04/22/2025,SwiftShip,Central,West,Central-West,Road,2300,Traffic,Delivered,1973.99,Standard
SHP001497,07-Jul-25,08-Jul-25,17-Jul-25,16-Jul-25,MetroLogix,North,Central,North-Central,Road,1970,,Delivered,2748.13,Express
SHP005014,20-10-2025,23-Oct-25,26-Oct-25,25-Oct-25,SwiftShip,South,North,South-North,Air,1200,,Delivered,1649.67,Standard
SHP000920,14-02-2025,17-02-2025,02/24/2025,02/22/2025,RoadRunner,South,North,South-North,Road,1560,,Delivered,1897.28,Express
SHP002429,08-02-2025,04-08-2025,13-Aug-25,13-08-2025,SkyFreight,North,Central,North-Central,Road,1700,,Delivered,1197.38,Standard
SHP003889,21-Jan-25,23-01-2025,02-02-2025,02-02-2025,MetroLogix,West,Central,West-Central,Road,1980,,Delivered,2444.52,Economy
SHP003048,01/19/2025,01/21/2025,01/28/2025,29-Jan-25,MetroLogix,East,West,East-West,Road,1180,Vehicle Issue,Delivered,1591.06,Express
SHP001094,22-Feb-25,24-02-2025,02-Mar-25,03-01-2025,SkyFreight,Central,West,Central-West,Rail,1770,,Delivered,1802.51,Economy
SHP002769,24-02-2025,02/25/2025,27-02-2025,03-02-2025,MetroLogix,South,East,South-East,Air,1150,Capacity Constraint,Delivered,1362.11,Standard
SHP000828,01-Sep-25,03-09-2025,07-09-2025,11-09-2025,RoadRunner,North,West,North-West,Air,1050,Vehicle Issue,Delivered,1418.71,Standard
SHP001358,02-Jan-25,04-Jan-25,09-01-2025,01-07-2025,SwiftShip,Central,East,Central-East,Road,1150,,Delivered,1327.16,Standard
SHP005268,06-11-2025,11-08-2025,10-11-2025,11-12-2025,MetroLogix,East,West,East-West,Air,870,Customs,Delivered,1486,Economy
SHP002975,06-12-2025,08-Dec-25,11-Dec-25,15-Dec-25,MetroLogix,North,South,North-South,Road,650,Capacity Constraint,Delivered,805.71,Express
SHP000224,28-10-2025,30-10-2025,02-Nov-25,02-Nov-25,RoadRunner,North,West,North-West,Air,1880,,Delivered,4036.65,Standard
SHP004874,01-03-2025,04-Jan-25,01-12-2025,01-11-2025,ParcelPro,West,North,West-North,Road,1930,,Delivered,1805.72,Express
SHP004455,20-Dec-25,22-Dec-25,26-12-2025,12/25/2025,SwiftShip,East,South,East-South,Rail,910,,Delivered,940.58,Economy
SHP005453,01-04-2025,01-05-2025,13-01-2025,13-01-2025,SkyFreight,North,West,North-West,Road,1770,,Delivered,1789.09,Economy
SHP004870,11-07-2025,14-Jul-25,07/19/2025,24-07-2025,MetroLogix,West,East,West-East,Road,780,Warehouse Backlog,Delivered,875.05,Standard
SHP005732,06-07-2025,06-09-2025,16-Jun-25,20-06-2025,SkyFreight,South,North,South-North,Rail,1650,Customs,Delivered,1292,Standard
SHP004878,24-06-2025,06/26/2025,29-06-2025,06-07-2025,SwiftShip,Central,North,Central-North,Air,1760,Vehicle Issue,Delivered,3502.62,Economy
SHP004656,29-Jan-25,30-Jan-25,02-08-2025,09-Feb-25,SkyFreight,North,Central,North-Central,Road,1750,Customs,Delivered,1531.37,Express
SHP001919,25-08-2025,27-Aug-25,04-09-2025,02-09-2025,ParcelPro,East,North,East-North,Road,1590,,Delivered,2289.18,Economy
SHP000115,06-02-2025,06-04-2025,09-06-2025,06-09-2025,SkyFreight,East,North,East-North,Road,1300,,Delivered,1650.84,Express
SHP003484,02/23/2025,25-02-2025,02/28/2025,28-02-2025,MetroLogix,East,South,East-South,Air,610,,Delivered,1389.36,Economy
SHP000717,06/16/2025,06/18/2025,06/20/2025,06/20/2025,SkyFreight,South,East,South-East,Rail,480,,Delivered,585.35,Economy
SHP005035,13-Jan-25,16-01-2025,01/20/2025,01/20/2025,ParcelPro,South,Central,South-Central,Road,540,,Delivered,639.93,Express
SHP002694,05-04-2025,04-06-2025,04-09-2025,16-Apr-25,MetroLogix,North,East,North-East,Rail,670,Vehicle Issue,Delivered,706.71,Economy
SHP005060,30-May-25,31-May-25,02-06-2025,03-06-2025,ParcelPro,East,West,East-West,Road,300,Vehicle Issue,Delivered,318.47,Express
SHP006063,09-Aug-25,12-Aug-25,17-08-2025,17-08-2025,ParcelPro,North,West,North-West,Road,840,,Delivered,1232.58,Express
SHP000602,13-04-2025,04/14/2025,23-04-2025,30-Apr-25,SkyFreight,East,Central,East-Central,Road,1910,Weather,Delivered,1943.28,Express
SHP001250,17-10-2025,19-10-2025,30-Oct-25,10/30/2025,SkyFreight,West,Central,West-Central,Road,2370,,Delivered,2026.42,Express
SHP004708,24-Mar-25,03/25/2025,30-03-2025,29-03-2025,ParcelPro,East,South,East-South,Road,840,,Delivered,1250.28,Express
SHP003738,08-Jul-25,09-07-2025,,19-07-2025,SkyFreight,North,West,North-West,Road,1630,Customs,Delivered,1502.35,Economy
SHP005636,22-Aug-25,24-Aug-25,28-Aug-25,,ParcelPro,North,West,North-West,Road,340,,In Transit,502.1,Express
SHP004453,01-08-2025,03-Aug-25,08-Aug-25,08-Aug-25,SkyFreight,West,East,West-East,Road,950,,Delivered,710.02,Express
SHP002622,22-Jun-25,23-06-2025,06/27/2025,25-Jun-25,SwiftShip,South,West,South-West,Road,860,,Delivered,969.19,Standard
SHP005186,11-Nov-25,13-11-2025,11/22/2025,27-Nov-25,MetroLogix,West,Central,West-Central,Rail,2390,Capacity Constraint,Delivered,1826.51,Express
SHP001676,24-Dec-25,12/27/2025,05-Jan-26,01-05-2026,RoadRunner,South,East,South-East,Road,1810,,Delivered,1613.63,Express
SHP003251,07-Oct-25,10-10-2025,14-Oct-25,10/14/2025,ParcelPro,West,Central,West-Central,Road,340,,Delivered,535.15,Economy
SHP005579,17-Feb-25,19-Feb-25,22-02-2025,20-02-2025,ParcelPro,North,East,North-East,Road,490,,Delivered,537.7,Standard
SHP006327,09-01-2025,12-01-2025,23-01-2025,21-01-2025,MetroLogix,South,West,South-West,Road,2250,,Delivered,1947.15,Standard
SHP000223,22-Aug-25,08/23/2025,30-08-2025,30-08-2025,RoadRunner,North,West,North-West,Road,1300,,Delivered,1298.16,Express
SHP001507,06/21/2025,06/23/2025,27-06-2025,30-Jun-25,ParcelPro,West,South,West-South,Road,330,Warehouse Backlog,Delivered,317.78,Economy
SHP001817,25-Jun-25,26-06-2025,06/30/2025,05-Jul-25,ParcelPro,South,Central,South-Central,Road,160,Capacity Constraint,Delivered,206.03,Economy
SHP001002,20-May-25,05/22/2025,27-May-25,05/28/2025,MetroLogix,West,Central,West-Central,Road,1220,Warehouse Backlog,Delivered,1007.63,Express
SHP002261,18-Dec-25,21-Dec-25,25-Dec-25,12/25/2025,RoadRunner,North,South,North-South,Air,1840,,Delivered,3903.45,Economy
SHP005730,06-11-2025,12-Jun-25,16-Jun-25,16-06-2025,ParcelPro,South,Central,South-Central,Road,780,,Delivered,1179.15,Economy
SHP000857,07/31/2025,03-Aug-25,05-Aug-25,08-03-2025,MetroLogix,West,North,West-North,Air,570,,Delivered,784.61,Economy
SHP004539,11-11-2025,14-Nov-25,11/19/2025,18-Nov-25,SwiftShip,East,North,East-North,Road,1300,,Delivered,1828.6,Standard
SHP006398,05-04-2025,08-Apr-25,10-Apr-25,04-11-2025,MetroLogix,Central,North,Central-North,Air,310,Traffic,Delivered,490.76,Economy
SHP006268,10/14/2025,10/17/2025,22-10-2025,10/22/2025,ParcelPro,West,North,West-North,Road,1260,,Delivered,1349.08,Standard
SHP003245,05/13/2025,05/15/2025,05/24/2025,26-May-25,RoadRunner,North,Central,North-Central,Road,2160,Vehicle Issue,Delivered,2359.31,Express
SHP003535,18-09-2025,20-Sep-25,23-Sep-25,25-09-2025,SwiftShip,East,West,East-West,Road,470,Traffic,Delivered,586.48,Express
SHP003236,04-12-2025,12-07-2025,15-12-2025,12/13/2025,SwiftShip,West,South,West-South,Road,1430,,Delivered,1138.99,Economy
SHP000121,13-Jun-25,14-06-2025,06/24/2025,24-06-2025,MetroLogix,Central,North,Central-North,Road,2240,,Delivered,2164.84,Economy
SHP000644,12/14/2025,16-Dec-25,12/22/2025,12/26/2025,RoadRunner,East,South,East-South,Road,900,Customs,Delivered,952.01,Economy
SHP004476,05/16/2025,17-05-2025,21-05-2025,05/20/2025,RoadRunner,West,East,West-East,Road,820,,Delivered,779.75,Express
SHP001584,01-10-2025,10-04-2025,12-Oct-25,13-Oct-25,MetroLogix,North,East,North-East,Road,1880,Customs,Delivered,1617.28,Standard
SHP003027,04/23/2025,25-Apr-25,30-04-2025,30-04-2025,SkyFreight,East,North,East-North,Road,500,,Delivered,540.68,Economy
SHP002617,06-04-2025,07-Apr-25,13-Apr-25,16-04-2025,SwiftShip,East,Central,East-Central,Rail,1940,Warehouse Backlog,Delivered,1416.78,Economy
SHP006141,29-Jun-25,07-02-2025,07-11-2025,07-09-2025,ParcelPro,South,West,South-West,Road,2190,,Delivered,2482.32,Standard
SHP004480,05/25/2025,05/27/2025,03-Jun-25,04-06-2025,SwiftShip,East,West,East-West,Road,1870,Traffic,Delivered,2305.03,Standard
SHP002437,06-Nov-25,11-07-2025,11-12-2025,11/13/2025,MetroLogix,North,West,North-West,Rail,720,Weather,Delivered,505.92,Express
SHP004845,09-08-2025,08-10-2025,15-08-2025,18-Aug-25,ParcelPro,North,West,North-West,Air,1890,Customs,Delivered,4115.59,Express
SHP005309,12-Oct-25,10/16/2025,19-Oct-25,26-10-2025,SkyFreight,North,East,North-East,Road,730,Capacity Constraint,Delivered,706.17,Standard
SHP003752,06-07-2025,09-Jul-25,07/17/2025,19-Jul-25,MetroLogix,East,North,East-North,Road,1660,Warehouse Backlog,Delivered,1374.99,Standard
SHP000416,08-Dec-25,12-10-2025,13-Dec-25,13-Dec-25,RoadRunner,West,Central,West-Central,Road,150,,Delivered,197.35,Express
SHP005520,15-Jul-25,07/16/2025,07/21/2025,07/19/2025,SkyFreight,South,Central,South-Central,Air,1930,,Delivered,4091.73,Express
SHP004473,04-11-2025,07-11-2025,10-Nov-25,09-11-2025,MetroLogix,South,East,South-East,Road,220,,Delivered,271.38,Economy
SHP000007,03-Oct-25,10-05-2025,08-Oct-25,09-Oct-25,MetroLogix,Central,South,Central-South,Road,680,Traffic,Delivered,613.59,Standard
SHP001184,15-Oct-25,17-10-2025,10/27/2025,10/26/2025,ParcelPro,South,West,South-West,Road,2400,,Delivered,2438.13,Standard
SHP003888,21-Jun-25,22-06-2025,01-07-2025,07-11-2025,SwiftShip,Central,North,Central-North,Road,1840,Vehicle Issue,Delivered,1974.93,Express
SHP005883,06-10-2025,09-Oct-25,17-10-2025,10/18/2025,RoadRunner,Central,North,Unknown-Route,Road,1440,Traffic,Delivered,1694.68,Economy
SHP005169,17-Oct-25,10/20/2025,27-Oct-25,,RoadRunner,West,East,West-East,Road,1790,Capacity Constraint,In Transit,1812.77,Economy
SHP001030,03-Feb-25,04-02-2025,10-Feb-25,14-Feb-25,SkyFreight,East,West,East-West,Road,1470,Warehouse Backlog,Delivered,1853.95,Express
SHP003577,07/27/2025,28-07-2025,08-04-2025,08-04-2025,ParcelPro,West,Central,West-Central,Road,1170,,Delivered,1672.93,Standard
SHP002228,09-08-2025,11-Aug-25,08/15/2025,15-08-2025,SkyFreight,North,East,North-East,Air,370,,Delivered,830.91,Economy
SHP000759,03/20/2025,23-03-2025,01-Apr-25,30-03-2025,SwiftShip,West,North,West-North,Road,2280,,Delivered,3038.99,Economy
SHP000565,21-Feb-25,22-Feb-25,03-05-2025,03-05-2025,SwiftShip,South,West,South-West,Road,2340,,Delivered,2404.12,Economy
SHP006158,26-02-2025,03-02-2025,04-Mar-25,03-04-2025,MetroLogix,West,East,West-East,Air,750,,Delivered,1796.92,Standard
SHP002441,11-01-2025,03-11-2025,08-11-2025,09-Nov-25,MetroLogix,South,Central,South-Central,Road,650,Warehouse Backlog,Delivered,881.35,Economy
SHP001231,26-03-2025,29-Mar-25,03-Apr-25,04-04-2025,ParcelPro,West,East,West-East,Road,1000,Capacity Constraint,Delivered,1190.7,Economy
SHP001971,24-07-2025,07/26/2025,29-07-2025,05-08-2025,MetroLogix,Central,West,Central-West,Air,490,Warehouse Backlog,Delivered,904.81,Express
SHP005525,30-Jul-25,02-08-2025,11-Aug-25,09-08-2025,SkyFreight,North,South,North-South,Road,2090,,Delivered,"$1,893.99",Standard
SHP001368,23-Aug-25,08/24/2025,28-Aug-25,30-08-2025,ParcelPro,East,North,East-North,Rail,440,Warehouse Backlog,Delivered,345.28,Economy
SHP004231,01-Nov-25,05-11-2025,11/14/2025,11/16/2025,SwiftShip,West,South,West-South,Road,2030,Vehicle Issue,Delivered,2521.5,Standard
SHP002371,23-Nov-25,26-Nov-25,11/28/2025,29-Nov-25,SwiftShip,North,Central,North-Central,Air,1290,Customs,Delivered,2231.95,Standard
SHP004882,05/28/2025,05/30/2025,05-Jun-25,09-06-2025,MetroLogix,North,West,North-West,Road,1500,Warehouse Backlog,Delivered,1989.96,Economy
SHP003961,06-04-2025,05-06-2025,09-Jun-25,06/13/2025,SkyFreight,West,Central,West-Central,Road,170,Capacity Constraint,Delivered,279.12,Express
SHP004936,02-Dec-25,12-04-2025,09-12-2025,07-12-2025,SwiftShip,South,East,South-East,Air,2300,,Delivered,3514.79,Standard
SHP006212,05/22/2025,25-05-2025,05/29/2025,29-05-2025,ParcelPro,South,East,South-East,Road,690,,Delivered,600.01,Express
SHP004812,02-Mar-25,03-04-2025,30-12-2024,03/18/2025,RoadRunner,East,West,East-West,Road,1520,Traffic,Delivered,1207.58,Standard
SHP005232,12-11-2025,14-11-2025,11/20/2025,20-11-2025,ParcelPro,North,South,North-South,Road,1370,,Delivered,1716.48,Economy
SHP002456,27-Mar-25,03/30/2025,04-04-2025,06-04-2025,RoadRunner,South,East,South-East,Rail,1550,Weather,Delivered,1612.77,Express
SHP001937,01-Aug-25,02-08-2025,08-06-2025,06-08-2025,RoadRunner,West,East,West-East,Air,1930,,Delivered,3848.37,Economy
SHP006047,05-07-2025,07-Jul-25,10-Jul-25,17-07-2025,SwiftShip,West,South,West-South, air ,2230,Capacity Constraint,Delivered,2607.84,Standard
SHP004607,08/30/2025,02-Sep-25,06-09-2025,,SkyFreight,Central,West,Central-West,Rail,360,Vehicle Issue,In Transit,440.21,Express
SHP004884,25-07-2025,07/26/2025,07/30/2025,02-Aug-25,SwiftShip,South,North,South-North,Road,580,Capacity Constraint,Delivered,557.86,Standard
SHP005677,22-03-2025,23-Mar-25,30-03-2025,04-03-2025,MetroLogix,North,South,North-South,Rail,1500,Customs,Delivered,1725.63,Economy
SHP003140,25-Mar-25,03/27/2025,03-04-2025,04-03-2025,SkyFreight,East,Central,East-Central,Road,1480,,Delivered,2064.91,Express
SHP005167,14-Oct-25,16-Oct-25,21-Oct-25,10/20/2025,SwiftShip,West,South,West-South,Rail,900,,Delivered,847.14,Express
SHP005428,11-06-2025,09-Nov-25,16-Nov-25,21-11-2025,ParcelPro,Central,South,Central-South,Rail,1780,Weather,Delivered,1571.38,Economy
SHP000077,08/20/2025,23-08-2025,31-08-2025,31-08-2025,SkyFreight,South,North,South-North,Road,1980,,Delivered,2396.93,Standard
SHP006198,11-Oct-25,10/14/2025,18-Oct-25,10/16/2025,RoadRunner,Central,West,Central-West,Road,240,,Delivered,310.09,Standard
SHP005904,06-Mar-25,08-Mar-25,12-03-2025,03/14/2025,SkyFreight,West,Central,West-Central,Road,960,Weather,Delivered,964.56,Express
SHP006193,03/18/2025,03/19/2025,29-Mar-25,03/31/2025,ParcelPro,West,North,West-North,Road,2370,Capacity Constraint,Delivered,3034.98,Standard
SHP003220,02/19/2025,02/22/2025,01-Mar-25,27-Feb-25,RoadRunner,North,Central,North-Central,Road,1320,,Delivered,1886.37,Economy
SHP000381,12/13/2025,15-12-2025,17-12-2025,18-12-2025,MetroLogix,West,South,West-South,Road,140,Warehouse Backlog,Delivered,257.15,Standard
SHP005539,01-08-2025,11-01-2025,16-Jan-25,,SkyFreight,East,North,East-North,Air,2100,,Cancelled,2561.58,Standard
SHP005220,07/14/2025,07/17/2025,07/23/2025,21-Jul-25,MetroLogix,North,East,North-East,Road,910,,Delivered,761.68,Economy
SHP002300,10/14/2025,10/16/2025,22-Oct-25,20-Oct-25,MetroLogix,South,North,South-North,Road,810,,Delivered,1109.21,Standard
SHP003110,19-Dec-25,21-Dec-25,28-12-2025,30-Dec-25,SwiftShip,North,West,North-West,Road,1450,Weather,Delivered,1676.87,Express
SHP000263,08-11-2025,08/13/2025,08/17/2025,27-Aug-25,SwiftShip,East,North,East-North,Road,960,Weather,Delivered,1305.57,Express
SHP004494,07/22/2025,25-07-2025,31-Jul-25,03-Aug-25,SkyFreight,South,Central,South-Central,Rail,1850,Customs,Delivered,1912.08,Standard
SHP004510,17-03-2025,19-03-2025,27-03-2025,26-03-2025,MetroLogix,North,Central,North-Central,Rail,1810,,Delivered,1732.73,Economy
SHP005926,28-Jan-25,01/31/2025,04-Feb-25,05-02-2025,RoadRunner,South,West,South-West,Road,1020,Warehouse Backlog,Undelivered,767.76,Economy
SHP004944,14-May-25,05/16/2025,19-05-2025,17-05-2025,MetroLogix,South,West,South-West,Road,670 km,,Delivered,690.19,Express
SHP006304,03/27/2025,31-Mar-25,04-04-2025,03-04-2025,SwiftShip,North,West,North-West,Air,500,,Delivered,977.95,Economy
SHP002176,14-Oct-25,10/15/2025,10/17/2025,17-10-2025,  METROLOGIX  ,West,Central,West-Central,Air,1160,,Delivered,2382.1,Express
SHP003920,17-Oct-25,20-10-2025,23-Oct-25,11-02-2025,MetroLogix,West,South,West-South,Rail,470,Warehouse Backlog,Delivered,545.21,Express
SHP004314,27-Apr-25,29-04-2025,06-May-25,05-07-2025,MetroLogix,South,East,South-East,Road,1880,Customs,Delivered,1820.3,Economy
SHP000627,31-Dec-25,03-01-2026,07-01-2026,14-Jan-26,ParcelPro,Central,North,Central-North,Road,520,Traffic,Undelivered,510.63,Express
SHP002222,09-Feb-25,10-02-2025,02/13/2025,02/14/2025,SwiftShip,North,Central,North-Central,Air,880,Customs,Delivered,2006.63,Standard
SHP005340,16-07-2025,17-07-2025,27-Jul-25,25-07-2025,SwiftShip,South,East,South-East,Road,2090,,Delivered,1595.75,Economy
SHP003392,10-Jun-25,12-Jun-25,20-06-2025,18-Jun-25,SkyFreight,Central,North,Central-North,Road,1550,,Delivered,2027.75,Express
SHP003518,25-Oct-25,10/28/2025,11-04-2025,11-04-2025,RoadRunner,North,West,North-West,Road,1760,,Delivered,1506.34,Economy
SHP002665,06-10-2025,08-10-2025,15-10-2025,15-10-2025,MetroLogix,Central,West,Central-West,Road,1250,,Delivered,1412.25,Express
SHP001132,26-05-2025,05/28/2025,30-May-25,01-Jun-25,RoadRunner,Central,West,Central-West,Air,1020,Capacity Constraint,Delivered,2050.95,Standard
SHP001337,08/21/2025,08/22/2025,25-Aug-25,26-08-2025,SkyFreight,South,East,South-East,Road,620,Vehicle Issue,Delivered,859.81,Standard
SHP004674,02-04-2025,02-06-2025,10-Feb-25,14-02-2025,ParcelPro,South,North,South-North,Rail,1200,Vehicle Issue,Delivered,1382.58,Economy
SHP005178,03-02-2025,04-03-2025,09-03-2025,03-12-2025,SwiftShip,East,South,East-South,Air,1380,Weather,Delivered,3222.56,Economy
SHP003879,03-Nov-25,04-Nov-25,11-06-2025,13-Nov-25,MetroLogix,South,Central,South-Central,Air,980,Weather,Delivered,2038.33,Standard
SHP000955,27-07-2025,07/29/2025,03-Aug-25,08-04-2025,SkyFreight,North,West,North-West,Road,1320,Weather,Delivered,1653.94,Express
SHP000291,09/22/2025,24-09-2025,03-Oct-25,05-10-2025,RoadRunner,North,West,North-West,Road,1840,Warehouse Backlog,Delivered,2520.16,Economy
SHP005947,14-Nov-25,17-11-2025,24-11-2025,01-Dec-25,MetroLogix,Central,North,Central-North,Road,1500,Weather,Delivered,1296.8,Standard
SHP002983,06/20/2025,06/22/2025,02-Jul-25,30-06-2025,MetroLogix,Central,East,Central-East,Road,2120,,Delivered,1892.59,Economy
SHP002914,07-05-2025,10-05-2025,17-05-2025,17-05-2025,RoadRunner,North,East,North-East,Road,1140,,Delivered,1344.95,Express
SHP000589,07/26/2025,28-Jul-25,31-07-2025,05-Aug-25,SwiftShip,West,South,West-South,Air,1940,Weather,Delivered,3814.75,Economy
SHP001193,29-Apr-25,01-05-2025,06-05-2025,07-05-2025,SwiftShip,East,West,East-West,Rail,850,Weather,Delivered,864.07,Express
SHP000758,17-11-2025,11/18/2025,24-11-2025,24-Nov-25,SkyFreight,Central,East,Central-East,Rail,1730,,Delivered,1784.27,Economy
SHP000270,19-06-2025,22-Jun-25,27-06-2025,06/26/2025,RoadRunner,South,Central,South-Central,Air,1360,,Delivered,3081.81,Express
SHP001896,02-05-2025,02-07-2025,02-11-2025,14-Feb-25,RoadRunner,East,West,East-West,Road,990,Customs,Delivered,1229.87,Standard
SHP005656,30-10-2025,31-10-2025,11-04-2025,02-11-2025,ParcelPro,West,East,West-East,Road,780,,Delivered,825.46,Express
SHP005568,04-09-2025,05-Sep-25,12-Sep-25,19-09-2025,SkyFreight,East,North,East-North,Road,1470,Vehicle Issue,Delivered,1335.32,Express
SHP000667,04-05-2025,06-May-25,09-May-25,05-07-2025,RoadRunner,South,North,South-North,Air,1350,,Delivered,2543.09,Economy
SHP000707,28-Dec-25,31-Dec-25,04-01-2026,01-04-2026,SkyFreight,North,West,North-West,Air,1050,,Delivered,1677.12,Standard
SHP001622,21-03-2025,22-03-2025,27-03-2025,31-03-2025,MetroLogix,West,Central,West-Central,Air,1770,Warehouse Backlog,Delivered,3414.06,Standard
SHP002389,11-03-2025,07-11-2025,10-11-2025,10-11-2025,RoadRunner,East,Central,East-Central,Road,310,,Delivered,500.84,Economy
SHP000140,27-02-2025,02/28/2025,03-04-2025,02-03-2025,ParcelPro,South,East,South-East,Road,370 km,,Delivered,398.41,Standard
SHP005779,13-Mar-25,03/16/2025,18-03-2025,18-Mar-25,MetroLogix,South,Central,South-Central,Road,230,,Delivered,406,Standard
SHP004765,18-12-2025,20-Dec-25,30-Dec-25,30-Dec-25,SkyFreight,East,West,East-West,Road,2150,,Delivered,2158.86,Standard
SHP001142,26-01-2025,27-01-2025,01/31/2025,02-Feb-25,MetroLogix,Central,West,Central-West,Air,260,Customs,Delivered,392.05,Standard
SHP000635,08/15/2025,17-Aug-25,23-Aug-25,,MetroLogix,West,East,West-East,Road,1050,,In Transit,874.08,Express
SHP005049,29-07-2025,02-08-2025,04-Aug-25,,SwiftShip,West,South,West-South,Air,530,,Cancelled,1339.55,Economy
SHP001098,03-01-2025,02-Mar-25,06-03-2025,03-08-2025,SwiftShip,South,Central,South-Central,Road,560,Vehicle Issue,Delivered,773.09,Standard
SHP002450,21-10-2025,22-Oct-25,24-10-2025,,MetroLogix,Central,East,Central-East,Road,380,,In Transit,444.72,Standard
SHP005817,25-04-2025,26-04-2025,05-05-2025,05-05-2025,SkyFreight,South,East,South-East,Road,2200,,Delivered,1782.47,Express
SHP004210,06-06-2025,06-08-2025,13-06-2025,06-12-2025,SkyFreight,East,North,East-North,Rail,630,,Delivered,558.58,Economy
SHP003525,27-05-2025,28-05-2025,01-06-2025,01-06-2025,RoadRunner,South,Central,South-Central,Rail,910,,Delivered,986.32,Standard
SHP002636,01/28/2025,30-Jan-25,05-02-2025,02-12-2025,SwiftShip,North,Central,North-Central,Road,1600,Customs,Delivered,1227.38,Express
SHP001644,08-05-2025,08-07-2025,10-Aug-25,10-08-2025,ParcelPro,West,South,West-South,Road,730,,Delivered,719.05,Standard
SHP005161,17-06-2025,19-06-2025,27-Jun-25,27-06-2025,SkyFreight,North,East,North-East,Road,1570,,Delivered,1122.9,Standard
SHP000452,13-08-2025,15-08-2025,19-Aug-25,19-Aug-25,RoadRunner,South,East,South-East,Air,2220,,Delivered,3738.61,Express
SHP002089,09-09-2025,12-09-2025,18-Sep-25,09/28/2025,SwiftShip,East,Central,East-Central,Road,1630,Vehicle Issue,Delivered,1349,Express
SHP005993,20-Jun-25,23-Jun-25,26-Jun-25,29-06-2025,RoadRunner,Central,North,Central-North,Road,340,Warehouse Backlog,Delivered,513.28,Standard
SHP003347,09/20/2025,22-Sep-25,26-09-2025,28-Sep-25,ParcelPro,South,Central,South-Central,Air,2060,Capacity Constraint,Delivered,4276.24,Economy
SHP004640,26-Jun-25,28-Jun-25,07-02-2025,03-07-2025,MetroLogix,Central,West,Central-West,Road,580,Customs,Delivered,610.46,Express
SHP005790,02/14/2025,16-Feb-25,02/23/2025,24-Feb-25,ParcelPro,South,East,South-East,Road,1110,Traffic,Undelivered,874.76,Standard
SHP001857,05-Jun-25,07-Jun-25,17-06-2025,21-06-2025,ParcelPro,South,Central,South-Central,Road,2330,Warehouse Backlog,Delivered,3167.34,Standard
SHP003747,09/22/2025,09/24/2025,10-04-2025,10-04-2025,ParcelPro,West,North,West-North,Road,2030,,Delivered,1544.25,Standard
SHP000681,03-02-2025,06-02-2025,02/16/2025,02/15/2025,SwiftShip,East,Central,East-Central,Road,2230,,Delivered,2643.77,Standard
SHP003332,07-10-2025,10-10-2025,10/17/2025,10/19/2025,SkyFreight,South,North,South-North,Road,1210,Warehouse Backlog,Delivered,1679.26,Standard
SHP001773,08-02-2025,05-08-2025,12-08-2025,16-Aug-25,SwiftShip,West,North,West-North,Road,1390,Customs,Delivered,1586.14,Economy
SHP000596,21-09-2025,24-Sep-25,10-04-2025,10-03-2025,SkyFreight,South,East,South-East,Road,2080,,Delivered,2110.21,Standard
SHP005695,12-Mar-25,13-Mar-25,03/18/2025,03/17/2025,RoadRunner,West,South,West-South,Air,2290,,Delivered,3734.53,Express
SHP003121,17-Nov-25,19-Nov-25,26-11-2025,25-Nov-25,SkyFreight,West,East,West-East,Road,1530,,Delivered,1853.32,Economy
SHP004047,03/26/2025,29-Mar-25,03-Apr-25,04-08-2025,SkyFreight,East,South,East-South,Road,1300,Customs,Delivered,1070.23,Express
SHP003295,06-07-2025,09-07-2025,13-07-2025,11-Jul-25,  METROLOGIX  ,North,South,North-South,Rail,500,,Delivered,523.31,Standard
SHP006078,03-11-2025,11-05-2025,10-Nov-25,13-11-2025,SkyFreight,South,East,South-East,Air,1770,Traffic,Undelivered,3568.88,Economy
SHP004519,14-10-2025,16-10-2025,19-Oct-25,21-10-2025,MetroLogix,West,East,West-East,Road,640,Vehicle Issue,Delivered,654.18,Standard
SHP003150,09-10-2025,12-09-2025,09/16/2025,09/19/2025,MetroLogix,North,South,North-South,Air,1130,Vehicle Issue,Delivered,2129.46,Standard
SHP003134,31-01-2025,02-01-2025,02-05-2025,02-10-2025,MetroLogix,South,North,South-North,Road,550,Customs,Delivered,623.95,Economy
SHP002214,12/20/2025,21-Dec-25,12/25/2025,30-Dec-25,MetroLogix,West,South,West-South,Rail,760,Vehicle Issue,Delivered,737.29,Standard
SHP001095,10/26/2025,30-Oct-25,07-Nov-25,11-Nov-25,ParcelPro,East,South,East-South,Road,1590,Weather,Delivered,1632.82,Standard
SHP001806,11/23/2025,25-Nov-25,30-Nov-25,02-12-2025,SwiftShip,East,South,East-South,Road,760,Capacity Constraint,Delivered,729.06,Express
SHP002660,01-06-2025,03-06-2025,08-Jun-25,06-07-2025,ParcelPro,West,Central,West-Central,Road,1010,,Delivered,1474.38,Standard
SHP004672,27-May-25,30-May-25,06-06-2025,06-04-2025,SkyFreight,North,West,North-West,Road,1140,,Delivered,878.01,Express
SHP004955,06-11-2025,08-11-2025,15-Nov-25,17-Nov-25,SkyFreight,North,East,North-East,Road,1070,Weather,Delivered,1002.44,Economy
SHP002565,04-Aug-25,05-08-2025,11-Aug-25,11-Aug-25,SkyFreight,East,North,East-North,Air,2280,,Delivered,3003.03,Express
SHP003737,06-Sep-25,09-09-2025,09/13/2025,14-09-2025,ParcelPro,North,East,North-East,Air,1670,Traffic,Delivered,3666.4,Standard
SHP006344,11-06-2025,06/13/2025,16-Jun-25,14-Jun-25,RoadRunner,South,East,South-East,Road,250,,Delivered,438.24,Express
SHP006499,09/28/2025,30-Sep-25,10-10-2025,,ParcelPro,South,Central,South-Central,Road,2020,Weather,Cancelled,2419.34,Economy
SHP003481,11/16/2025,17-Nov-25,27-Nov-25,01-Dec-25,SkyFreight,South,East,South-East,Road,2220,Weather,Delivered,2441.33,Standard
SHP001559,02-02-2025,02-05-2025,10-02-2025,,RoadRunner,West,South,West-South,Rail,770,Traffic,In Transit,738.35,Standard
SHP003754,12-06-2025,08-12-2025,12-12-2025,12-12-2025,SwiftShip,South,East,South-East,Air,1350,,Delivered,2479.24,Express
SHP002954,18-Sep-25,19-Sep-25,22-09-2025,09/20/2025,SwiftShip,South,Central,South-Central,Air,2140,,Delivered,5023.98,Express
SHP005395,09-10-2025,10-Oct-25,13-10-2025,20-Oct-25,SkyFreight,West,Central,West-Central,Road,380,Traffic,Delivered,580.97,Economy
SHP004826,08/13/2025,14-Aug-25,08/22/2025,08/22/2025,SwiftShip,North,Central,North-Central,Road,1360,,Delivered,1778.63,Express
SHP003755,04-05-2025,04-08-2025,04/13/2025,14-04-2025,MetroLogix,South,Central,South-Central,Road,970,Warehouse Backlog,Delivered,1143.41,Standard
SHP006332,12/29/2025,30-Dec-25,03-01-2026,,SwiftShip,Central,West,Central-West,Road,800,Traffic,In Transit,1075.85,Standard
SHP001459,02-Jun-25,06-03-2025,09-Jun-25,14-06-2025,SkyFreight,North,West,North-West,Road,1610,Warehouse Backlog,Delivered,1147.31,Express
SHP000255,16-Mar-25,03/19/2025,28-03-2025,27-03-2025,MetroLogix,North,West,North-West,Road,2200,,Delivered,2744.98,Economy
SHP002490,07/22/2025,24-Jul-25,30-07-2025,30-07-2025,SkyFreight,South,West,South-West,Road,830,,Delivered,765.9,Express
SHP006383,12/28/2025,29-12-2025,01-05-2026,04-Jan-26,MetroLogix,West,North,West-North,Road,1390,,Undelivered,1916.35,Economy
SHP005759,03/20/2025,22-Mar-25,29-Mar-25,08-04-2025,MetroLogix,North,East,North-East,Road,1420,Capacity Constraint,Delivered,1442.7,Express
SHP001067,04-01-2025,03-Apr-25,10-04-2025,20-Apr-25,SwiftShip,North,Central,North-Central,Road,1580,Vehicle Issue,Delivered,1871.43,Express
SHP001105,28-Jan-25,29-Jan-25,31-Jan-25,05-02-2025,SwiftShip,East,West,East-West,Road,380,Customs,Delivered,543.05,Express
SHP004009,01-06-2025,07-01-2025,01-12-2025,14-Jan-25,SkyFreight,Central,West,Central-West,Air,2320,Warehouse Backlog,Delivered,3730.9,Standard
SHP006482,04-08-2025,11-Apr-25,13-Apr-25,12-Apr-25,ParcelPro,East,South,East-South,Air,790,,Delivered,1151.16,Standard
SHP000751,14-Oct-25,17-Oct-25,26-Oct-25,10/26/2025,ParcelPro,North,East,North-East,Road,2220,,Delivered,3088.62,Economy
SHP006447,14-Mar-25,16-Mar-25,03/18/2025,20-Mar-25,RoadRunner,West,Central,West-Central,Air,380,Weather,Delivered,637.26,Economy
SHP005053,29-Jul-25,07/31/2025,08-02-2025,02-Aug-25,ParcelPro,West,Central,West-Central,Rail,450,,Delivered,485.17,Standard
SHP006254,06-09-2025,09-09-2025,09/16/2025,16-Sep-25,SkyFreight,South,North,South-North,Road,1710,,Delivered,1387.88,Economy
SHP001442,18-Jan-25,01/21/2025,25-01-2025,30-Jan-25,SkyFreight,West,Central,West-Central,Rail,540,Weather,Delivered,507.33,Express
SHP003034,03-01-2025,03-03-2025,07-Mar-25,05-03-2025,RoadRunner,North,West,North-West,Rail,970,,Delivered,1110.27,Standard
SHP004675,11-Aug-25,08/13/2025,08/23/2025,08/22/2025,ParcelPro,West,Central,West-Central,Road,2240,,Delivered,2678.44,Express
SHP002907,25-03-2025,27-Mar-25,31-03-2025,03-04-2025,SkyFreight,North,East,North-East,Road,350,Weather,Delivered,435.32,Standard
SHP004801,11-Oct-25,14-10-2025,10/18/2025,20-Oct-25,MetroLogix,North,West,North-West,Road,860,Customs,Delivered,853.59,Standard
SHP002395,09-01-2025,01-11-2025,01/19/2025,20-01-2025,RoadRunner,East,West,East-West,Road,1660,Warehouse Backlog,Delivered,1878.4,Economy
SHP005940,22-06-2025,23-06-2025,26-06-2025,28-06-2025,MetroLogix,East,South,East-South,Air,2180,Traffic,Delivered,5107.7,Economy
SHP002752,24-07-2025,07/27/2025,30-Jul-25,08-01-2025,ParcelPro,Central,East,Central-East,Road,240,Warehouse Backlog,Delivered,304.05,Standard
SHP006048,03/26/2025,28-Mar-25,02-04-2025,04-06-2025,ParcelPro,Central,West,Central-West,Air,1540,Customs,Delivered,2119.94,Economy
SHP004964,09-06-2025,10-Jun-25,06/18/2025,16-06-2025,SkyFreight,Central,West,Central-West,Road,1970,,Undelivered,1465.54,Express
SHP004615,22-08-2025,25-08-2025,28-08-2025,28-08-2025,ParcelPro,West,North,West-North,Air,2060,,Delivered,3888,Express
SHP006080,06-02-2025,05-06-2025,09-06-2025,10-Jun-25,RoadRunner,North,Central,North-Central,Road,590,Customs,Delivered,617.59,Express
SHP002168,26-01-2025,27-01-2025,02-05-2025,02-05-2025,RoadRunner,North,South,North-South,Road,2140,,Delivered,2963.43,Economy
SHP001951,09-Nov-25,11-11-2025,11/16/2025,23-Nov-25,SkyFreight,Central,East,Central-East,Air,1920,Customs,Delivered,4063.09,Express
SHP000906,14-Nov-25,16-11-2025,22-Nov-25,02-Dec-25,RoadRunner,West,South,West-South,Road,920,Vehicle Issue,Delivered,771.05,Standard
SHP002271,13-May-25,14-May-25,18-05-2025,17-05-2025,MetroLogix,East,West,East-West,Air,180,,Delivered,458.04,Standard
SHP001542,08/14/2025,08/16/2025,20-08-2025,08/21/2025,ParcelPro,East,South,East-South,Air,1460,Vehicle Issue,Delivered,3026.66,Express
SHP002367,08-Oct-25,10-Oct-25,18-10-2025,17-Oct-25,SwiftShip,South,Central,South-Central,Road,1390,,Delivered,1000.73,Standard
SHP001510,23-02-2025,25-Feb-25,01-Mar-25,04-Mar-25,MetroLogix,West,Central,West-Central,Air,1930,Vehicle Issue,Delivered,3468,Economy
SHP003089,02/17/2025,02/20/2025,02/27/2025,27-02-2025,SwiftShip,East,Central,East-Central,Road,1320,,Delivered,1155.44,Standard
SHP004695,10-06-2025,08-10-2025,12-Oct-25,,SwiftShip,Central,East,Central-East,Air,590,,Delivered,1002.36,Standard
SHP003572,23-Feb-25,25-02-2025,01-03-2025,01-03-2025,  SKYFREIGHT  ,West,Central,West-Central,Road,140,,Delivered,189.75,Standard
SHP002497,02-08-2025,04-Aug-25,07-08-2025,08-07-2025,RoadRunner,East,South,East-South,Air,1110,,Delivered,1449.71,Economy
SHP003508,06/27/2025,28-Jun-25,07-02-2025,02-Jul-25,ParcelPro,Central,South,Central-South,Road,340,,Delivered,328.33,Economy
SHP004698,11/21/2025,24-Nov-25,11/28/2025,12-05-2025,SwiftShip,East,West,East-West,Air,1250,Customs,Delivered,2785.96,Express
SHP006069,07-07-2025,09-Jul-25,15-Jul-25,15-07-2025,ParcelPro,West,Central,West-Central,Road,1440,,Delivered,1572.45,Standard
SHP000298,01/25/2025,01/27/2025,31-01-2025,01/29/2025,ParcelPro,West,East,West-East,Air,1330,,Delivered,2509.86,Express
SHP006278,21-11-2025,22-11-2025,11/26/2025,11/29/2025,SwiftShip,West,South,West-South,Road,820,Capacity Constraint,Delivered,1104.17,Standard
SHP003364,29-05-2025,05/30/2025,06-04-2025,11-Jun-25,SwiftShip,Central,North,Central-North,Road,1300,Traffic,Delivered,1020.97,Express
SHP002366,01-12-2025,14-Jan-25,01/21/2025,01/24/2025,ParcelPro,East,South,East-South,Road,1450,Warehouse Backlog,Delivered,1035.36,Standard
SHP004627,26-Feb-25,03-01-2025,06-03-2025,06-Mar-25,ParcelPro,East,North,East-North,Air,1810,,Delivered,3205.83,Economy
SHP002800,05-02-2025,02-07-2025,02/15/2025,15-02-2025,MetroLogix,South,West,South-West,Road,1590,,Delivered,2147.4,Standard
SHP001163,04-12-2025,06-12-2025,11-12-2025,18-Dec-25,ParcelPro,East,Central,East-Central,Rail,"1,570 km",Weather,Delivered,1416.92,Standard
SHP002970,10-04-2025,12-04-2025,15-Apr-25,17-04-2025,MetroLogix,West,Central,West-Central,Air,1730,Weather,Delivered,2023.89,Standard
SHP004161,06-Mar-25,08-03-2025,03-12-2025,12-03-2025,ParcelPro,North,East,North-East,Air,1630,,Delivered,2861.46,Standard
SHP005284,02-02-2025,04-Feb-25,10-02-2025,10-Feb-25,SwiftShip,East,Central,East-Central,Road,1560,,Delivered,1870.21,Standard
SHP000105,06-Aug-25,08-07-2025,08-09-2025,09-Aug-25,MetroLogix,Central,West,Central-West,Road,380,,Delivered,458.44,Express
SHP005119,08-04-2025,10-04-2025,04/17/2025,22-04-2025,MetroLogix,Central,North,Central-North,Road,1500,Weather,Delivered,1765.53,Standard
SHP000016,16-May-25,19-05-2025,24-May-25,25-05-2025,SkyFreight,South,North,South-North,Air,1990,Traffic,Delivered,3758.48,Express
SHP004469,30-11-2025,12-02-2025,12-09-2025,08-Dec-25,SwiftShip,West,South,West-South,Rail,2180,,Delivered,1704.48,Standard
SHP003761,14-Jun-25,18-06-2025,06/22/2025,06/22/2025,RoadRunner,East,South,East-South,Road,440,,Delivered,511.23,Express
SHP001293,11/30/2025,01-Dec-25,12-09-2025,08-12-2025,SwiftShip,North,West,North-West,Road,1490,,Delivered,1752.66,Express
SHP003793,26-09-2025,28-09-2025,30-09-2025,02-10-2025,SkyFreight,Central,West,Central-West,Road,410,Traffic,Delivered,527.64,Express
SHP000366,22-12-2025,23-Dec-25,29-Dec-25,12/29/2025,SwiftShip,East,Central,East-Central,Road,1300,,Delivered,1002.87,Express
SHP005077,08-01-2025,01-09-2025,12-Jan-25,01/13/2025,SwiftShip,North,West,North-West,Rail,290,Capacity Constraint,Delivered,314.93,Standard
SHP004780,28-02-2025,02-Mar-25,08-03-2025,08-Mar-25,RoadRunner,East,South,East-South,Road,1590,,Delivered,2009.36,Express
SHP005693,21-08-2025,24-Aug-25,27-08-2025,25-Aug-25,MetroLogix,South,West,South-West,Air,120,,Delivered,331.57,Standard
SHP000269,10/27/2025,28-10-2025,30-Oct-25,30-Oct-25,RoadRunner,Central,North,Central-North,Rail,550,,Delivered,509.17,Economy
SHP001395,07-09-2025,07-12-2025,16-Jul-25,07/18/2025,SkyFreight,South,Central,South-Central,Road,1030,Vehicle Issue,Delivered,854.13,Express
SHP004714,26-Aug-25,08/27/2025,01-09-2025,01-Sep-25,SwiftShip,Central,North,Central-North,Air,1520,,Delivered,3420.15,Standard
SHP003490,01-04-2025,06-Jan-25,11-Jan-25,13-Jan-25,MetroLogix,West,Central,West-Central,Air,2110,Traffic,Delivered,3551.39,Standard
SHP006062,01/26/2025,28-Jan-25,30-01-2025,02-03-2025,  SKYFREIGHT  ,East,South,East-South,Air,130,Customs,Delivered,357.58,Express
SHP005621,13-Feb-25,15-Feb-25,02/22/2025,02/25/2025,RoadRunner,West,East,West-East,Rail,1990,Vehicle Issue,Delivered,2110.59,Standard
SHP000945,27-Apr-25,29-04-2025,03-May-25,06-May-25,MetroLogix,North,West,North-West,Road,900,Warehouse Backlog,Delivered,961.1,Standard
SHP000441,03/27/2025,29-03-2025,07-Apr-25,04-10-2025,ParcelPro,North,Central,North-Central,Road,2280,Weather,Delivered,3275.55,Economy
SHP005505,11/20/2025,22-11-2025,28-11-2025,12-08-2025,MetroLogix,West,Central,West-Central,Road,1210,Weather,Delivered,1328.28,Standard
SHP000168,22-Jul-25,23-07-2025,07/28/2025,29-Jul-25,SkyFreight,Central,West,Central-West,Road,1110,Weather,Delivered,896.21,Express
SHP002957,24-11-2025,25-Nov-25,29-Nov-25,30-11-2025,RoadRunner,South,West,South-West,Road,180,Warehouse Backlog,Delivered,263.78,Economy
SHP005783,11-Aug-25,13-Aug-25,20-Aug-25,20-08-2025,MetroLogix,East,South,East-South,Road,1220,,Delivered,1216.28,Economy
SHP004208,16-Dec-25,12/17/2025,12/23/2025,26-Dec-25,  ROADRUNNER  ,West,South,West-South,Road,960,Capacity Constraint,Delivered,1295.28,Economy
SHP002678,09/23/2025,25-Sep-25,27-09-2025,09/27/2025,SwiftShip,East,West,East-West,Rail,210,,Delivered,273.04,Express
SHP004344,24-04-2025,04/26/2025,29-Apr-25,05-06-2025,ParcelPro,South,West,South-West,Air,640,Capacity Constraint,Delivered,1317.73,Express
SHP006256,20-Apr-25,22-04-2025,04/28/2025,29-04-2025,SwiftShip,North,East,North-East,Road,1220,Customs,Delivered,1389.3,Economy
SHP005564,06-Jul-25,08-07-2025,07-12-2025,17-Jul-25,SkyFreight,North,West,North-West,Road,850,Traffic,Delivered,645.03,Economy
SHP002037,12-12-2025,14-12-2025,16-Dec-25,14-12-2025,SwiftShip,South,East,South-East,Road,130,,Delivered,189.34,Express
SHP005875,02/23/2025,25-02-2025,01-Mar-25,02-03-2025,  METROLOGIX  ,North,West,North-West,Road,500,Warehouse Backlog,Delivered,778.54,Express
SHP006367,10-02-2025,03-10-2025,10-06-2025,10-11-2025,SkyFreight,North,Central,North-Central,Road,610,Customs,Delivered,782.42,Express
SHP003482,06/27/2025,06/29/2025,08-Jul-25,07/18/2025,RoadRunner,North,East,North-East,Road,2110,Customs,Delivered,2075.95,Express
SHP004545,10-01-2025,13-Jan-25,01/15/2025,25-Jan-25,SwiftShip,South,East,South-East,Road,140,Warehouse Backlog,Delivered,192.39,Economy
SHP003837,02-Jun-25,03-Jun-25,12-06-2025,16-Jun-25,RoadRunner,West,South,West-South,Road,1780,Vehicle Issue,Delivered,2383.32,Standard
SHP006109,29-May-25,01-06-2025,03-06-2025,04-06-2025,RoadRunner,East,North,East-North,Road,340,Capacity Constraint,Delivered,560.17,Economy
SHP002897,08/27/2025,08/30/2025,06-09-2025,,RoadRunner,Central,East,Central-East,Road,1750,,In Transit,1918.46,Standard
SHP002687,26-11-2025,11/30/2025,04-12-2025,04-12-2025,SkyFreight,West,Central,West-Central,Air,1840,,Delivered,3185.39,Express
SHP002929,29-Sep-25,02-Oct-25,13-Oct-25,12-Oct-25,SkyFreight,East,South,East-South,Road,2340,,Delivered,3109.66,Express
SHP005552,02/15/2025,02/18/2025,22-02-2025,04-03-2025,ParcelPro,North,East,North-East,Air,1230,Capacity Constraint,Delivered,2948.86,Express
SHP000765,10/27/2025,29-10-2025,08-Nov-25,10-Nov-25,SkyFreight,Central,West,Central-West,Road,2190,Vehicle Issue,Delivered,2876.54,Standard
SHP004418,10-Dec-25,12-11-2025,16-Dec-25,12/21/2025,RoadRunner,North,East,North-East,Air,1840,Weather,Delivered,4062.98,Economy
SHP000512,11-Dec-25,14-12-2025,17-12-2025,16-Dec-25,SkyFreight,East,South,East-South,Air,1160,,Delivered,2494.39,Express
SHP005814,12/24/2025,25-Dec-25,02-01-2026,,SkyFreight,East,North,East-North,Road,1380,,In Transit,1485.43,Standard
SHP001982,02-Jun-25,04-06-2025,11-Jun-25,06/21/2025,RoadRunner,South,East,South-East,Road,1680,Vehicle Issue,Delivered,1397.35,Express
SHP005611,01-01-2025,04-Jan-25,01-12-2025,16-Jan-25,ParcelPro,West,East,West-East,Road,2200,Customs,Delivered,3057.22,Standard
SHP005297,05-07-2025,07-07-2025,07-11-2025,12-Jul-25,ParcelPro,South,North,South-North,Rail,480,Vehicle Issue,Delivered,408.28,Economy
SHP006012,23-Dec-25,24-Dec-25,01-02-2026,03-Jan-26,SwiftShip,Central,East,Central-East,Road,2120,Warehouse Backlog,Delivered,1480.29,Economy
SHP003624,02-06-2025,06-03-2025,30-12-2024,08-Jun-25,  ROADRUNNER  ,West,East,Unknown-Route,Road,1630,,Delivered,1229.82,Standard
SHP001234,17-09-2025,19-09-2025,09/23/2025,25-09-2025,SkyFreight,East,Central,East-Central,Road,240,Customs,Delivered,383.61,Standard
SHP005063,15-Sep-25,18-Sep-25,25-09-2025,09/25/2025,SkyFreight,North,Central,North-Central,Road,1740,,Delivered,1985.57,Express
SHP004209,04-Oct-25,10-06-2025,10-11-2025,11-10-2025,SwiftShip,East,Central,East-Central,Road,910,,Delivered,1340.48,Express
SHP001144,10-07-2025,07-12-2025,07/20/2025,21-Jul-25,SwiftShip,South,Central,South-Central,Road,1640,Vehicle Issue,Delivered,1463.77,Express
SHP003418,07-Mar-25,09-03-2025,03/17/2025,03/18/2025,MetroLogix,West,North,West-North,Road,2130,Weather,Delivered,1933.37,Express
SHP003224,19-Feb-25,02/22/2025,03-03-2025,03-Mar-25,SwiftShip,East,South,East-South,Road,2040,,Delivered,2417.24,Standard
SHP000873,02-11-2025,05-Nov-25,09-11-2025,,ParcelPro,Central,West,Central-West,Air,230,Traffic,Cancelled,446.82,Express
SHP000656,20-03-2025,03/21/2025,24-Mar-25,03/22/2025,ParcelPro,North,East,North-East,Road,470,,Delivered,565.26,Economy
SHP000057,07/16/2025,17-Jul-25,26-Jul-25,26-07-2025,SwiftShip,Central,West,Central-West,Road,2140,,Delivered,1934.96,Economy
SHP006349,27-Aug-25,29-08-2025,09-01-2025,,SkyFreight,South,West,South-West,Air,1680,Warehouse Backlog,In Transit,2735.42,Standard
SHP002246,06-Nov-25,11-07-2025,11-Nov-25,14-11-2025,RoadRunner,North,East,North-East,Road,720,Warehouse Backlog,Delivered,784.7,Express
SHP003311,08-Nov-25,11-09-2025,16-11-2025,11/16/2025,SwiftShip,Central,East,Central-East,Rail,2120,,Undelivered,1702.12,Economy
SHP005608,11-Sep-25,13-09-2025,21-Sep-25,22-Sep-25,MetroLogix,Central,West,Central-West,Road,1790,Vehicle Issue,Delivered,2483.12,Express
SHP001410,07/18/2025,19-07-2025,21-Jul-25,07/24/2025,MetroLogix,East,South,East-South,Air,270,Capacity Constraint,Delivered,672.03,Economy
SHP006232,12/13/2025,14-12-2025,19-12-2025,26-Dec-25,ParcelPro,South,Central,South-Central,Road,1350,Customs,Delivered,1411.57,Economy
SHP000584,18-Apr-25,04/20/2025,24-04-2025,04/29/2025,SwiftShip,East,North,East-North,Road,880,Warehouse Backlog,Delivered,746.8,Economy
SHP001319,24-Jun-25,25-Jun-25,07-03-2025,03-Jul-25,SwiftShip,Central,East,Central-East,Road,1480,,Delivered,2057.57,Standard
SHP000424,10/14/2025,16-Oct-25,18-Oct-25,20-Oct-25,SkyFreight,Central,East,Central-East,Road,310,Warehouse Backlog,Delivered,375.8,Express
SHP004275,25-03-2025,28-Mar-25,04-01-2025,02-Apr-25,MetroLogix,East,West,East-West,Road,480,Warehouse Backlog,Delivered,738.6,Standard
SHP001068,02-09-2025,05-09-2025,10-09-2025,20-09-2025,ParcelPro,South,Central,South-Central,Rail,1440,Vehicle Issue,Delivered,891.14,Economy
SHP000177,07-May-25,05-10-2025,16-May-25,16-05-2025,ParcelPro,South,Central,South-Central, road ,800,,Delivered,851.71,Express
SHP005195,08-12-2025,14-08-2025,18-Aug-25,19-Aug-25,ParcelPro,South,East,South-East,Road,940,Customs,Delivered,1190.6,Express
SHP001523,20-Jun-25,23-06-2025,30-Jun-25,02-Jul-25,SwiftShip,Central,West,Central-West,Rail,2100,Weather,Delivered,2100.84,Express
SHP005805,22-Feb-25,25-Feb-25,04-Mar-25,03-04-2025,ParcelPro,West,South,West-South,Rail,1930,,Delivered,1849.04,Economy
SHP005905,01-12-2025,12-02-2025,08-12-2025,08-12-2025,SwiftShip,East,Central,East-Central,Rail,1940,,Delivered,1558.1,Economy
SHP000854,25-Apr-25,27-04-2025,05-05-2025,05-May-25,SkyFreight,Central,East,Central-East,Road,1390,,Delivered,1461.03,Express
SHP004859,05-Sep-25,07-Sep-25,11-Sep-25,09/18/2025,SkyFreight,East,North,East-North,Air,1670,Weather,Delivered,3175.32,Standard
SHP004788,24-12-2025,26-Dec-25,01-01-2026,03-Jan-26,ParcelPro,East,Central,East-Central,Road,1040,Customs,Delivered,902.58,Express
SHP004984,31-07-2025,03-08-2025,08-09-2025,13-Aug-25,MetroLogix,West,South,West-South,Road,1050,Traffic,Delivered,1423,Express
SHP000833,02-Feb-25,05-02-2025,09-Feb-25,02/16/2025,MetroLogix,South,East,South-East,Road,700,Warehouse Backlog,Delivered,782.6,Standard
SHP005252,15-10-2025,17-10-2025,10/20/2025,22-10-2025,MetroLogix,South,West,South-West,Air,1420,Capacity Constraint,Delivered,1801.67,Express
SHP000361,27-12-2025,30-12-2025,01-07-2026,08-01-2026,ParcelPro,Central,West,Central-West,Road,1680,Capacity Constraint,Delivered,1315.47,Express
SHP004230,10-02-2025,13-Feb-25,15-02-2025,02/19/2025,SwiftShip,West,North,West-North,Road,170,Warehouse Backlog,Delivered,229.67,Express
SHP002011,06/24/2025,26-06-2025,07-01-2025,08-Jul-25,RoadRunner,Central,North,Unknown-Route,Road,990,Vehicle Issue,Delivered,1202.42,Economy
SHP002841,20-12-2025,22-12-2025,12/26/2025,25-12-2025,ParcelPro,North,West,North-West,Rail,1040,,Delivered,815.29,Economy
SHP005871,07/20/2025,23-Jul-25,07/26/2025,07/27/2025,MetroLogix,Central,South,Central-South,Road,740,Customs,Delivered,888.24,Express
SHP003883,23-07-2025,25-07-2025,29-07-2025,02-08-2025,ParcelPro,South,West,South-West,Air,330,Traffic,Delivered,529.34,Economy
SHP002744,10-06-2025,12-Jun-25,06/16/2025,16-Jun-25,SkyFreight,East,North,East-North,Road,850,,Delivered,1084.51,Economy
SHP004848,03/17/2025,18-Mar-25,03/22/2025,25-Mar-25,ParcelPro,Central,East,Central-East,Road,490,Weather,Delivered,740.76,Economy
SHP004924,18-08-2025,21-Aug-25,08/24/2025,08/25/2025,MetroLogix,Central,North,Central-North,Air,750,Weather,Delivered,1546.46,Standard
SHP004934,13-02-2025,02/15/2025,02/18/2025,28-02-2025,SwiftShip,West,North,West-North,Air,1300,Weather,Delivered,3134.92,Economy
SHP006017,12-Aug-25,08/16/2025,21-Aug-25,08/26/2025,RoadRunner,South,West,South-West,Air,2150,Warehouse Backlog,Delivered,2919.72,Economy
SHP001583,05-Nov-25,07-11-2025,11-Nov-25,,SwiftShip,Central,East,Central-East,Road,710,Customs,In Transit,995.2,Express
SHP005558,09-Aug-25,11-08-2025,16-08-2025,,ParcelPro,West,East,West-East,Rail,1570,Warehouse Backlog,In Transit,1578.8,Express
SHP000101,09/17/2025,20-09-2025,24-Sep-25,09/24/2025,SkyFreight,Central,East,Central-East,Rail,230,,Delivered,312.71,Economy
SHP001416,16-Oct-25,19-Oct-25,28-Oct-25,02-Nov-25,SwiftShip,Central,West,Central-West,Road,2130,Warehouse Backlog,Delivered,2102.03,Standard
SHP001517,16-08-2025,18-08-2025,23-Aug-25,30-08-2025,ParcelPro,Central,South,Central-South,Rail,1500,Customs,Delivered,1027.17,Standard
SHP003223,03-02-2025,05-Feb-25,13-Feb-25,12-02-2025,MetroLogix,South,North,South-North,Road,2080,,Delivered,1769.52,Economy
SHP002507,11/25/2025,28-Nov-25,07-Dec-25,,SkyFreight,South,West,South-West,Road,2220,Vehicle Issue,In Transit,3033.72,Economy
SHP002361,24-Jan-25,26-Jan-25,30-01-2025,31-01-2025,MetroLogix,Central,East,Central-East,Rail,630,Traffic,Delivered,451.15,Standard
SHP000295,19-12-2025,12/20/2025,12/26/2025,29-Dec-25,MetroLogix,West,Central,West-Central,Road,1040,Customs,Delivered,1033.62,Standard
SHP003023,14-11-2025,11/15/2025,20-Nov-25,18-11-2025,RoadRunner,Central,West,Central-West,Rail,1090,,Delivered,1066.39,Standard
SHP003058,20-Jan-25,01/21/2025,01/26/2025,26-01-2025,ParcelPro,South,East,South-East,Road,890,,Delivered,1140.62,Economy
SHP002686,22-Oct-25,10/24/2025,29-Oct-25,11-01-2025,MetroLogix,South,North,South-North,Road,1150,Capacity Constraint,Delivered,1320.8,Standard
SHP003552,04-12-2025,13-Apr-25,04/20/2025,04/18/2025,MetroLogix,North,West,North-West,Road,1160,,Delivered,1122.2,Standard
SHP005972,07-07-2025,09-Jul-25,07/20/2025,27-07-2025,SkyFreight,West,Central,West-Central,Road,2280,Traffic,Delivered,2843.44,Express
SHP005403,09-03-2025,11-Mar-25,18-Mar-25,17-Mar-25,SkyFreight,South,Central,South-Central,Road,1660,,Delivered,1640.55,Express
SHP003929,07-10-2025,12-Jul-25,07/16/2025,16-Jul-25,ParcelPro,North,South,North-South,Air,1200,,Delivered,1450.5,Standard
SHP001987,09-11-2025,11-10-2025,15-11-2025,11/16/2025,SkyFreight,East,South,East-South,Rail,770,Weather,Delivered,559,Express
SHP003612,25-11-2025,28-Nov-25,03-12-2025,12-02-2025,MetroLogix,North,South,North-South,Air,1480,,Delivered,1818.63,Standard
SHP003611,09/14/2025,15-Sep-25,18-Sep-25,09/16/2025,MetroLogix,Central,South,Central-South,Air,960,,Delivered,2218.76,Standard
SHP005502,13-05-2025,05/14/2025,19-May-25,05/22/2025,ParcelPro,Central,West,Central-West,Air,2030,Traffic,Delivered,4258.72,Economy
SHP000448,07-Dec-25,10-Dec-25,15-12-2025,14-Dec-25,SkyFreight,Central,North,Central-North,Rail,720,,Delivered,765.56,Express
SHP000029,19-09-2025,21-09-2025,30-09-2025,30-Sep-25,RoadRunner,West,East,West-East,Road,1740,,Delivered,1626.1,Standard
SHP004850,13-May-25,05/15/2025,18-05-2025,17-05-2025,MetroLogix,Central,West,Central-West,Air,2110,,Delivered,3167.63,Express
SHP001101,12/21/2025,12/24/2025,31-12-2025,,ParcelPro,North,South,North-South,Road,1480,Weather,In Transit,1276.21,Express
SHP001429,25-10-2025,27-Oct-25,02-11-2025,31-10-2025,SwiftShip,West,North,West-North,Road,840,,Delivered,1100.51,Standard
SHP000244,23-Sep-25,25-09-2025,28-09-2025,28-Sep-25,SkyFreight,Central,East,Central-East,Air,750,,Delivered,1771.78,Economy
SHP000423,05-07-2025,06-Jul-25,13-07-2025,13-07-2025,ParcelPro,Central,North,Central-North,Road,1440,,Delivered,1136.61,Standard
SHP001789,28-Jul-25,30-07-2025,02-08-2025,08-05-2025,RoadRunner,North,East,North-East, air ,1230,Vehicle Issue,Delivered,1821.74,Economy
SHP006439,11/16/2025,18-11-2025,11/26/2025,26-11-2025,MetroLogix,North,South,North-South,Road,1690,,Delivered,2448.2,Express
SHP005338,12-03-2025,14-Mar-25,17-03-2025,17-Mar-25,ParcelPro,South,East,South-East,Air,2200,,Delivered,4803.59,Economy
SHP005434,07/14/2025,07/15/2025,20-Jul-25,07/20/2025,MetroLogix,South,West,South-West,Road,1350,,Delivered,1108.71,Economy
SHP003979,01-05-2025,05-04-2025,05-08-2025,13-05-2025,MetroLogix,Central,North,Central-North,Road,870,Customs,Delivered,1191.54,Economy
SHP005547,01/26/2025,01/29/2025,02-07-2025,07-Feb-25,RoadRunner,West,Central,West-Central,Road,2330,,Delivered,2192.15,Standard
SHP000463,08/14/2025,15-Aug-25,21-Aug-25,08/20/2025,ParcelPro,West,East,West-East, road ,1320,,Delivered,988.38,Express
SHP001675,13-Sep-25,15-Sep-25,09/19/2025,09/26/2025,RoadRunner,East,North,East-North,Air,1100,Customs,Delivered,1641,Standard
SHP002762,29-01-2025,02-02-2025,06-Feb-25,09-02-2025,SkyFreight,West,North,West-North,Road,810,Warehouse Backlog,Undelivered,754.81,Standard
SHP002157,03-05-2025,08-Mar-25,03-12-2025,12-Mar-25,SwiftShip,East,North,East-North,Rail,1000,,Delivered,806.97,Standard
SHP000877,08/19/2025,22-Aug-25,30-Aug-25,08/30/2025,MetroLogix,West,Central,West-Central,Road,1740,,Delivered,1513.11,Standard
SHP000457,01-08-2025,11-01-2025,01/18/2025,01/17/2025,SkyFreight,South,Central,South-Central, road ,1940,,Delivered,2437.07,Standard
SHP002828,03-Nov-25,05-Nov-25,08-Nov-25,11-08-2025,SkyFreight,East,West,East-West,Air,1470,,Delivered,1987.43,Express
SHP005909,05-Dec-25,12-06-2025,13-Dec-25,12-Dec-25,SwiftShip,Central,East,Central-East,Road,1860,,Delivered,1603.13,Economy
SHP006455,04/26/2025,29-Apr-25,05-02-2025,05-05-2025,MetroLogix,West,Central,Unknown-Route,Road,280,Traffic,Delivered,464.71,Express
SHP002863,01/18/2025,20-01-2025,28-Jan-25,,RoadRunner,South,North,South-North,Road,1920,,In Transit,2769.89,Express
SHP002918,04/20/2025,21-Apr-25,04/27/2025,28-Apr-25,SkyFreight,North,East,North-East,Rail,1830,Warehouse Backlog,Delivered,2087.47,Express
SHP005890,09-06-2025,06-12-2025,06/16/2025,14-06-2025,SwiftShip,East,West,East-West,Air,1160,,Delivered,2552.5,Standard
SHP002121,13-Mar-25,14-03-2025,03/18/2025,23-Mar-25,SwiftShip,Central,West,Central-West,Air,580,Traffic,Delivered,1038.04,Economy
SHP001931,06/17/2025,19-06-2025,26-06-2025,29-Jun-25,SwiftShip,East,West,East-West,Rail,2380,Warehouse Backlog,Delivered,1476.12,Economy
SHP000058,09-08-2025,11-09-2025,09/21/2025,21-Sep-25,  ROADRUNNER  ,South,Central,South-Central,Road,2070,,Delivered,1806.25,Standard
SHP000862,27-Mar-25,30-Mar-25,07-04-2025,04-12-2025,MetroLogix,South,West,South-West,Road,1680,Customs,Delivered,2371.45,Express
SHP002301,08-08-2025,08-10-2025,17-Aug-25,08/17/2025,MetroLogix,East,Central,East-Central,Road,1600,,Delivered,1192.86,Standard
SHP001854,10-02-2025,10-06-2025,10/15/2025,17-10-2025,SwiftShip,North,South,North-South,Road,2270,Vehicle Issue,Delivered,3223.05,Express
SHP005405,25-11-2025,26-11-2025,03-12-2025,12-03-2025,MetroLogix,South,West,South-West,Road,1290,,Delivered,1698.58,Standard
SHP003064,04-Aug-25,06-08-2025,10-Aug-25,17-Aug-25,MetroLogix,West,North,West-North,Air,760,Warehouse Backlog,Delivered,1256.11,Economy
SHP004998,24-11-2025,26-Nov-25,12-01-2025,,RoadRunner,North,Central,North-Central,Road,1290,Vehicle Issue,In Transit,957.27,Express
SHP006045,05-11-2025,11-06-2025,09-11-2025,11-10-2025,SwiftShip,South,Central,South-Central,Road,450,Customs,Delivered,578.48,Standard
SHP001837,08-11-2025,08/13/2025,19-Aug-25,08/24/2025,SkyFreight,Central,West,Central-West,Road,1440,Vehicle Issue,Delivered,1979.8,Express
SHP005218,12/13/2025,12/15/2025,20-Dec-25,12/23/2025,SkyFreight,North,West,North-West,Rail,1060,Weather,Delivered,945.06,Standard
SHP006052,22-02-2025,25-02-2025,03-02-2025,02/28/2025,ParcelPro,North,Central,North-Central,Road,1050,,Delivered,885.71,Express
SHP005494,27-Dec-25,30-Dec-25,01-06-2026,07-Jan-26,SkyFreight,South,Central,South-Central,Road,1940,Warehouse Backlog,Delivered,2106.77,Standard
SHP003276,03-Dec-25,05-Dec-25,11-Dec-25,11-Dec-25,SkyFreight,East,North,East-North,Road,1470,,Delivered,1850.33,Express
SHP005483,09/19/2025,21-09-2025,27-09-2025,09/29/2025,ParcelPro,West,East,West-East,Road,1210,Vehicle Issue,Delivered,1379.45,Economy
SHP000501,14-Jan-25,17-Jan-25,23-01-2025,22-01-2025,  SWIFTSHIP  ,North,Central,North-Central,Road,1170,,Delivered,1028.25,Express
SHP001029,21-Jan-25,23-Jan-25,01-02-2025,01-02-2025,ParcelPro,East,Central,East-Central,Road,1660,,Delivered,2130.6,Standard
SHP005741,06-Apr-25,08-Apr-25,11-Apr-25,16-Apr-25,RoadRunner,South,Central,South-Central,Road,480,Customs,Delivered,468.48,Standard
SHP001496,11-06-2025,13-Jun-25,06/16/2025,06/18/2025,MetroLogix,North,Central,North-Central,Road,450,Warehouse Backlog,Delivered,573.92,Express
SHP001710,08-02-2025,08-05-2025,08-11-2025,10-Aug-25,SwiftShip,North,West,North-West,Road,870,,Undelivered,930.53,Standard
SHP001566,06/17/2025,20-Jun-25,23-Jun-25,06/27/2025,RoadRunner,West,North,West-North,Air,360,Weather,Delivered,522.4,Economy
SHP003806,19-02-2025,20-02-2025,27-02-2025,27-Feb-25,SwiftShip,South,West,South-West,Road,1490,,Delivered,1109.85,Standard
SHP002539,23-11-2025,24-Nov-25,28-11-2025,28-Nov-25,SkyFreight,South,Central,South-Central, rail ,770,,Delivered,897.83,Express
SHP005424,01-06-2025,02-06-2025,08-06-2025,06/18/2025,SkyFreight,East,West,East-West,Road,1260,Weather,Delivered,954.91,Express
SHP005145,31-12-2025,01-01-2026,08-01-2026,09-01-2026,MetroLogix,North,South,North-South,Road,1810,Traffic,Delivered,2403.91,Express
SHP000687,24-02-2025,26-Feb-25,02-03-2025,01-Mar-25,MetroLogix,East,South,East-South,Road,960,,Delivered,752.17,Economy
SHP005328,11-05-2025,08-11-2025,14-Nov-25,15-11-2025,SwiftShip,South,North,South-North,Road,1170,Weather,Delivered,1157.02,Express
SHP005408,10-Feb-25,13-02-2025,17-02-2025,,RoadRunner,Central,South,Central-South,Air,1450,,In Transit,3420.83,Express
SHP005531,18-11-2025,21-11-2025,26-Nov-25,24-Nov-25,MetroLogix,West,North,West-North,Road,850,,Delivered,-100,Standard
SHP003336,06-May-25,08-05-2025,05-11-2025,10-05-2025,SkyFreight,Central,West,Central-West,Air,410,,Delivered,653.44,Express
SHP005323,03/17/2025,19-Mar-25,03/29/2025,31-Mar-25,RoadRunner,North,East,North-East,Road,2150,Capacity Constraint,Delivered,1714.07,Economy
SHP003887,16-Jan-25,01/18/2025,22-01-2025,29-01-2025,ParcelPro,North,East,North-East,Air,1430,Traffic,Delivered,2417.98,Express
SHP004567,03/15/2025,03/17/2025,03/26/2025,26-Mar-25,MetroLogix,West,North,West-North,Road,2080,,Delivered,2388.48,Express
SHP001684,16-05-2025,19-May-25,05/29/2025,28-05-2025,SkyFreight,West,North,West-North,Road,2250,,Delivered,1740.95,Economy
SHP004724,21-06-2025,06/23/2025,27-06-2025,28-Jun-25,SwiftShip,South,East,South-East,Air,1700,Weather,Delivered,3554.73,Standard
SHP000237,16-Apr-25,18-04-2025,04/23/2025,23-04-2025,SkyFreight,East,South,East-South,Air,1810,,Delivered,3270.66,Standard
SHP004876,27-Mar-25,03/31/2025,07-Apr-25,06-Apr-25,ParcelPro,West,Central,West-Central,Road,1490,,Delivered,1113.74,Standard
SHP000809,15-05-2025,05/17/2025,26-05-2025,05/29/2025,ParcelPro,North,South,North-South,Road,1980,Vehicle Issue,Delivered,2509.6,Express
SHP000164,07-04-2025,07-07-2025,07-12-2025,12-Jul-25,SwiftShip,Central,East,Central-East,Air,1800,,Delivered,3633.8,Standard
SHP000039,23-Jul-25,26-07-2025,07/29/2025,28-Jul-25,MetroLogix,West,East,West-East,Air,1720,,Delivered,3757.12,Economy
SHP000419,14-Oct-25,17-Oct-25,23-10-2025,10/26/2025,SwiftShip,West,East,West-East,Road,880,Warehouse Backlog,Delivered,780.39,Standard
SHP004690,06/15/2025,06/17/2025,22-Jun-25,06/26/2025,MetroLogix,Central,East,Central-East,Air,1840,Warehouse Backlog,Delivered,4114.43,Standard
SHP004165,20-08-2025,22-08-2025,30-08-2025,03-09-2025,SwiftShip,East,South,East-South,Road,1910,Weather,Delivered,1897.05,Express
SHP002191,08-06-2025,08-08-2025,08/13/2025,08/17/2025,ParcelPro,South,East,South-East,Road,1140,Weather,Delivered,1483.22,Express
SHP006190,07/27/2025,30-07-2025,08-04-2025,08-05-2025,ParcelPro,South,West,South-West,Road,1300,Traffic,Delivered,1684.93,Standard
SHP003298,23-10-2025,26-10-2025,11-03-2025,01-Nov-25,MetroLogix,South,West,South-West,Road,1750,,Delivered,2216.08,Standard
SHP001593,21-Nov-25,11/23/2025,01-Dec-25,,SkyFreight,South,East,South-East,Road,1640,Warehouse Backlog,In Transit,1679.88,Economy
SHP001778,07-11-2025,11-11-2025,11/18/2025,25-Nov-25,RoadRunner,East,West,East-West,Rail,1740,Customs,Delivered,1236.41,Express
SHP001639,01-02-2025,02-03-2025,10-Feb-25,08-Feb-25,SkyFreight,East,South,East-South,Road,1420,,Delivered,1688.54,Economy
SHP001874,08-10-2025,11-Aug-25,14-Aug-25,08/17/2025,SwiftShip,West,East,West-East,Road,300,Capacity Constraint,Delivered,397.72,Express
SHP005231,15-Feb-25,16-02-2025,24-02-2025,22-Feb-25,SwiftShip,North,Central,North-Central,Road,1790,,Delivered,1477.86,Standard
SHP002060,06/25/2025,28-Jun-25,30-06-2025,07-01-2025,MetroLogix,West,Central,West-Central,Road,180,Traffic,Delivered,304.65,Standard
SHP004301,15-May-25,17-05-2025,22-May-25,22-May-25,SkyFreight,Central,West,Central-West,Road,1180,,Delivered,1319.24,Standard
SHP002117,07/31/2025,02-Aug-25,08-06-2025,16-Aug-25,SkyFreight,Central,East,Central-East,Road,250,Warehouse Backlog,Delivered,363.27,Standard
SHP001642,12-Aug-25,13-Aug-25,19-Aug-25,08/18/2025,SkyFreight,North,Central,North-Central,Rail,"1,440 km",,Delivered,1189.51,Economy
SHP004906,21-Apr-25,22-Apr-25,04/24/2025,05-01-2025,ParcelPro,North,Central,North-Central,Air,-25 km,Warehouse Backlog,Delivered,2669.68,Express
SHP004318,17-09-2025,18-09-2025,25-09-2025,09/24/2025,ParcelPro,South,West,South-West,Road,1310,,Delivered,1170.75,Standard
SHP003912,06-Feb-25,02-09-2025,14-02-2025,14-02-2025,MetroLogix,Central,South,Central-South,Road,840,,Delivered,946.57,Express
SHP003662,11-04-2025,04-12-2025,16-Apr-25,,SkyFreight,West,North,West-North,Road,770,,Cancelled,967.38,Standard
SHP001169,05-10-2025,10-07-2025,15-Oct-25,10/13/2025,MetroLogix,South,North,South-North,Road,1450,,Delivered,1488.91,Standard
SHP005307,02/27/2025,03-03-2025,08-Mar-25,03-09-2025,ParcelPro,East,North,East-North,Road,1010,Vehicle Issue,Delivered,1280.41,Economy
SHP001475,08-Apr-25,04-10-2025,16-04-2025,04/19/2025,RoadRunner,West,South,West-South,Road,1260,Weather,Delivered,1617.55,Standard
SHP004323,24-03-2025,26-03-2025,30-Mar-25,30-Mar-25,SkyFreight,Central,South,Central-South,Road,890,,Delivered,1214.95,Standard
SHP002423,23-01-2025,25-01-2025,01-02-2025,01-Feb-25,SkyFreight,South,West,South-West,Road,1750,,Delivered,1769.98,Economy
SHP001851,15-02-2025,18-Feb-25,22-Feb-25,02/22/2025,MetroLogix,North,Central,North-Central,Road,460,,Delivered,561.56,Express
SHP004339,12-Mar-25,13-Mar-25,22-03-2025,23-Mar-25,SkyFreight,South,North,South-North,Road,2330,Traffic,Delivered,2266.4,Standard
SHP003257,05-Jun-25,08-06-2025,06-11-2025,06-12-2025,SkyFreight,Central,West,Central-West,Air,830,Customs,Undelivered,1610.92,Standard
SHP002845,20-07-2025,21-07-2025,29-Jul-25,30-07-2025,RoadRunner,South,Central,South-Central,Road,1940,Warehouse Backlog,Delivered,2755.2,Express
SHP004004,01/24/2025,26-Jan-25,01/31/2025,,ParcelPro,East,West,East-West,Road,1320,Weather,In Transit,1827.31,Economy
SHP002692,01-10-2025,12-01-2025,01/16/2025,01/17/2025,RoadRunner,North,South,North-South,Road,840,Vehicle Issue,Delivered,924.72,Express
SHP002342,12-12-2025,14-Dec-25,12/23/2025,21-12-2025,MetroLogix,Central,North,Central-North,Road,2140,,Delivered,2613.07,Standard
SHP001578,12-Jan-25,01/14/2025,01/21/2025,20-01-2025,ParcelPro,West,Central,West-Central,Road,1320,,Delivered,1219.13,Economy
SHP002783,09-12-2025,12-10-2025,18-Dec-25,12/21/2025,ParcelPro,South,Central,South-Central,Rail,1940,Customs,Delivered,1587.69,Economy
SHP002893,06/22/2025,26-06-2025,06/30/2025,29-06-2025,MetroLogix,South,West,South-West,Air,2070,,Delivered,4347.2,Economy
SHP004828,06-Mar-25,03-07-2025,11-Mar-25,03-09-2025,SkyFreight,East,Central,East-Central,Road,1040,,Delivered,1302.56,Express
SHP004217,20-10-2025,10/21/2025,30-10-2025,30-Oct-25,SwiftShip,East,North,East-North, rail ,2240,,Delivered,2133.4,Express
SHP005088,07-05-2025,08-May-25,14-May-25,13-May-25,ParcelPro,North,Central,North-Central,Road,1060,,Delivered,1091.23,Economy
SHP005888,02/20/2025,21-Feb-25,02/25/2025,,RoadRunner,Central,West,Central-West,Road,300,,In Transit,333.18,Express
SHP004888,09-Oct-25,10-12-2025,16-Oct-25,10/20/2025,SkyFreight,West,East,West-East,Air,1970,Traffic,Delivered,2288.73,Standard
SHP001404,08-Sep-25,09-10-2025,13-Sep-25,09-12-2025,SwiftShip,East,Central,East-Central,Road,260,,Delivered,311.3,Economy
SHP003991,05/30/2025,31-05-2025,03-06-2025,04-Jun-25,ParcelPro,East,South,East-South,Road,180,Traffic,Delivered,303.96,Standard
SHP000358,06/24/2025,06/27/2025,06-Jul-25,09-07-2025,RoadRunner,Central,North,Central-North,Road,2350,Traffic,Delivered,2894.56,Economy
SHP003455,30-12-2025,01-Jan-26,01-07-2026,05-Jan-26,SwiftShip,North,East,North-East,Road,1090,,Delivered,1518.17,Express
SHP003124,08-01-2025,01-09-2025,01/19/2025,23-Jan-25,RoadRunner,West,East,West-East,Road,2250,Vehicle Issue,Delivered,3028.94,Economy
SHP000969,22-11-2025,11/24/2025,29-11-2025,,SwiftShip,West,North,West-North,Road,820,Traffic,Cancelled,880.3,Express
SHP002292,01-Sep-25,05-09-2025,07-Sep-25,,RoadRunner,North,East,North-East,Road,250,Warehouse Backlog,In Transit,366.23,Standard
SHP006110,26-Jun-25,28-Jun-25,07-06-2025,07-06-2025,SkyFreight,East,South,East-South,Road,1560,,Delivered,1344.05,Express
SHP002329,07-05-2025,10-05-2025,21-05-2025,05/21/2025,MetroLogix,Central,East,Central-East,Road,2370,,Delivered,1637.45,Economy
SHP006279,26-02-2025,27-02-2025,02-Mar-25,05-Mar-25,SkyFreight,West,North,West-North,Road,700,Customs,Delivered,1061.58,Express
SHP002434,25-10-2025,27-10-2025,11-04-2025,11-05-2025,  PARCELPRO  ,North,East,North-East,Road,1870,Vehicle Issue,Delivered,2691.01,Express
SHP000408,14-11-2025,11/16/2025,21-11-2025,11/21/2025,SkyFreight,East,North,East-North,Road,1120,,Delivered,912.1,Standard
SHP004527,10-01-2025,10-03-2025,09-Oct-25,10/13/2025,RoadRunner,South,West,South-West,Road,1580,Capacity Constraint,Delivered,1947,Economy
SHP001249,17-Jul-25,20-Jul-25,07/22/2025,07/22/2025,RoadRunner,South,East,South-East,Air,200,,Delivered,361.79,Express
SHP001087,08-08-2025,12-08-2025,14-Aug-25,16-08-2025,SwiftShip,East,North,East-North,Rail,220,Capacity Constraint,Delivered,210.9,Standard
SHP005629,02/28/2025,04-Mar-25,07-03-2025,17-Mar-25,SkyFreight,Central,East,Central-East,Air,430,Weather,Delivered,660.43,Economy
SHP000929,26-Jul-25,07/27/2025,31-07-2025,31-Jul-25,RoadRunner,Central,North,Central-North,Road,650,,Delivered,801.75,Express
SHP003823,25-04-2025,26-04-2025,01-05-2025,30-04-2025,RoadRunner,Central,North,Central-North,Road,710,,Delivered,915.37,Express
SHP005607,26-Jun-25,28-Jun-25,01-07-2025,03-Jul-25,ParcelPro,South,North,South-North,Road,420,Traffic,Delivered,581.57,Economy
SHP003895,03-09-2025,10-03-2025,17-03-2025,,ParcelPro,Central,East,Central-East,Rail,2150,Vehicle Issue,Cancelled,2285.55,Standard
SHP005754,09/14/2025,09/17/2025,09/21/2025,21-Sep-25,ParcelPro,Central,East,Central-East,Road,410,,Delivered,556.84,Express
SHP006290,15-07-2025,18-07-2025,28-Jul-25,28-Jul-25,MetroLogix,South,West,South-West,Road,2080,,Delivered,1571.12,Economy
SHP000621,15-Jun-25,19-06-2025,06/25/2025,26-06-2025,RoadRunner,West,Central,West-Central,Road,1200,Warehouse Backlog,Delivered,1591.93,Express
SHP001883,17-01-2025,18-01-2025,01/26/2025,25-01-2025,SkyFreight,Central,North,Central-North,Road,2140,,Delivered,1510.58,Express
SHP003244,09-08-2025,10-09-2025,09/15/2025,09/14/2025,SwiftShip,North,West,North-West,Road,1040,,Delivered,1400.38,Express
SHP003076,09-04-2025,11-Apr-25,04/14/2025,04/16/2025,MetroLogix,East,North,East-North,Air,530,Customs,Delivered,797.85,Express
SHP000258,08-Mar-25,03-09-2025,03-12-2025,11-Mar-25,RoadRunner,North,East,North-East,Road,510,,Delivered,656.97,Economy
SHP001031,09/13/2025,16-Sep-25,20-Sep-25,21-09-2025,SkyFreight,West,North,West-North,Air,600,Capacity Constraint,Delivered,861.25,Express
SHP001595,05-Apr-25,07-04-2025,12-04-2025,12-04-2025,ParcelPro,East,Central,East-Central,Road,460,,Delivered,553.36,Express
SHP000393,03/14/2025,17-03-2025,22-03-2025,01-04-2025,MetroLogix,West,South,West-South,Road,740,Customs,Delivered,579.67,Standard
SHP000068,22-07-2025,07/23/2025,02-08-2025,08-02-2025,SkyFreight,Central,East,Central-East,Road,2030,,Delivered,1574.46,Economy
SHP006249,10-Dec-25,12/13/2025,12/23/2025,,RoadRunner,East,West,East-West,Road,2210,,Cancelled,1666.91,Standard
SHP005931,19-Jul-25,20-07-2025,26-07-2025,26-Jul-25,MetroLogix,East,South,East-South,Road,1290,,Delivered,1641.75,Express
SHP003393,09/29/2025,03-10-2025,07-10-2025,10-07-2025,SwiftShip,East,South,East-South,Rail,810,,Delivered,620.33,Standard
SHP004971,03-05-2025,03-07-2025,03/14/2025,14-Mar-25,SkyFreight,South,East,South-East,Road,1150,,Delivered,955.7,Express
SHP004246,14-Dec-25,16-12-2025,20-12-2025,22-Dec-25,MetroLogix,Central,South,Central-South,Road,520,Vehicle Issue,Delivered,674.22,Express
SHP006073,05-Aug-25,07-Aug-25,14-08-2025,14-Aug-25,SwiftShip,Central,North,Central-North,Road,1730,,Delivered,1314.12,Express
SHP002212,02-01-2025,03-02-2025,09-Feb-25,,MetroLogix,North,Central,North-Central,Road,1090,Vehicle Issue,Cancelled,953.13,Standard
SHP006386,27-Aug-25,29-08-2025,07-Sep-25,06-09-2025,SkyFreight,Central,West,Central-West,Road,1760,,Delivered,1813.93,Standard
SHP003565,08-11-2025,13-08-2025,16-08-2025,18-Aug-25,SwiftShip,Central,East,Central-East,Rail,930,Capacity Constraint,Delivered,696.54,Economy
SHP002436,06/25/2025,26-Jun-25,07-03-2025,07-01-2025,RoadRunner,West,East,West-East,Road,1280,,Delivered,1238.57,Economy
SHP003843,10-02-2025,10-05-2025,08-Oct-25,10-12-2025,ParcelPro,East,Central,East-Central,Air,2210,Warehouse Backlog,Delivered,2933.57,Express
SHP006465,03-11-2025,04-11-2025,06-Nov-25,11-07-2025,SwiftShip,Central,West,Central-West,Rail,450,Vehicle Issue,Delivered,458.58,Economy
SHP002095,03/14/2025,17-03-2025,23-Mar-25,03/25/2025,SwiftShip,West,Central,West-Central,Road,1150,Weather,Delivered,1057.53,Economy
SHP005606,10-06-2025,11-Jun-25,06/17/2025,20-06-2025,ParcelPro,South,East,South-East,Road,1240,Weather,Delivered,1712.67,Economy
SHP005442,21-Nov-25,22-11-2025,29-Nov-25,27-Nov-25,MetroLogix,Central,East,Central-East,Road,1710,,Delivered,1217.59,Express
SHP003963,26-04-2025,04/27/2025,05-05-2025,10-05-2025,RoadRunner,South,North,South-North,Road,1760,Warehouse Backlog,Delivered,2119.85,Standard
SHP003976,01/16/2025,01/17/2025,22-Jan-25,,ParcelPro,Central,South,Central-South,Road,600,Weather,In Transit,792.64,Economy
SHP005249,04/25/2025,04/26/2025,29-Apr-25,,SwiftShip,South,North,South-North,Air,1900,,Cancelled,2319.71,Economy
SHP003882,07-06-2025,07-08-2025,16-Jul-25,14-07-2025,ParcelPro,West,North,West-North,Road,1360,,Delivered,1038.88,Express
SHP002031,05-10-2025,10-07-2025,10/15/2025,14-10-2025,ParcelPro,West,Central,West-Central,Road,1560,,Delivered,1405.97,Express
SHP000375,27-Mar-25,28-03-2025,04-05-2025,04-05-2025,MetroLogix,Central,North,Central-North,Road,1730,,Delivered,2264.04,Express
SHP005542,16-03-2025,20-03-2025,28-03-2025,03/29/2025,SkyFreight,North,Central,North-Central,Road,1440,Capacity Constraint,Delivered,1213.93,Economy
SHP000414,10/17/2025,20-10-2025,22-Oct-25,10/23/2025,SwiftShip,South,North,South-North,Air,220,Traffic,Delivered,433.35,Economy
SHP006402,06/20/2025,06/22/2025,06/25/2025,25-06-2025,SwiftShip,South,Central,South-Central,Air,270,,Delivered,461.79,Express
SHP000521,03/25/2025,26-Mar-25,03/31/2025,01-Apr-25,ParcelPro,East,Central,East-Central,Rail,1750,Customs,Delivered,1763.85,Standard
SHP005689,07/13/2025,14-07-2025,18-07-2025,19-Jul-25,RoadRunner,Central,West,Central-West,Road,1030,Warehouse Backlog,Delivered,1274.46,Economy
SHP005913,22-Dec-25,12/25/2025,12/31/2025,12/30/2025,SkyFreight,North,South,North-South,Road,880,,Delivered,1096.65,Standard
SHP001614,15-07-2025,07/17/2025,20-Jul-25,22-Jul-25,SkyFreight,South,East,South-East,Road,440,Traffic,Delivered,427.77,Express
SHP001390,27-02-2025,01-03-2025,03-07-2025,,RoadRunner,West,North,West-North,Road,860,Capacity Constraint,In Transit,923.18,Standard
SHP000804,11-04-2025,13-Apr-25,04/21/2025,20-Apr-25,SkyFreight,South,East,South-East,Road,1500,,Delivered,1548.48,Economy
SHP002401,16-06-2025,19-06-2025,23-Jun-25,06/23/2025,MetroLogix,West,Central,West-Central,Air,560,,Delivered,942.82,Express
SHP001557,13-Mar-25,03/16/2025,20-Mar-25,03/22/2025,SwiftShip,South,East,South-East,Road,750,Vehicle Issue,Delivered,990.97,Economy
SHP001715,27-09-2025,29-09-2025,10-05-2025,06-10-2025,MetroLogix,Central,North,Central-North,Road,840,Traffic,Delivered,703.07,Economy
SHP001018,07/13/2025,14-07-2025,24-Jul-25,23-07-2025,MetroLogix,North,East,North-East,Road,2270,,Delivered,2272.13,Standard
SHP003057,10-12-2025,12/13/2025,12/15/2025,16-12-2025,SkyFreight,South,East,South-East,Rail,480,Customs,Delivered,454.53,Economy
SHP005438,08-03-2025,08-05-2025,08-07-2025,06-Aug-25,SkyFreight,East,Central,East-Central,Air,610,,Delivered,1379.77,Economy
SHP003002,21-11-2025,24-11-2025,11/29/2025,,RoadRunner,West,North,West-North,Road,1320,Warehouse Backlog,In Transit,1742.74,Standard
SHP000942,27-11-2025,11/30/2025,12-06-2025,07-12-2025,MetroLogix,West,North,West-North,Road,1390,Capacity Constraint,Delivered,1799.27,Express
SHP000308,11-Mar-25,03/13/2025,16-Mar-25,03/21/2025,RoadRunner,South,Central,South-Central,Air,1370,Weather,Delivered,2074.07,Standard
SHP006125,09-01-2025,11-01-2025,15-Jan-25,,SwiftShip,Central,South,Central-South,Air,2180,Weather,In Transit,4424.66,Standard
SHP003384,11/29/2025,03-12-2025,12-12-2025,11-Dec-25,SwiftShip,North,Central,North-Central,Road,2310,,Delivered,1974.68,Express
SHP004439,23-Dec-25,12/25/2025,27-12-2025,31-Dec-25,RoadRunner,South,East,South-East,Road,420,Weather,Delivered,411.35,Economy
SHP000892,06-Feb-25,07-02-2025,11-02-2025,,SwiftShip,South,North,South-North,Road,260,,In Transit,295.19,Express
SHP003500,11-09-2025,11-11-2025,14-Nov-25,12-11-2025,SkyFreight,Central,North,Central-North,Road,290,,Delivered,325.35,Standard
SHP003852,29-Apr-25,05-01-2025,04-May-25,04-May-25,ParcelPro,West,South,West-South,Road,580,,Delivered,842.83,Standard
SHP006153,15-09-2025,09/17/2025,23-Sep-25,30-09-2025,ParcelPro,South,Central,South-Central,Road,1520,Vehicle Issue,Delivered,1484.71,Economy
SHP005010,28-05-2025,30-05-2025,05-06-2025,04-Jun-25,SkyFreight,West,East,West-East,Road,1370,,Delivered,1140.76,Standard
SHP002873,10-Dec-25,12-11-2025,19-12-2025,12/19/2025,ParcelPro,North,Central,North-Central,Road,2120,,Delivered,1522.04,Express
SHP005320,06-04-2025,08-Apr-25,04-12-2025,11-04-2025,SwiftShip,North,South,North-South,Rail,1380,,Delivered,1079.02,Economy
SHP000110,29-May-25,01-06-2025,03-Jun-25,07-Jun-25,RoadRunner,West,North,West-North,Road,430,Vehicle Issue,Delivered,488.47,Standard
SHP001933,14-Mar-25,17-03-2025,03/22/2025,21-Mar-25,SkyFreight,North,West,North-West,Road,640,,Delivered,520.47,Economy
SHP001009,23-04-2025,27-Apr-25,04-05-2025,14-May-25,SwiftShip,Central,West,Central-West,Road,1060,Warehouse Backlog,Delivered,1099.95,Standard
SHP004060,30-Jun-25,01-07-2025,03-07-2025,04-07-2025,RoadRunner,West,South,West-South,Air,460,Vehicle Issue,Delivered,783.28,Express
SHP003730,17-09-2025,19-Sep-25,09/27/2025,01-10-2025,SkyFreight,North,South,North-South,Road,1960,Warehouse Backlog,Delivered,2795.95,Express
SHP001259,12/23/2025,25-12-2025,02-Jan-26,02-01-2026,SwiftShip,South,West,South-West,Road,1500,,Delivered,1279.31,Economy
SHP002831,23-09-2025,26-09-2025,09/29/2025,27-09-2025,SwiftShip,East,West,Unknown-Route,Rail,120,,Delivered,200.26,Economy
SHP004550,05/31/2025,02-06-2025,08-06-2025,06-10-2025,ParcelPro,North,West,North-West,Road,1500,Traffic,Delivered,1463.35,Economy
SHP002751,07/31/2025,03-08-2025,09-08-2025,09-Aug-25,MetroLogix,South,Central,South-Central,Rail,1870,,Delivered,2074.54,Express
SHP002406,22-04-2025,24-Apr-25,27-Apr-25,27-04-2025,SwiftShip,East,South,East-South,Air,1680,,Delivered,4072.08,Standard
SHP001263,14-10-2025,16-Oct-25,22-10-2025,23-10-2025,SkyFreight,North,Central,North-Central,Road,1260,Traffic,Delivered,1035.14,Standard
SHP001237,09-Jan-25,11-01-2025,16-01-2025,26-Jan-25,RoadRunner,Central,North,Central-North,Rail,1000,Capacity Constraint,Delivered,1176.63,Economy
SHP005820,25-Jul-25,27-Jul-25,02-Aug-25,03-08-2025,MetroLogix,South,North,South-North,Road,1210,Capacity Constraint,Delivered,1415.65,Standard
SHP000056,17-02-2025,02/18/2025,21-Feb-25,02/26/2025,SwiftShip,East,Central,East-Central,Air,510,Customs,Delivered,1290.95,Standard
SHP003978,05/19/2025,23-05-2025,05/29/2025,02-Jun-25,MetroLogix,South,North,South-North,Road,1040,Warehouse Backlog,Delivered,1151.31,Standard
SHP002593,03/24/2025,25-03-2025,28-Mar-25,,RoadRunner,South,Central,South-Central,Air,230,,In Transit,509.58,Express
SHP006168,01-Jul-25,03-07-2025,07-07-2025,05-07-2025,SkyFreight,East,Central,East-Central,Rail,250,,Delivered,298.67,Economy
SHP003522,22-01-2025,24-01-2025,02-02-2025,05-02-2025,RoadRunner,West,Central,West-Central,Road,1870,Weather,Delivered,1499.59,Economy
SHP005245,01-Jan-25,01-02-2025,04-Jan-25,,ParcelPro,South,Central,South-Central,Road,150,Vehicle Issue,In Transit,211.94,Standard
SHP000176,17-05-2025,21-05-2025,28-May-25,01-Jun-25,ParcelPro,Central,East,Central-East,Rail,2130,Traffic,Delivered,2249.09,Express
SHP005617,17-09-2025,19-Sep-25,24-09-2025,09/24/2025,MetroLogix,South,West,South-West,Road,510,,Delivered,776.32,Express
SHP002321,03-Dec-25,04-Dec-25,12-08-2025,09-Dec-25,SkyFreight,North,Central,North-Central,Rail,1220,Capacity Constraint,Delivered,962.19,Economy
SHP002708,27-12-2025,30-Dec-25,04-Jan-26,01-03-2026,MetroLogix,West,Central,West-Central,Rail,1090,,Delivered,952.58,Standard
SHP004026,09-Feb-25,02-12-2025,02/15/2025,20-Feb-25,SwiftShip,South,East,South-East,Road,350,Traffic,Delivered,350.45,Standard
SHP004293,22-01-2025,23-Jan-25,30-01-2025,,ParcelPro,East,Central,East-Central,Road,1240,,Cancelled,1354.35,Standard
SHP000767,23-02-2025,02/25/2025,03-Mar-25,03-07-2025,SkyFreight,East,North,East-North,Road,980,Traffic,Delivered,1128.88,Express
SHP006151,09-12-2025,14-09-2025,22-Sep-25,23-Sep-25,RoadRunner,South,North,South-North,Road,2000,Customs,Delivered,2573.93,Economy
SHP001191,12/25/2025,12/28/2025,,13-Jan-26,SwiftShip,East,South,East-South,Road,2320,Capacity Constraint,Delivered,2792.32,Economy
SHP005987,23-07-2025,07/26/2025,08-03-2025,08-03-2025,ParcelPro,East,South,East-South,Road,2110,,Delivered,2293.78,Economy
SHP003203,07-11-2025,11-09-2025,15-11-2025,14-Nov-25,RoadRunner,West,,West-South,Rail,1270,,Delivered,1255,Economy
SHP004254,30-03-2025,03-04-2025,11-Apr-25,,MetroLogix,North,East,North-East,Road,1740,,Cancelled,2223.15,Express
SHP002714,08-Jan-25,01-12-2025,17-01-2025,,ParcelPro,South,East,South-East,Road,970,Weather,In Transit,844.95,Express
SHP003677,12-01-2025,02-Dec-25,07-12-2025,12-10-2025,SkyFreight,West,South,West-South,Air,1640,Traffic,Delivered,2984.36,Economy
SHP002313,05-09-2025,09-06-2025,09-Sep-25,07-09-2025,SkyFreight,North,East,North-East,Air,1090,,Delivered,2095.96,Economy
SHP005359,25-May-25,27-May-25,06-02-2025,05/31/2025,SwiftShip,Central,South,Central-South,Road,770,,Delivered,1032.62,Express
SHP004479,18-May-25,05/20/2025,25-May-25,,SkyFreight,East,North,East-North,Road,1260,,Cancelled,1564.88,Express
SHP005337,21-03-2025,23-03-2025,28-Mar-25,28-Mar-25,RoadRunner,West,Central,West-Central,Air,2170,,Delivered,4574.27,Economy
SHP002452,11-Apr-25,14-04-2025,19-Apr-25,21-Apr-25,SwiftShip,Central,North,Central-North,Road,540,Customs,Delivered,694.07,Economy
SHP003872,19-10-2025,21-10-2025,24-Oct-25,10/22/2025,SwiftShip,South,Central,South-Central,Road,520,,Delivered,548.1,Standard
SHP003566,03-May-25,05-05-2025,05/13/2025,13-05-2025,ParcelPro,North,East,North-East,Road,1550,,Delivered,1847.05,Express
SHP004596,17-Dec-25,18-12-2025,27-12-2025,27-Dec-25,SwiftShip,West,South,West-South,Road,1700,,Delivered,1705.27,Express
SHP003191,05-10-2025,12-05-2025,05/15/2025,,SkyFreight,East,Central,East-Central,Air,490,Customs,Cancelled,794.95,Standard
SHP004240,11-Sep-25,13-09-2025,09/22/2025,24-Sep-25,MetroLogix,North,Central,North-Central,Road,1730,Traffic,Delivered,1437.05,Economy
SHP002683,30-01-2025,01/31/2025,05-Feb-25,05-Feb-25,SwiftShip,North,Central,North-Central,Road,770,,Delivered,882.18,Express
SHP005998,30-03-2025,01-04-2025,10-Apr-25,04-10-2025,RoadRunner,East,South,East-South,Road,2270,,Delivered,3084.58,Express
SHP004310,03-07-2025,04-07-2025,10-07-2025,15-07-2025,RoadRunner,South,East,South-East,Rail,1930,Vehicle Issue,Delivered,1560.99,Standard
SHP005809,10-10-2025,10-11-2025,16-Oct-25,16-10-2025,SwiftShip,East,North,East-North,Road,700,,Delivered,625.86,Standard
SHP000712,18-Oct-25,10/21/2025,10/24/2025,28-10-2025,SkyFreight,North,West,North-West,Road,720,Warehouse Backlog,Delivered,1097.36,Economy
SHP004623,07-11-2025,12-07-2025,20-07-2025,,SkyFreight,East,North,East-North,Road,2200,Weather,In Transit,2882.6,Standard
SHP001845,17-04-2025,04/21/2025,26-Apr-25,01-05-2025,MetroLogix,Central,West,Central-West,Air,"1,560 km",Capacity Constraint,Delivered,2314.23,Express
SHP002483,06-02-2025,02-08-2025,16-Feb-25,15-Feb-25,MetroLogix,West,East,West-East,Road,1860,,Delivered,1304,Express
SHP004962,10-Apr-25,04-11-2025,16-Apr-25,23-04-2025,RoadRunner,East,Central,East-Central,Road,1120,Vehicle Issue,Delivered,950.24,Express
SHP005964,06/13/2025,16-06-2025,06/23/2025,23-06-2025,ParcelPro,East,North,East-North,Rail,1720,,Delivered,1128.36,Express
SHP004653,05/20/2025,05/21/2025,24-05-2025,27-05-2025,SwiftShip,South,North,South-North,Air,1510,Traffic,Delivered,2581.83,Express
SHP003530,02/26/2025,28-02-2025,02-Mar-25,02-Mar-25,ParcelPro,South,Central,South-Central,Road,220,,Delivered,352.66,Express
SHP000889,11-Feb-25,02/13/2025,02/19/2025,23-Feb-25,MetroLogix,East,North,East-North,Road,1580,Weather,Delivered,1913.21,Express
SHP003765,25-Jun-25,27-Jun-25,03-07-2025,05-Jul-25,SkyFreight,North,West,North-West,Rail,2130,Warehouse Backlog,Delivered,1727.52,Economy
SHP005879,29-Aug-25,31-Aug-25,04-Sep-25,06-Sep-25,SkyFreight,North,South,North-South,Air,2300,Traffic,Delivered,3900.49,Express
SHP002735,01-Jan-25,04-01-2025,12-Jan-25,01-11-2025,SwiftShip,Central,South,Central-South,Road,1560,,Delivered,1434.7,Express
SHP000493,27-10-2025,29-Oct-25,31-10-2025,07-Nov-25,SkyFreight,South,Central,South-Central,Air,1180,Capacity Constraint,Delivered,2692.69,Express
SHP000831,23-Jul-25,07/25/2025,29-07-2025,08-01-2025,SkyFreight,Central,South,Central-South,Air,600,Traffic,Delivered,1228.3,Economy
SHP005562,04-06-2025,07-Jun-25,10-Jun-25,06-11-2025,SwiftShip,West,Central,West-Central,Road,180,Traffic,Delivered,283.16,Economy
SHP005604,31-Oct-25,11-01-2025,05-11-2025,05-Nov-25,ParcelPro,East,North,East-North,Air,140,,Delivered,273.58,Express
SHP001743,01-10-2025,13-01-2025,17-01-2025,17-01-2025,SwiftShip,North,South,North-South,Air,2120,,Delivered,3742.13,Economy
SHP000518,21-Oct-25,22-Oct-25,11-01-2025,11-11-2025,RoadRunner,Central,North,Central-North,Road,1970,Traffic,Delivered,2234.13,Express
SHP000014,08-05-2025,07-08-2025,11-08-2025,08-10-2025,SwiftShip,East,West,East-West,Road,980,,Delivered,861.86,Express
SHP001852,04-Jan-25,05-01-2025,13-Jan-25,15-01-2025,MetroLogix,East,West,East-West,Road,1670,Vehicle Issue,Delivered,1233.39,Economy
SHP005098,19-Apr-25,21-Apr-25,25-Apr-25,24-Apr-25,  METROLOGIX  ,East,North,East-North,Rail,970,,Delivered,722.36,Standard
SHP006271,17-08-2025,19-08-2025,08/25/2025,26-Aug-25,ParcelPro,East,West,East-West,Road,1130,Capacity Constraint,Delivered,832.01,Standard
SHP001879,11-Oct-25,12-10-2025,17-Oct-25,17-10-2025,ParcelPro,North,Central,North-Central,Road,1290,,Delivered,1632.02,Standard
SHP006288,18-Nov-25,19-11-2025,11/23/2025,,SwiftShip,East,South,East-South,Road,970,,Cancelled,1022.84,Standard
SHP002590,01-Aug-25,08-03-2025,10-08-2025,09-08-2025,MetroLogix,East,North,East-North,Road,1110,,Delivered,1214.02,Express
SHP003194,22-01-2025,24-Jan-25,30-01-2025,29-01-2025,SwiftShip,East,Central,East-Central,Road,1560,,Delivered,1989.76,Standard
SHP000443,04-10-2025,06-Oct-25,13-Oct-25,14-10-2025,RoadRunner,South,Central,South-Central,Road,1280,Vehicle Issue,Delivered,1475.77,Express
SHP004861,03-07-2025,03-10-2025,03/18/2025,03/16/2025,RoadRunner,West,East,West-East,Road,1840,,Delivered,2040.78,Economy
SHP004348,22-11-2025,11/24/2025,28-Nov-25,05-Dec-25,SwiftShip,West,East,West-East,Rail,1280,Traffic,Delivered,1061.02,Express
SHP005727,10-Sep-25,12-Sep-25,09/18/2025,17-09-2025,SwiftShip,Central,North,Central-North,Road,1130,,Delivered,1148.52,Express
SHP002087,24-Oct-25,10/25/2025,28-Oct-25,28-Oct-25,SwiftShip,South,North,South-North,Rail,980,,Delivered,714.48,Express
SHP002170,01/27/2025,29-Jan-25,04-02-2025,04-Feb-25,SwiftShip,East,Central,East-Central,Road,960,,Delivered,1231.1,Standard
SHP005979,04/23/2025,04/26/2025,28-04-2025,01-May-25,ParcelPro,East,South,East-South,Road,150,Warehouse Backlog,Delivered,277.86,Standard
SHP000570,21-12-2025,12/23/2025,01-01-2026,01-03-2026,RoadRunner,West,East,West-East,Road,1950,Vehicle Issue,Delivered,2539.85,Express
SHP003242,21-Nov-25,24-11-2025,02-Dec-25,02-Dec-25,RoadRunner,East,North,East-North,Road,1670,,Undelivered,1584.09,Standard
SHP003249,02-Jun-25,05-Jun-25,10-Jun-25,14-Jun-25,RoadRunner,Central,South,Central-South,Road,1340,Traffic,Delivered,1882.62,Economy
SHP003745,20-01-2025,22-01-2025,24-01-2025,27-01-2025,SwiftShip,West,Central,West-Central,Road,300,Warehouse Backlog,Delivered,300.01,Express
SHP001819,05/17/2025,21-05-2025,27-May-25,05/28/2025,ParcelPro,East,West,East-West,Road,1500,Customs,Delivered,1592.3,Economy
SHP003493,12-10-2025,12-12-2025,12/16/2025,12/18/2025,RoadRunner,East,North,East-North,Road,530,Vehicle Issue,Delivered,568.79,Express
SHP000169,11-Apr-25,13-04-2025,18-Apr-25,04/18/2025,MetroLogix,North,Central,North-Central,Rail,920,,Delivered,1011.5,Economy
SHP000825,13-11-2025,11/15/2025,11/21/2025,23-11-2025,ParcelPro,West,Central,West-Central,Road,1440,Weather,Delivered,1058.38,Economy
SHP004351,06-Jun-25,06-08-2025,14-Jun-25,13-Jun-25,RoadRunner,West,North,West-North,Road,1570,,Delivered,1957.12,Economy
SHP003416,06-03-2025,06-05-2025,06/13/2025,06/13/2025,ParcelPro,Central,West,Central-West,Road,1760,,Delivered,2055.93,Express
SHP006082,02/16/2025,17-02-2025,21-02-2025,26-02-2025,MetroLogix,North,East,North-East,Road,630,Vehicle Issue,Delivered,971.37,Standard
SHP004604,07/13/2025,07/16/2025,20-07-2025,,SwiftShip,Central,East,Central-East,Road,410,,In Transit,559.89,Economy
SHP002513,06-Feb-25,08-02-2025,14-Feb-25,02/18/2025,RoadRunner,West,East,West-East,Road,1190,Warehouse Backlog,Delivered,1583.66,Standard
SHP000397,18-04-2025,20-Apr-25,04/24/2025,23-04-2025,SwiftShip,North,Central,North-Central,Road,250,,Delivered,265.79,Economy
SHP005772,24-Feb-25,02/26/2025,03-04-2025,04-03-2025,SkyFreight,South,East,South-East,Road,1040,,Delivered,1427.1,Express
SHP002371,23-Nov-25,26-Nov-25,11/28/2025,29-Nov-25,SwiftShip,North,Central,North-Central,Air,1290,Customs,Delivered,2231.95,Standard
SHP002454,23-Oct-25,26-Oct-25,31-Oct-25,11-01-2025,RoadRunner,East,North,East-North,Road,660,Vehicle Issue,Delivered,660.95,Standard
SHP002326,15-Jul-25,16-07-2025,18-Jul-25,16-Jul-25,SkyFreight,North,South,North-South,Air,500,,Delivered,1147.39,Express
SHP002063,02-Dec-25,03-12-2025,06-Dec-25,05-Dec-25,SkyFreight,East,North,East-North,Road,620,,Delivered,784.44,Express
SHP000807,12-11-2025,13-Dec-25,15-12-2025,12/20/2025,MetroLogix,South,North,South-North,Air,610,Vehicle Issue,Delivered,844.09,Economy
SHP000017,30-Jan-25,31-01-2025,02-Feb-25,12-Feb-25,SwiftShip,South,West,South-West,Rail,320,Weather,Delivered,298.33,Standard
SHP002165,06-07-2025,08-Jul-25,11-Jul-25,07/15/2025,MetroLogix,North,South,North-South,Air,1180,Weather,Delivered,2035.38,Express
SHP001021,27-02-2025,01-Mar-25,07-Mar-25,09-Mar-25,SwiftShip,South,West,South-West,Road,1490,Vehicle Issue,Delivered,"$2,046.84",Standard
SHP000963,07/28/2025,29-07-2025,06-08-2025,08-10-2025,SwiftShip,South,West,South-West,Road,1650,Warehouse Backlog,Delivered,1192.05,Standard
SHP003446,11-Apr-25,13-04-2025,23-Apr-25,26-Apr-25,ParcelPro,North,South,North-South,Road,2050,Warehouse Backlog,Delivered,2437.17,Economy
SHP005764,14-Oct-25,16-10-2025,19-Oct-25,10/22/2025,SwiftShip,East,South,East-South,Air,1600,Traffic,Delivered,1926.48,Standard
SHP003467,23-03-2025,03/24/2025,03/27/2025,01-04-2025,SwiftShip,North,South,North-South,Air,440,Warehouse Backlog,Delivered,1026.39,Economy
SHP004913,17-08-2025,08/19/2025,21-08-2025,19-Aug-25,RoadRunner,East,North,East-North,Air,1050,,Delivered,1503.67,Express
SHP003721,07/28/2025,29-Jul-25,07-08-2025,08-08-2025,SkyFreight,East,Central,East-Central,Road,2050,Vehicle Issue,Delivered,2128.19,Standard
SHP004499,04/28/2025,30-04-2025,04-May-25,08-May-25,RoadRunner,East,North,East-North,Road,940,Vehicle Issue,Delivered,1186.7,Express
SHP004532,29-07-2025,07/31/2025,10-08-2025,08/15/2025,ParcelPro,West,Central,West-Central,Road,2390,Customs,Delivered,2109.5,Express
SHP003787,07-06-2025,08-Jul-25,07/16/2025,15-07-2025,ParcelPro,South,East,South-East,Road,1520,,Delivered,1433.98,Economy
SHP003573,07-10-2025,13-Jul-25,22-Jul-25,20-07-2025,SkyFreight,South,Central,South-Central, road ,1850,,Delivered,1664.02,Economy
SHP006015,15-Dec-25,12/16/2025,18-Dec-25,16-12-2025,SkyFreight,East,Central,East-Central,Air,780,,Delivered,1924.81,Express
SHP001357,17-Apr-25,20-04-2025,27-Apr-25,04/26/2025,SwiftShip,East,West,East-West,Road,1440,,Delivered,1515.71,Standard
SHP001620,14-Jan-25,17-01-2025,01/20/2025,21-01-2025,RoadRunner,West,East,West-East,Road,260,Traffic,Delivered,306.95,Express
SHP005819,01-02-2025,01-03-2025,08-01-2025,01-12-2025,RoadRunner,North,East,North-East,Air,1700,Vehicle Issue,Delivered,3126.86,Economy
SHP000496,21-Oct-25,10/23/2025,02-11-2025,09-Nov-25,SkyFreight,South,North,South-North,Road,1960,Customs,Delivered,2024.14,Economy
SHP000637,12-07-2025,13-Jul-25,20-07-2025,07/18/2025,ParcelPro,South,East,South-East,Road,1300,,Delivered,1041.39,Express
SHP002053,24-Aug-25,25-Aug-25,29-08-2025,05-09-2025,MetroLogix,North,Central,North-Central,Road,390,Customs,Undelivered,586.85,Express
SHP003062,10/31/2025,11-01-2025,11-04-2025,05-11-2025,ParcelPro,South,North,South-North,Air,870,Traffic,Delivered,1889.38,Economy
SHP001855,23-12-2025,26-Dec-25,31-12-2025,02-Jan-26,RoadRunner,North,West,North-West,Road,1310,Weather,Delivered,1850.98,Standard
SHP004385,11-07-2025,07/14/2025,19-Jul-25,23-Jul-25,RoadRunner,East,Central,East-Central,Road,810,Capacity Constraint,Delivered,865.64,Standard
SHP003039,02-12-2025,04-12-2025,12-Dec-25,15-Dec-25,MetroLogix,West,East,West-East,Rail,2090,Vehicle Issue,Delivered,1984.71,Economy
SHP001946,11-Sep-25,09/13/2025,18-Sep-25,20-09-2025,ParcelPro,East,West,East-West,Air,1580,Vehicle Issue,Delivered,2775.75,Express
SHP004754,27-Nov-25,30-11-2025,12-03-2025,05-12-2025,SkyFreight,West,South,West-South,Air,1630,Capacity Constraint,Delivered,2572.95,Economy
SHP003429,19-Oct-25,23-10-2025,30-10-2025,,MetroLogix,East,South,East-South,Rail,1860,Weather,Cancelled,1684.38,Standard
SHP002728,23-Oct-25,24-10-2025,29-10-2025,30-Oct-25,MetroLogix,East,South,East-South,Road,800,Vehicle Issue,Delivered,1118.42,Standard
SHP002748,14-Jul-25,07/16/2025,07/19/2025,07/19/2025,SwiftShip,North,Central,North-Central,Air,1780,,Delivered,3722.01,Standard
SHP002519,10/15/2025,17-Oct-25,25-10-2025,25-Oct-25,RoadRunner,South,North,South-North,Road,2090,,Delivered,2304.61,Express
SHP002412,12-Mar-25,03/15/2025,03/22/2025,03/22/2025,SkyFreight,South,East,South-East,Road,1950,,Delivered,1804.6,Standard
SHP002387,27-Jul-25,07/31/2025,09-08-2025,14-08-2025,MetroLogix,West,Central,West-Central,Road,2230,Capacity Constraint,Delivered,3079.73,Express
SHP005339,06/25/2025,26-Jun-25,01-Jul-25,05-07-2025,ParcelPro,North,East,North-East,Rail,1690,Warehouse Backlog,Delivered,1262.37,Economy
SHP003732,08/19/2025,23-08-2025,08/28/2025,08/28/2025,SwiftShip,Central,West,Central-West,Road,950,,Delivered,1371.76,Economy
SHP002635,22-Mar-25,03/25/2025,03/31/2025,01-04-2025,MetroLogix,West,South,West-South,Road,1320,Weather,Delivered,1645.48,Standard
SHP002701,03-02-2025,04-Mar-25,03-06-2025,08-03-2025,SkyFreight,West,South,West-South,Rail,220,Vehicle Issue,Delivered,235.41,Standard
SHP001309,29-Apr-25,01-05-2025,04-05-2025,,SkyFreight,North,East,North-East,Air,470,,Delivered,1106.07,Economy
SHP001731,14-11-2025,16-Nov-25,22-11-2025,21-Nov-25,SkyFreight,East,North,East-North,Road,910,,Undelivered,1113.82,Express
SHP005553,29-11-2025,02-12-2025,11-12-2025,12/18/2025,RoadRunner,South,North,South-North,Road,2170,Weather,Delivered,2265.28,Standard
SHP006104,02-08-2025,04-08-2025,09-08-2025,,SwiftShip,North,Central,North-Central,Air,2250,,Cancelled,2838.31,Economy
SHP004505,04-03-2025,03-06-2025,13-Mar-25,12-Mar-25,MetroLogix,North,South,North-South,Rail,1530,,Delivered,995.48,Standard
SHP001246,30-Jun-25,01-Jul-25,07-05-2025,31-12-2024,ParcelPro,West,South,West-South,Road,350,Vehicle Issue,Delivered,507.83,Standard
SHP006307,22-03-2025,03/24/2025,01-04-2025,03-Apr-25,SwiftShip,West,Central,West-Central,Road,1760,Capacity Constraint,Delivered,2512.53,Economy
SHP001577,08/29/2025,31-08-2025,09-09-2025,10-Sep-25,SkyFreight,West,East,West-East,Road,2320,Vehicle Issue,Delivered,1940.32,Standard
SHP005929,16-Jun-25,18-Jun-25,06/26/2025,06/27/2025,RoadRunner,West,Central,West-Central,Road,1550,Warehouse Backlog,Undelivered,1822.28,Economy
SHP005706,04-09-2025,11-Apr-25,04/21/2025,22-04-2025,MetroLogix,South,East,South-East,Road,2360,Warehouse Backlog,Delivered,1712.52,Standard
SHP004705,18-04-2025,21-04-2025,25-04-2025,04/27/2025,ParcelPro,East,North,East-North,Rail,490,Vehicle Issue,Delivered,549.53,Standard
SHP002516,16-06-2025,17-Jun-25,24-Jun-25,06/25/2025,ParcelPro,West,South,West-South,Road,1780,Traffic,Delivered,1545.59,Express
SHP005354,08/31/2025,09-04-2025,14-Sep-25,09/16/2025,ParcelPro,South,West,South-West,Road,2000,Capacity Constraint,Delivered,1612.58,Economy
SHP001502,26-Mar-25,28-03-2025,02-04-2025,04-Apr-25,ParcelPro,West,North,West-North,Air,2340,Weather,Delivered,2955.91,Express
SHP004361,12/14/2025,12/16/2025,12/24/2025,,,South,Central,South-Central,Road,2210,Weather,Cancelled,2490.45,Economy
SHP006123,28-Jan-25,30-01-2025,02-Feb-25,01-Feb-25,MetroLogix,East,South,East-South,Air,1770,,Delivered,4203.17,Standard
SHP005137,16-Sep-25,19-09-2025,25-Sep-25,25-09-2025,SwiftShip,West,Central,West-Central,Road,1300,,Delivered,1008.7,Economy
SHP000897,12-12-2025,12/13/2025,12/17/2025,17-Dec-25,MetroLogix,Central,North,Central-North,Air,280,,Delivered,688.91,Express
SHP000884,26-10-2025,29-Oct-25,01-Nov-25,31-10-2025,RoadRunner,South,Central,South-Central,Air,860,,Delivered,1219.31,Express
SHP004288,29-Sep-25,30-09-2025,03-Oct-25,13-10-2025,MetroLogix,West,Central,West-Central,Road,680,Customs,Delivered,552.79,Economy
SHP006431,02-Dec-25,12-06-2025,12/16/2025,14-Dec-25,RoadRunner,North,Central,North-Central,Road,2270,,Delivered,3239.12,Standard
SHP003149,22-09-2025,23-09-2025,27-09-2025,,ParcelPro,East,West,East-West,Road,1010,Vehicle Issue,In Transit,915.06,Express
SHP001072,12/21/2025,23-Dec-25,28-Dec-25,28-12-2025,RoadRunner,North,West,North-West,Rail,980,,Delivered,749.43,Economy
SHP000669,06-09-2025,12-06-2025,18-Jun-25,25-06-2025,ParcelPro,West,East,West-East,Road,1050,Customs,Delivered,826.55,Express
SHP006179,05-08-2025,10-05-2025,13-May-25,11-05-2025,SwiftShip,South,North,South-North,Air,2000,,Delivered,2880.04,Express
SHP003424,27-Nov-25,11/28/2025,05-Dec-25,05-12-2025,MetroLogix,North,East,North-East,Road,1510,,Delivered,1840.46,Standard
SHP003177,31-Oct-25,03-11-2025,07-Nov-25,11-12-2025,MetroLogix,North,South,North-South,Air,560,Vehicle Issue,Delivered,1117.85,Economy
SHP000815,12-Jan-25,01/13/2025,16-Jan-25,01/21/2025,SkyFreight,South,Central,South-Central,Air,2160,Vehicle Issue,Delivered,5218.83,Express
SHP004652,08/26/2025,08/28/2025,05-Sep-25,04-09-2025,MetroLogix,West,Central,West-Central,Road,1760,,Delivered,1590.4,Standard
SHP005509,26-11-2025,29-Nov-25,12-07-2025,12-07-2025,MetroLogix,North,Central,North-Central,Road,1390,,Delivered,1387.63,Economy
SHP004174,05-06-2025,05-09-2025,05/17/2025,05/20/2025,RoadRunner,South,West,South-West,Road,1490,Vehicle Issue,Delivered,1736.74,Standard
SHP001406,17-05-2025,05/18/2025,21-05-2025,21-05-2025,SkyFreight,South,North,South-North,Air,270,,Delivered,705.61,Express
SHP002001,04-01-2025,01-06-2025,01/14/2025,16-Jan-25,ParcelPro,Central,West,Central-West,Road,1740,Capacity Constraint,Undelivered,1701.61,Standard
SHP004487,08-12-2025,14-08-2025,19-08-2025,21-Aug-25,SwiftShip,West,East,West-East,Rail,1250,Vehicle Issue,Delivered,1201.59,Express
SHP004749,30-Aug-25,31-Aug-25,06-Sep-25,13-Sep-25,MetroLogix,East,South,East-South,Road,1390,Traffic,Delivered,1342.33,Express
SHP003937,28-08-2025,08/31/2025,09-06-2025,11-Sep-25,ParcelPro,East,West,East-West,Road,1510,Warehouse Backlog,Delivered,1475.54,Express
SHP003367,05-04-2025,05-05-2025,09-05-2025,09-May-25,SkyFreight,Central,South,Central-South,Road,1010,,Delivered,1152.91,Standard
SHP001810,06-08-2025,08-08-2025,11-08-2025,11-Aug-25,ParcelPro,West,South,West-South,Air,1360,,Delivered,2623.4,Express
SHP001836,07/18/2025,20-Jul-25,07/27/2025,29-Jul-25,MetroLogix,West,South,West-South, road ,1860,Warehouse Backlog,Delivered,1829.41,Standard
SHP000398,24-10-2025,10/26/2025,28-Oct-25,10/26/2025,ParcelPro,West,South,West-South,Air,950,,Delivered,2219.42,Express
SHP006072,07-11-2025,08-Nov-25,13-Nov-25,13-11-2025,MetroLogix,East,West,East-West,Road,1010,,Delivered,1123.12,Standard
SHP001916,22-04-2025,23-Apr-25,01-05-2025,05-05-2025,MetroLogix,North,South,North-South,Road,1850,Warehouse Backlog,Delivered,2297.94,Standard
SHP005357,12-05-2025,05/13/2025,21-05-2025,25-May-25,RoadRunner,West,North,West-North,Road,2180,Traffic,Delivered,1896.9,Economy
SHP002912,16-Jan-25,01/19/2025,01/27/2025,29-01-2025,RoadRunner,West,Central,West-Central,Road,2170,Warehouse Backlog,Delivered,1715.26,Standard
SHP005183,28-May-25,01-Jun-25,06-08-2025,06/18/2025,SkyFreight,South,East,South-East,Road,1260,Traffic,Delivered,1106.77,Economy
SHP005239,16-05-2025,17-05-2025,05/22/2025,05/26/2025,ParcelPro,North,Central,North-Central,Air,2160,Warehouse Backlog,Delivered,3299.79,Express
SHP001756,31-01-2025,03-Feb-25,12-02-2025,02/14/2025,SkyFreight,North,South,North-South,Road,1650,Customs,Delivered,2392.1,Economy
SHP001033,01/21/2025,01/24/2025,02-Feb-25,04-02-2025,ParcelPro,North,Central,North-Central,Road,2040,Customs,Delivered,2519.32,Economy
SHP001143,05-Aug-25,07-Aug-25,08/17/2025,20-Aug-25,MetroLogix,East,North,East-North,Road,2090,Capacity Constraint,Delivered,1645.63,Express
SHP003875,13-Jun-25,06/15/2025,06/23/2025,06/21/2025,SkyFreight,Central,West,Central-West,Road,1660,,Delivered,1352.66,Economy
SHP005766,12/22/2025,26-Dec-25,12/30/2025,09-Jan-26,SkyFreight,South,West,South-West,Air,980,Capacity Constraint,Delivered,2207.73,Economy
SHP004560,12-Aug-25,14-Aug-25,23-08-2025,27-08-2025,RoadRunner,Central,West,Central-West,Road,1760,Customs,Delivered,1250.97,Express
SHP004307,06-01-2025,08-01-2025,01/15/2025,,ParcelPro,East,West,East-West,Rail,2220,,In Transit,1859.46,Economy
SHP000552,15-Jul-25,17-Jul-25,23-07-2025,,SwiftShip,West,Central,West-Central,Road,1370,Traffic,In Transit,1074.78,Standard
SHP003327,06-05-2025,07-05-2025,09-May-25,05-11-2025,SkyFreight,North,West,North-West,Air,1210,Customs,Delivered,2444.09,Standard
SHP006132,31-Dec-25,01-Jan-26,05-01-2026,05-Jan-26,RoadRunner,East,Central,East-Central,Air,810,,Delivered,1169.75,Economy
SHP000453,17-09-2025,18-Sep-25,09/21/2025,22-09-2025,SkyFreight,South,North,South-North,Air,2070,Capacity Constraint,Delivered,2385.47,Express
SHP004907,22-Nov-25,24-Nov-25,11/28/2025,11/30/2025,RoadRunner,South,North,South-North,Road,660,Warehouse Backlog,Delivered,862.09,Standard
SHP002734,06/15/2025,17-Jun-25,22-Jun-25,23-06-2025,ParcelPro,Central,North,Central-North,Air,2050,Weather,Delivered,4188.96,Express
SHP002695,06/17/2025,19-06-2025,26-06-2025,06-Jul-25,SwiftShip,Central,South,Central-South,Rail,1540,Capacity Constraint,Delivered,1755.93,Express
SHP001471,11/14/2025,11/16/2025,19-11-2025,17-11-2025,RoadRunner,Central,East,Central-East,Road,450,,Delivered,533.89,Economy
SHP001535,21-Jan-25,24-Jan-25,30-Jan-25,01/30/2025,MetroLogix,West,Central,West-Central,Road,1610,,Delivered,1582.78,Express
SHP000425,30-03-2025,02-04-2025,09-04-2025,04-10-2025,ParcelPro,East,West,East-West,Road,1890,Weather,Delivered,2297.73,Express
SHP005033,03-03-2025,05-03-2025,03/14/2025,18-Mar-25,RoadRunner,North,East,North-East,Road,2330,Vehicle Issue,Delivered,2468.35,Standard
SHP002432,26-Oct-25,28-10-2025,11-02-2025,09-Nov-25,SwiftShip,South,West,South-West,Road,630,Weather,Delivered,938.98,Express
SHP005123,13-01-2025,14-01-2025,01/22/2025,22-Jan-25,ParcelPro,North,East,North-East,Road,2230,,Delivered,2607.55,Standard
SHP001635,19-04-2025,21-Apr-25,26-04-2025,01-May-25,SwiftShip,South,Central,South-Central,Rail,1420,Customs,Delivered,1424.71,Express
SHP000417,15-08-2025,17-Aug-25,08/20/2025,19-Aug-25,ParcelPro,South,Central,South-Central,Air,1650,,Undelivered,3988.89,Standard
SHP000788,29-Jul-25,31-Jul-25,08-09-2025,10-Aug-25,MetroLogix,West,Central,West-Central,Road,2090,Capacity Constraint,Delivered,1946.61,Standard
SHP000455,18-12-2025,20-Dec-25,25-Dec-25,25-Dec-25,ParcelPro,North,South,North-South,Road,1060,,Delivered,957.47,Economy
SHP005108,07/27/2025,30-07-2025,04-08-2025,08-07-2025,  SWIFTSHIP  ,Central,North,Central-North,Rail,1670,Warehouse Backlog,Delivered,1075.92,Standard
SHP005652,16-Jun-25,19-06-2025,23-06-2025,03-Jul-25,RoadRunner,North,East,North-East,Rail,520 km,Warehouse Backlog,Delivered,512.63,Economy
SHP001861,30-Dec-25,31-12-2025,03-Jan-26,03-01-2026,ParcelPro,South,West,South-West,Road,280,,Delivered,456.55,Express
SHP000473,16-May-25,05/18/2025,05/26/2025,31-05-2025,ParcelPro,West,North,West-North,Road,1660,Customs,Delivered,1185.56,Economy
SHP002295,08/17/2025,08/20/2025,30-08-2025,09-03-2025,ParcelPro,East,North,East-North,Road,2210,Vehicle Issue,Delivered,3082.82,Standard
SHP006094,05-02-2025,02-09-2025,18-Feb-25,20-Feb-25,SkyFreight,Central,North,Central-North,Road,1800,Customs,Delivered,1780.16,Economy
SHP002305,22-Oct-25,24-10-2025,11-01-2025,31-10-2025,RoadRunner,Central,East,Central-East,Road,1920,,Delivered,2173.68,Express
SHP004324,03-Feb-25,05-02-2025,12-Feb-25,16-02-2025,ParcelPro,Central,East,Central-East,Road,1080,Weather,Delivered,1429.87,Express
SHP005743,08/17/2025,19-Aug-25,24-Aug-25,08/24/2025,ParcelPro,East,West,East-West,Rail,750,,Delivered,558.69,Express
SHP001712,16-Dec-25,18-12-2025,12/21/2025,23-Dec-25,ParcelPro,West,Central,West-Central,Air,320,Capacity Constraint,Delivered,489.95,Standard
SHP004123,16-Mar-25,17-Mar-25,03/20/2025,19-03-2025,ParcelPro,East,North,East-North,Air,830,,Delivered,1324.25,Express
SHP000697,10-05-2025,12-05-2025,05/16/2025,21-05-2025,ParcelPro,North,West,North-West,Air,1230,Capacity Constraint,Delivered,1768.35,Express
SHP000449,04/22/2025,04/23/2025,29-Apr-25,27-04-2025,RoadRunner,West,North,West-North,Road,770,,Delivered,773.27,Standard
SHP004985,03-Sep-25,05-Sep-25,09-11-2025,11-Sep-25,SkyFreight,East,Central,East-Central,Road,850,,Delivered,972.21,Express
SHP002015,04-05-2025,05-May-25,05-08-2025,10-05-2025,RoadRunner,East,North,East-North,Rail,850,Customs,Undelivered,664.93,Standard
SHP005319,16-07-2025,07/18/2025,20-Jul-25,18-Jul-25,MetroLogix,North,Central,North-Central,Road,270,,Delivered,365.11,Economy
SHP004434,28-Nov-25,01-Dec-25,05-Dec-25,04-12-2025,SkyFreight,Central,West,Central-West,Road,370,,Delivered,529.77,Standard
SHP003878,09-11-2025,12-Sep-25,20-09-2025,18-Sep-25,SkyFreight,East,North,East-North,Road,1500,,Delivered,1590.41,Standard
SHP006046,05-08-2025,09-05-2025,05-11-2025,11-May-25,RoadRunner,Central,East,Central-East,Air,620,,Delivered,1088.52,Standard
SHP003710,08-Nov-25,11-12-2025,22-Nov-25,21-11-2025,SkyFreight,West,North,West-North,Road,2220,,Delivered,3051.44,Express
SHP003361,17-08-2025,20-Aug-25,24-Aug-25,24-08-2025,MetroLogix,Central,West,Central-West,Air,1140,,Delivered,2744.47,Express
SHP003683,12-10-2025,11-12-2025,20-12-2025,20-Dec-25,ParcelPro,West,North,West-North,Road,1980,,Delivered,2243.8,Economy
SHP002493,03-Aug-25,05-Aug-25,08-08-2025,08-07-2025,ParcelPro,Central,East,Central-East,Air,370,,Delivered,569.36,Standard
SHP000025,05/23/2025,05/25/2025,27-May-25,30-05-2025,MetroLogix,Central,South,Central-South,Road,190,Warehouse Backlog,Delivered,228.95,Express
SHP004363,16-Jan-25,19-01-2025,01/30/2025,30-01-2025,ParcelPro,West,Central,West-Central,Road,2390,,Delivered,2365.62,Standard
SHP001596,01-Dec-25,12-04-2025,10-12-2025,11-12-2025,SwiftShip,East,North,East-North,Rail,1080,Warehouse Backlog,Delivered,1135.07,Standard
SHP003944,02-Feb-25,04-Feb-25,02-09-2025,,ParcelPro,West,East,West-East,Air,1930,,In Transit,4265.93,Express
SHP003341,05/14/2025,15-May-25,05/18/2025,21-05-2025,SwiftShip,North,West,North-West,Air,1160,Warehouse Backlog,Delivered,2612.91,Express
SHP000736,06/27/2025,06/29/2025,06-Jul-25,07-04-2025,SkyFreight,West,Central,West-Central,Road,1870,,Delivered,1390.78,Express
SHP001453,12/14/2025,15-12-2025,25-12-2025,28-Dec-25,SwiftShip,Central,East,Central-East,Road,2290,Traffic,Delivered,2456.15,Express
SHP000379,28-12-2025,30-Dec-25,02-Jan-26,06-Jan-26,MetroLogix,North,West,North-West,Rail,150,Vehicle Issue,Delivered,249.93,Express
SHP006302,04-02-2025,06-02-2025,08-02-2025,,RoadRunner,South,Central,South-Central,Air,660,Customs,Cancelled,1434.23,Express
SHP001799,11/14/2025,16-Nov-25,20-11-2025,11/20/2025,MetroLogix,Central,West,Central-West,Air,980,,Delivered,1646.75,Express
SHP002942,22-04-2025,25-04-2025,04/28/2025,04/27/2025,MetroLogix,South,North,South-North,Air,1140,,Delivered,1808.74,Standard
SHP001253,11-10-2025,11-11-2025,19-Nov-25,11/19/2025,MetroLogix,Central,West,Central-West,Road,1920,,Delivered,2600.99,Economy
SHP002582,14-Apr-25,16-04-2025,21-Apr-25,25-Apr-25,MetroLogix,West,South,West-South,Rail,920,Traffic,Undelivered,656.49,Express
SHP004233,07/13/2025,15-Jul-25,25-07-2025,07/26/2025,ParcelPro,North,Central,North-Central,Road,2170,Customs,Delivered,3017.6,Economy
SHP004486,03-08-2025,04-08-2025,08-08-2025,06-Aug-25,ParcelPro,East,Central,East-Central,Air,370,,Delivered,798.88,Standard
SHP001480,18-Apr-25,04/20/2025,27-Apr-25,27-Apr-25,SwiftShip,South,West,South-West,Road,"1,070 km",,Delivered,1382.35,Economy
SHP003145,17-01-2025,19-Jan-25,01/21/2025,26-01-2025,SkyFreight,South,Central,South-Central,Air,880,Traffic,Delivered,2000.96,Express
SHP003381,10/14/2025,17-Oct-25,20-Oct-25,21-Oct-25,ParcelPro,East,West,East-West,Air,250,Vehicle Issue,Delivered,500.46,Standard
SHP002561,17-Aug-25,19-Aug-25,24-Aug-25,25-Aug-25,MetroLogix,East,South,East-South,Road,640,Traffic,Delivered,856.15,Economy
SHP005855,07-Jul-25,07-09-2025,17-07-2025,17-07-2025,ParcelPro,South,East,South-East,Road,1450,,Delivered,1120.24,Standard
SHP001386,08-10-2025,09-10-2025,10/15/2025,10/13/2025,RoadRunner,Central,North,Central-North,Road,1400,,Delivered,1203.86,Standard
SHP002951,03-12-2025,12-05-2025,09-Dec-25,12-09-2025,RoadRunner,East,West,East-West,Air,160,,Delivered,429.19,Standard
SHP000732,28-12-2025,31-Dec-25,06-01-2026,04-01-2026,MetroLogix,North,West,North-West, air ,2360,,Delivered,4462.11,Express
SHP002915,10-Mar-25,03/13/2025,19-03-2025,19-03-2025,SwiftShip,East,South,East-South,Rail,1750,,Delivered,1450.4,Economy
SHP005813,21-Jan-25,01/23/2025,01/26/2025,02-05-2025,MetroLogix,West,East,West-East,Air,1000,Capacity Constraint,Delivered,1207.48,Express
SHP003701,02/22/2025,26-02-2025,02-03-2025,04-03-2025,ParcelPro,East,Central,East-Central,Road,890,Customs,Delivered,992.1,Economy
SHP005930,01-Feb-25,02-03-2025,09-Feb-25,02-08-2025,  ROADRUNNER  ,South,Central,South-Central,Road,1200,,Delivered,1628.48,Standard
SHP005807,28-02-2025,03-01-2025,08-Mar-25,12-Mar-25,SwiftShip,East,South,East-South,Road,1500,Weather,Delivered,1240.73,Standard
SHP003650,09/30/2025,10-02-2025,09-Oct-25,10-10-2025,SwiftShip,North,South,North-South,Road,1120,Traffic,Delivered,1632.12,Express
SHP002503,10/14/2025,17-Oct-25,10/21/2025,23-10-2025,SkyFreight,North,West,North-West,Air,270,Traffic,Delivered,570.67,Express
SHP000220,03/30/2025,04-01-2025,04-11-2025,,SwiftShip,West,Central,West-Central,Road,2370,Warehouse Backlog,In Transit,1666.46,Express
SHP002104,02/25/2025,02/27/2025,03-05-2025,09-Mar-25,ParcelPro,East,South,East-South,Road,1040,Traffic,Delivered,858.84,Standard
SHP005527,28-Sep-25,30-09-2025,05-Oct-25,07-10-2025,MetroLogix,West,South,West-South,Road,1340,Vehicle Issue,Delivered,1312.57,Express
SHP002443,03/13/2025,03/14/2025,16-03-2025,03/15/2025,MetroLogix,West,North,West-North,Rail,370,,Delivered,363.31,Express
SHP004415,06/26/2025,06/27/2025,03-Jul-25,07-01-2025,MetroLogix,Central,South,Central-South,Road,1270,,Delivered,1440.63,Express
SHP001546,07-08-2025,08-11-2025,16-Aug-25,16-Aug-25,SkyFreight,East,West,East-West,Road,460,,Delivered,460.87,Express
SHP005032,19-Jun-25,06/22/2025,28-06-2025,27-Jun-25,SkyFreight,Central,West,Central-West,Rail,1290,,Delivered,895.2,Express
SHP000706,08/13/2025,14-Aug-25,23-08-2025,27-Aug-25,RoadRunner,East,South,East-South,Road,2390,Weather,Delivered,1781.17,Express
SHP000005,12/16/2025,18-12-2025,21-12-2025,21-Dec-25,MetroLogix,Central,West,Central-West,Air,530,,Delivered,824.05,Standard
SHP005310,08-10-2025,09-10-2025,16-10-2025,,ParcelPro,North,East,Unknown-Route,Rail,1640,Vehicle Issue,Cancelled,1454.72,Express
SHP001839,03-07-2025,04-07-2025,12-07-2025,12-07-2025,ParcelPro,Central,South,Central-South,Road,2150,,Delivered,1950.96,Economy
SHP002717,08-02-2025,08-03-2025,08-06-2025,08-05-2025,MetroLogix,North,South,North-South,Air,970,,Delivered,1371.04,Standard
SHP005941,29-Jul-25,02-Aug-25,05-08-2025,06-Aug-25,SwiftShip,Central,West,Central-West,Road,220,Traffic,Delivered,354.16,Standard
SHP003126,09/23/2025,26-Sep-25,30-Sep-25,02-Oct-25,SkyFreight,West,South,West-South,Air,1230,Customs,Delivered,2130.49,Express
SHP006115,23-Jul-25,27-Jul-25,03-08-2025,02-Aug-25,RoadRunner,Central,South,Central-South,Road,1660,,Delivered,1647.92,Express
SHP002480,20-10-2025,21-10-2025,29-Oct-25,02-Nov-25,SwiftShip,North,South,North-South,Road,2160,Vehicle Issue,Delivered,2101.28,Economy
SHP003125,12-Nov-25,11/13/2025,20-Nov-25,11/20/2025,SkyFreight,West,Central,West-Central,Road,1810,,Delivered,2112.15,Economy
SHP005181,01/23/2025,01/24/2025,01/28/2025,31-01-2025,MetroLogix,West,North,West-North,Air,750,Traffic,Delivered,1650.07,Standard
SHP000839,06-Jan-25,01-08-2025,17-01-2025,17-01-2025,MetroLogix,Central,North,Central-North,Road,1720,,Delivered,1906.22,Standard
SHP002941,26-Apr-25,28-Apr-25,01-May-25,06-May-25,MetroLogix,South,North,South-North,Air,830,Weather,Delivered,1812.43,Economy
SHP005188,14-07-2025,07/17/2025,22-07-2025,07/24/2025,RoadRunner,Central,West,Central-West,Air,1690,Capacity Constraint,Undelivered,3135.73,Express
SHP001420,04/28/2025,04/29/2025,02-05-2025,09-May-25,MetroLogix,Central,West,Central-West,Rail,920,Warehouse Backlog,Delivered,680.37,Express
SHP004346,18-01-2025,20-Jan-25,27-Jan-25,28-01-2025,SwiftShip,East,Central,East-Central,Road,1770,Traffic,Delivered,1726.44,Express
SHP001514,12-09-2025,14-09-2025,09/19/2025,24-09-2025,SkyFreight,West,South,West-South,Air,2030,Vehicle Issue,Delivered,4685.85,Economy
SHP002638,09/27/2025,29-09-2025,02-Oct-25,30-09-2025,SkyFreight,Central,East,Central-East,Air,1530,,Delivered,1963.27,Express
SHP001279,12-09-2025,12-Dec-25,16-Dec-25,17-12-2025,ParcelPro,West,Central,West-Central,Air,1970,Customs,Delivered,3108.85,Standard
SHP003512,27-Jun-25,28-Jun-25,07-04-2025,09-Jul-25,RoadRunner,West,East,West-East,Rail,1850,Customs,Delivered,1078.7,Economy
SHP005712,01-Nov-25,03-Nov-25,07-11-2025,,SkyFreight,Central,East,Central-East,Air,1550,Traffic,In Transit,3626.62,Economy
SHP003119,23-07-2025,07/24/2025,02-Aug-25,,ParcelPro,South,Central,South-Central,Road,1910,,Cancelled,1506.71,Standard
SHP002655,15-02-2025,18-02-2025,02/23/2025,22-02-2025,SkyFreight,West,East,West-East,Rail,970,,Delivered,700.77,Express
SHP002527,24-Apr-25,04/26/2025,05-03-2025,05-10-2025,MetroLogix,Central,South,Central-South,Road,1740,Weather,Undelivered,2136.66,Standard
SHP006053,07/27/2025,07/28/2025,06-Aug-25,16-08-2025,RoadRunner,Central,East,Central-East,Road,2260,Traffic,Delivered,2185,Standard
SHP006300,01-07-2025,02-Jul-25,04-Jul-25,11-07-2025,RoadRunner,East,West,East-West,Air,1280,Capacity Constraint,Delivered,2637.52,Standard
SHP005674,09-Feb-25,02-12-2025,15-02-2025,02/15/2025,ParcelPro,West,North,West-North,Road,420,,Delivered,429.84,Economy
SHP000941,08-10-2025,11-Aug-25,20-Aug-25,20-Aug-25,SwiftShip,North,Central,North-Central,Road,1970,,Delivered,2711.34,Express
SHP006338,01-09-2025,02-Sep-25,09-04-2025,09-02-2025,ParcelPro,West,Central,West-Central,Air,690,,Delivered,1456.31,Economy
SHP001714,03/22/2025,03/24/2025,27-Mar-25,,SwiftShip,East,North,East-North,Road,410,Capacity Constraint,In Transit,372.93,Express
SHP005037,02-Oct-25,03-10-2025,07-10-2025,,ParcelPro,Central,West,Central-West,Road,300,Traffic,In Transit,287.31,Economy
SHP004578,05-09-2025,08-09-2025,11-09-2025,09/16/2025,MetroLogix,South,North,South-North,Rail,170,Traffic,Delivered,200.9,Economy
SHP004757,20-06-2025,21-Jun-25,06/25/2025,25-06-2025,SwiftShip,West,North,West-North,Rail,1230,,Delivered,1205.34,Standard
SHP003098,02-01-2025,04-Feb-25,12-02-2025,10-Feb-25,ParcelPro,South,East,South-East,Road,1980,,Delivered,1778.08,Standard
SHP004993,10/30/2025,01-Nov-25,06-Nov-25,06-11-2025,SwiftShip,North,East,North-East,Road,1110,,Delivered,1117.99,Economy
SHP001516,10/22/2025,24-Oct-25,10/29/2025,29-10-2025,SkyFreight,South,North,South-North,Air,1590,,Delivered,3373.55,Economy
SHP005995,09/19/2025,21-Sep-25,27-Sep-25,10-01-2025,ParcelPro,South,Central,South-Central,Rail,1300,Capacity Constraint,Delivered,1147.78,Standard
SHP001212,06-02-2025,04-06-2025,10-Jun-25,09-Jun-25,ParcelPro,Central,East,Central-East,Road,1470,,Delivered,1642.19,Express
SHP001591,02/26/2025,28-02-2025,03-02-2025,05-Mar-25,MetroLogix,South,East,South-East,Rail,550,Weather,Delivered,445.26,Standard
SHP005176,01-02-2025,04-01-2025,01/13/2025,16-Jan-25,,North,East,North-East,Road,2030,Weather,Delivered,2900.35,Standard
SHP000345,29-11-2025,12-02-2025,09-Dec-25,09-Dec-25,SwiftShip,West,East,West-East,Road,1270,,Delivered,1498.5,Express
SHP005512,09-Apr-25,04-11-2025,14-04-2025,19-04-2025,RoadRunner,East,North,East-North,Air,1070,Customs,Delivered,1477.49,Express
SHP003079,16-09-2025,09/19/2025,27-09-2025,27-09-2025,SwiftShip,West,East,West-East,Rail,1980,,Delivered,2060.83,Economy
SHP000114,01/24/2025,27-01-2025,31-Jan-25,01-Feb-25,ParcelPro,Central,North,Central-North,Air,1180,Warehouse Backlog,Delivered,2833.18,Express
SHP000347,01-02-2025,01-04-2025,01-12-2025,14-Jan-25,SkyFreight,North,East,North-East,Road,1390,Traffic,Delivered,1681,Standard
SHP000217,22-Jul-25,07/25/2025,29-07-2025,31-07-2025,SwiftShip,East,North,East-North,Rail,1260,Traffic,Delivered,1040.89,Economy
SHP005001,01/20/2025,23-Jan-25,02-02-2025,03-Feb-25,MetroLogix,East,North,East-North,Road,1960,Traffic,Delivered,1467.97,Express
SHP002057,22-02-2025,24-02-2025,02/28/2025,03-03-2025,SkyFreight,Central,North,Central-North,Road,1010,Warehouse Backlog,Delivered,1318.26,Standard
SHP004228,26-Dec-25,27-12-2025,01-04-2026,01-04-2026,MetroLogix,East,West,East-West,Road,1520,,Delivered,2199.65,Express
SHP005409,01/19/2025,21-Jan-25,30-01-2025,06-02-2025,SkyFreight,Central,West,Central-West,Road,1880,Warehouse Backlog,Delivered,1872.75,Economy
SHP005491,01-03-2025,04-Jan-25,07-01-2025,10-01-2025,SwiftShip,East,West,East-West,Air,1610,Weather,Delivered,2782.33,Express
SHP002135,07/28/2025,30-Jul-25,08-09-2025,08-09-2025,SwiftShip,Central,South,Central-South,Road,2050,,Delivered,2192.72,Standard
SHP004319,21-Jul-25,24-07-2025,07/31/2025,30-07-2025,MetroLogix,Central,West,Central-West,Road,1770,,Delivered,2505.85,Economy
SHP003521,19-Jun-25,06/21/2025,25-06-2025,25-06-2025,ParcelPro,Central,South,Central-South,Rail,800,,Delivered,836.24,Economy
SHP006469,01-08-2025,10-Jan-25,14-01-2025,16-01-2025,SkyFreight,Central,East,Central-East,Air,480,Traffic,Delivered,927.34,Express
SHP003722,13-11-2025,17-Nov-25,19-Nov-25,11/19/2025,SkyFreight,East,Central,East-Central,Road,150,,Delivered,221.67,Standard
SHP004982,26-10-2025,27-Oct-25,03-Nov-25,11-04-2025,ParcelPro,North,West,North-West,Road,1160,Warehouse Backlog,Delivered,1112.56,Express
SHP005994,29-04-2025,01-05-2025,05-May-25,05-May-25,MetroLogix,North,South,North-South,Air,290,,Delivered,452.09,Economy
SHP001844,01/15/2025,17-Jan-25,01/19/2025,23-Jan-25,MetroLogix,East,North,East-North,Rail,550,Weather,Delivered,680.57,Express
SHP006204,14-09-2025,15-09-2025,09/19/2025,21-Sep-25,SwiftShip,North,West,North-West,Air,160,Weather,Delivered,450.65,Economy
SHP005052,07/16/2025,18-Jul-25,21-Jul-25,21-07-2025,RoadRunner,East,West,East-West,Air,1260,,Delivered,1541.65,Express
SHP006495,06-08-2025,11-06-2025,06/20/2025,06/24/2025,SkyFreight,North,West,North-West,Road,2400,Vehicle Issue,Delivered,2799.15,Economy
SHP001393,08/30/2025,31-Aug-25,09-08-2025,12-09-2025,SwiftShip,North,South,North-South,Road,2090,Weather,Delivered,1815.62,Economy
SHP002050,22-06-2025,06/26/2025,03-Jul-25,07-10-2025,SkyFreight,West,North,West-North,Rail,1830,Capacity Constraint,Delivered,1508.65,Economy
SHP000023,28-Jul-25,01-08-2025,08-07-2025,,ParcelPro,West,North,West-North,Rail,2190,Customs,In Transit,2228.11,Standard
SHP001075,22-09-2025,24-Sep-25,09/30/2025,07-10-2025,MetroLogix,South,East,South-East,Road,1460,Warehouse Backlog,Delivered,1800.57,Express
SHP002554,25-Jan-25,26-Jan-25,30-01-2025,,RoadRunner,East,West,East-West,Air,1630,Weather,In Transit,3199.51,Economy
SHP001990,01-03-2025,01-04-2025,08-Jan-25,01/18/2025,MetroLogix,Central,West,Central-West,Rail,660,Vehicle Issue,Delivered,494.89,Standard
SHP002225,08/30/2025,01-09-2025,09-05-2025,05-Sep-25,SwiftShip,East,Central,East-Central,Air,750,,Delivered,1870.42,Standard
SHP000647,29-May-25,01-Jun-25,03-Jun-25,06-06-2025,SkyFreight,West,North,West-North,Road,410,Customs,Delivered,635.71,Express
SHP001959,08/13/2025,16-Aug-25,21-Aug-25,08/20/2025,ParcelPro,East,North,East-North,Air,1500,,Delivered,2313.68,Express
SHP000573,03/16/2025,03/19/2025,26-Mar-25,26-Mar-25,RoadRunner,East,South,East-South, road ,1880,,Delivered,2480.45,Express
SHP004544,23-Jan-25,27-Jan-25,02-02-2025,02-Feb-25,MetroLogix,Central,East,Central-East,Road,860,,Delivered,942.68,Economy
SHP003288,27-Mar-25,28-Mar-25,04-02-2025,03/31/2025,SkyFreight,South,East,South-East,Rail,1690,,Delivered,1174.61,Express
SHP001627,17-07-2025,19-07-2025,07/25/2025,04-Aug-25,MetroLogix,South,North,South-North,Road,870,Warehouse Backlog,Delivered,895.36,Express
SHP001466,09-11-2025,10-11-2025,11/16/2025,11/15/2025,  ROADRUNNER  ,South,East,South-East,Road,770,,Delivered,1107.49,Standard
SHP004375,10-Nov-25,12-Nov-25,15-11-2025,11/17/2025,SkyFreight,North,East,North-East,Air,1360,Vehicle Issue,Delivered,2086.82,Express
SHP003716,01-11-2025,04-Nov-25,11-08-2025,15-Nov-25,MetroLogix,South,East,South-East,Road,950,Vehicle Issue,Undelivered,1011.41,Standard
SHP005388,19-10-2025,10/21/2025,10/25/2025,24-10-2025,SwiftShip,North,South,North-South,Road,850,,Delivered,1205.06,Express
SHP006420,22-Mar-25,03/23/2025,30-Mar-25,03/29/2025,MetroLogix,East,West,East-West,Road,1900,,Delivered,2086.71,Standard
SHP003874,01-12-2025,13-01-2025,01/15/2025,15-01-2025,MetroLogix,North,East,North-East,Road,320,,Delivered,377.04,Express
SHP001104,10/31/2025,11-02-2025,09-Nov-25,11-Nov-25,ParcelPro,Central,East,Central-East,Road,1740,Capacity Constraint,Delivered,2473.95,Standard
SHP005079,04-Mar-25,07-03-2025,03-10-2025,08-03-2025,MetroLogix,North,West,North-West,Road,400,,Delivered,520.15,Standard
SHP001388,16-12-2025,18-Dec-25,22-12-2025,25-12-2025,MetroLogix,East,Central,East-Central,Air,740,Capacity Constraint,Delivered,992.09,Express
SHP006056,09-04-2025,10-04-2025,04/13/2025,11-Apr-25,SwiftShip,West,South,West-South,Road,300,,Delivered,443.7,Standard
SHP002473,29-May-25,05/31/2025,03-06-2025,01-06-2025,ParcelPro,West,Central,West-Central,Road,630,,Delivered,721.14,Economy
SHP005366,08-11-2025,15-08-2025,18-08-2025,08/23/2025,MetroLogix,West,North,West-North,Road,450,Customs,Delivered,630.49,Standard
SHP003489,01-01-2025,02-Jan-25,11-Jan-25,13-01-2025,MetroLogix,North,Central,North-Central,Road,1840,Vehicle Issue,Delivered,1483.37,Economy
SHP005336,09-08-2025,09-09-2025,09/15/2025,15-Sep-25,SkyFreight,West,Central,West-Central,Road,1360,,Delivered,1598.15,Express
SHP002906,08/27/2025,08/29/2025,09-03-2025,03-09-2025,SkyFreight,South,East,South-East,Road,880,,Delivered,702.2,Economy
SHP002843,07/22/2025,07/24/2025,29-07-2025,27-Jul-25,RoadRunner,East,North,East-North,Rail,1340,,Delivered,1302.65,Standard
SHP001943,18-Aug-25,22-08-2025,26-08-2025,08/26/2025,SwiftShip,Central,West,Central-West,Air,2060,,Delivered,3220.28,Express
SHP005653,29-07-2025,31-Jul-25,05-Aug-25,05-Aug-25,ParcelPro,Central,East,Central-East,Road,680,,Delivered,982.58,Economy
SHP004947,21-Apr-25,24-Apr-25,01-May-25,02-May-25,SwiftShip,West,North,West-North,Rail,1430,Weather,Delivered,1303.29,Economy
SHP006071,19-Jan-25,21-Jan-25,01/27/2025,01/27/2025,SkyFreight,East,North,East-North,Road,1380,,Delivered,1193.35,Economy
SHP000719,13-Jul-25,16-Jul-25,19-Jul-25,24-Jul-25,SkyFreight,East,North,East-North,Air,1780,Vehicle Issue,Undelivered,4321.44,Express
SHP005565,08/27/2025,28-Aug-25,03-Sep-25,02-09-2025,MetroLogix,East,West,East-West,Road,1050,,Delivered,1032.16,Standard
SHP001969,03/21/2025,23-03-2025,03/27/2025,27-Mar-25,  PARCELPRO  ,North,South,North-South,Road,670,,Delivered,980.84,Standard
SHP002871,22-07-2025,24-07-2025,31-07-2025,08-10-2025,SkyFreight,North,West,North-West,Road,1330,Vehicle Issue,Delivered,1177.53,Express
SHP004422,01/29/2025,31-Jan-25,07-Feb-25,12-02-2025,SkyFreight,Central,North,Central-North,Road,1480,Customs,Delivered,1802.27,Express
SHP003189,09-Jul-25,07-12-2025,16-Jul-25,16-07-2025,MetroLogix,South,North,South-North,Air,440,,Delivered,916.58,Standard
SHP002847,11-Jan-25,12-01-2025,01/16/2025,01/16/2025,SwiftShip,West,East,West-East,Road,1010,,Delivered,1310.18,Express
SHP004533,16-Mar-25,17-Mar-25,23-03-2025,03/25/2025,ParcelPro,West,South,West-South,Road,1000,Warehouse Backlog,Delivered,1045.82,Standard
SHP004203,07/19/2025,07/23/2025,07/28/2025,07/28/2025,RoadRunner,South,West,South-West,Road,490,,Delivered,706.9,Express
SHP001942,06-07-2025,08-07-2025,12-Jul-25,12-Jul-25,RoadRunner,West,East,West-East,Air,1020,,Delivered,-100,Standard
SHP003289,20-Jul-25,23-07-2025,30-Jul-25,08-04-2025,MetroLogix,South,West,South-West,Road,1730,Capacity Constraint,Delivered,2310.03,Standard
SHP002968,05-06-2025,05-08-2025,05-12-2025,12-05-2025,ParcelPro,North,South,North-South,Air,1750,,Delivered,2554.79,Standard
SHP005763,18-Feb-25,02/21/2025,28-02-2025,28-02-2025,SwiftShip,North,East,North-East,Rail,2300,,Delivered,2046.7,Express
SHP003656,29-05-2025,05/30/2025,06-Jun-25,06-Jun-25,MetroLogix,East,West,East-West,Rail,1810,,Delivered,1705.03,Economy
SHP001603,31-03-2025,04-01-2025,10-Apr-25,10-04-2025,SwiftShip,Central,West,Central-West,Road,2050,,Delivered,2458.3,Economy
SHP004618,27-08-2025,30-08-2025,07-Sep-25,09-05-2025,ParcelPro,Central,East,Central-East,Road,1550,,Delivered,1557.29,Express
SHP002899,02-05-2025,07-02-2025,02/14/2025,14-02-2025,RoadRunner,East,North,East-North,Rail,1940,,Delivered,2117.34,Express
SHP005373,01-Jun-25,04-Jun-25,07-Jun-25,17-06-2025,MetroLogix,West,North,West-North,Air,1900,Warehouse Backlog,Delivered,3627.35,Standard
SHP001665,11-06-2025,08-Nov-25,14-11-2025,11/18/2025,ParcelPro,Central,North,Central-North,Road,1610,Customs,Delivered,2022.14,Economy
SHP005983,29-03-2025,01-04-2025,08-Apr-25,04-09-2025,RoadRunner,West,East,West-East,Road,1600,Vehicle Issue,Delivered,1737.47,Economy
SHP000475,12/23/2025,27-12-2025,12/30/2025,30-12-2025,SkyFreight,East,North,East-North,Air,1780,,Delivered,2252.29,Express
SHP005068,04-04-2025,04-05-2025,04-09-2025,04-11-2025,MetroLogix,Central,East,Central-East,Air,670,Vehicle Issue,Delivered,1114.95,Standard
SHP000560,07/30/2025,02-08-2025,04-08-2025,11-08-2025,MetroLogix,East,West,East-West,Air,1000,Warehouse Backlog,Delivered,2453.46,Standard
SHP000994,08-04-2025,10-04-2025,04/14/2025,04/14/2025,ParcelPro,South,East,South-East,Air,2110,,Delivered,2957.21,Standard
SHP002785,08-Apr-25,10-Apr-25,18-04-2025,20-Apr-25,ParcelPro,Central,South,Central-South,Road,2180,Weather,Delivered,2825.63,Economy
SHP001575,14-Apr-25,17-Apr-25,20-Apr-25,04/24/2025,MetroLogix,South,Central,South-Central,Road,380,Capacity Constraint,Delivered,608.01,Standard
SHP004132,19-Jan-25,21-Jan-25,27-01-2025,27-Jan-25,ParcelPro,West,Central,West-Central,Rail,1760,,Delivered,1644.87,Standard
SHP003247,09/13/2025,15-09-2025,22-09-2025,02-10-2025,MetroLogix,Central,West,Central-West,Road,1360,Capacity Constraint,Undelivered,1992.61,Express
SHP005974,04-Jan-25,06-Jan-25,01/14/2025,13-01-2025,SwiftShip,East,Central,East-Central,Road,1830,,Delivered,1971.1,Express
SHP004530,02-11-2025,03-11-2025,10-Nov-25,11-11-2025,RoadRunner,Central,South,Central-South,Road,1940,Customs,Delivered,2008.41,Express
SHP005417,22-Aug-25,23-08-2025,28-08-2025,,SwiftShip,Central,South,Central-South,Rail,1680,Warehouse Backlog,In Transit,1347.4,Economy
SHP005153,26-09-2025,09/28/2025,05-10-2025,,MetroLogix,North,South,North-South,Road,1890,Weather,In Transit,2314.73,Economy
SHP001702,07-Oct-25,09-Oct-25,18-10-2025,17-Oct-25,SwiftShip,West,East,West-East,Road,1800,,Delivered,2259.31,Economy
SHP006177,02-12-2025,05-12-2025,10-12-2025,10-Dec-25,RoadRunner,South,East,South-East,Air,1630,,Delivered,3513.26,Standard
SHP005715,13-02-2025,15-Feb-25,19-02-2025,02/20/2025,ParcelPro,South,North,South-North,Air,1600,Customs,Delivered,2394.05,Standard
SHP002925,14-Jun-25,06/16/2025,24-06-2025,,MetroLogix,East,West,East-West,Rail,2110,Weather,In Transit,2339.61,Standard
SHP006456,03-04-2025,05-04-2025,08-04-2025,04-09-2025,SkyFreight,East,South,East-South,Air,400,Customs,Delivered,994.9,Economy
SHP005602,15-10-2025,17-10-2025,25-10-2025,10/27/2025,ParcelPro,West,East,West-East,Road,2100,Warehouse Backlog,Delivered,3029.68,Economy
SHP006266,27-09-2025,30-Sep-25,10-06-2025,09-10-2025,ParcelPro,East,West,East-West,Road,1370,Traffic,Delivered,1381.78,Economy
SHP004290,16-12-2025,19-Dec-25,12/21/2025,12/19/2025,ParcelPro,South,North,South-North,Rail,360,,Delivered,310.11,Economy
SHP002855,02/17/2025,19-Feb-25,26-02-2025,01-03-2025,MetroLogix,West,North,West-North,Road,1590,Weather,Delivered,1586.63,Express
SHP001363,02-11-2025,04-Nov-25,09-Nov-25,11-Nov-25,SkyFreight,Central,North,Central-North,Road,490,Capacity Constraint,Delivered,414.39,Standard
